employee_id,department,region,education,gender,recruitment_channel,no_of_trainings,age,previous_year_rating,length_of_service,KPIs_met_more_than_80,awards_won,avg_training_score
72934,Operations,region_27,Bachelors,f,other,2,28,3.0,3,1,0,60
22635,Sales & Marketing,region_3,Bachelors,m,other,1,27,1.0,2,0,0,53
49568,Sales & Marketing,region_8,Bachelors,m,sourcing,1,27,5.0,2,1,0,53
47552,Analytics,region_7,Masters & above,m,sourcing,1,34,3.0,3,1,0,80
45429,Operations,region_19,Bachelors,m,sourcing,1,28,5.0,6,1,0,61
26913,Sales & Marketing,region_17,Masters & above,m,other,2,35,1.0,7,0,0,45
70658,Operations,region_15,Masters & above,m,sourcing,2,38,4.0,5,0,0,59
60587,Sales & Marketing,region_19,Bachelors,m,other,1,31,3.0,7,1,0,52
64861,Legal,region_5,Bachelors,m,other,1,28,5.0,2,0,0,58
58839,HR,region_22,Masters & above,m,other,1,31,2.0,4,0,0,49
36101,Sales & Marketing,region_31,Bachelors,m,sourcing,1,30,5.0,3,0,0,48
9068,Sales & Marketing,region_22,Bachelors,m,other,1,42,4.0,11,0,0,52
74872,Technology,region_2,Bachelors,m,sourcing,1,36,4.0,3,1,0,80
59640,Operations,region_15,Bachelors,f,sourcing,1,37,4.0,10,0,0,59
14323,Sales & Marketing,region_16,Bachelors,m,sourcing,1,29,3.0,6,0,0,54
8332,Sales & Marketing,region_22,Bachelors,m,sourcing,1,37,4.0,10,0,0,52
8055,Sales & Marketing,region_15,Masters & above,m,sourcing,1,31,5.0,3,1,0,48
6493,Operations,region_2,Masters & above,f,other,1,48,3.0,13,0,0,62
20983,Sales & Marketing,region_2,Bachelors,m,other,1,28,3.0,2,0,0,46
32884,Sales & Marketing,region_2,Masters & above,m,other,2,36,4.0,9,1,0,47
36575,Analytics,region_2,,m,other,1,26,3.0,2,0,0,80
22316,Sales & Marketing,region_2,Masters & above,m,sourcing,2,34,4.0,9,1,0,51
78279,Operations,region_31,Masters & above,m,sourcing,1,37,5.0,7,1,0,57
47570,Analytics,region_22,Bachelors,m,other,1,26,,1,0,0,83
32582,Analytics,region_11,Bachelors,m,sourcing,1,38,5.0,4,1,0,87
60436,Operations,region_22,Bachelors,f,sourcing,1,28,1.0,5,0,0,72
23323,Sales & Marketing,region_24,Masters & above,m,other,1,31,3.0,4,1,0,52
18724,Sales & Marketing,region_22,Bachelors,m,sourcing,1,22,,1,0,0,54
67183,Finance,region_2,Bachelors,f,sourcing,1,43,3.0,14,0,0,60
55271,Finance,region_15,Bachelors,m,sourcing,1,27,,1,0,0,57
17265,Sales & Marketing,region_26,Bachelors,m,other,1,39,3.0,3,0,0,49
58296,Procurement,region_22,Bachelors,m,sourcing,3,29,5.0,3,1,0,65
75884,Operations,region_27,Masters & above,m,sourcing,1,42,5.0,6,0,0,59
28427,Analytics,region_7,Bachelors,m,sourcing,1,40,5.0,14,1,0,82
11945,Procurement,region_7,Bachelors,m,other,1,30,5.0,2,0,0,67
73141,Sales & Marketing,region_2,Bachelors,m,other,1,45,5.0,17,1,0,50
34696,Sales & Marketing,region_32,Bachelors,m,other,1,34,5.0,9,0,0,51
8112,Procurement,region_29,Bachelors,m,other,2,36,3.0,5,1,0,69
46147,Sales & Marketing,region_20,Bachelors,f,other,1,29,3.0,5,0,0,50
23149,Sales & Marketing,region_7,Masters & above,m,other,1,41,1.0,5,1,0,49
572,HR,region_2,Bachelors,m,sourcing,1,48,3.0,8,0,0,45
44715,Analytics,region_2,Bachelors,m,sourcing,1,29,,1,1,1,80
2061,Operations,region_2,Bachelors,f,other,2,43,3.0,5,1,0,60
39397,Sales & Marketing,region_4,Masters & above,m,other,2,35,4.0,5,0,0,59
60592,Operations,region_7,Masters & above,f,other,1,41,3.0,5,1,0,54
66698,Sales & Marketing,region_2,Bachelors,m,other,1,20,,1,0,0,48
45598,Legal,region_2,Bachelors,f,other,1,27,3.0,2,1,0,61
29571,Operations,region_15,Masters & above,m,other,1,46,5.0,14,1,0,57
72319,Operations,region_19,Bachelors,m,sourcing,2,42,4.0,10,0,0,58
38724,Analytics,region_2,Masters & above,m,sourcing,1,33,5.0,10,1,0,86
69235,Sales & Marketing,region_26,Bachelors,m,sourcing,1,41,3.0,12,1,0,46
49915,Technology,region_3,Bachelors,m,other,1,28,3.0,5,1,0,80
19854,Operations,region_2,Bachelors,f,sourcing,1,38,3.0,4,1,0,60
68676,Procurement,region_8,Masters & above,f,sourcing,1,39,3.0,3,0,0,70
26716,HR,region_11,Bachelors,m,other,1,29,3.0,3,1,0,46
11568,Sales & Marketing,region_11,Bachelors,m,sourcing,1,40,1.0,5,0,0,51
11504,Analytics,region_26,Bachelors,m,other,1,38,4.0,9,0,0,82
47949,Analytics,region_22,,m,other,2,26,4.0,3,1,0,83
8124,Operations,region_4,Bachelors,m,other,1,27,5.0,6,0,0,62
19739,Sales & Marketing,region_31,,m,other,2,30,3.0,7,0,0,46
45860,Technology,region_2,Bachelors,m,sourcing,1,43,1.0,10,0,0,84
51695,Finance,region_2,Below Secondary,f,other,1,23,4.0,2,0,0,58
59329,Legal,region_13,Bachelors,m,other,1,28,3.0,2,1,0,60
37132,Operations,region_2,Bachelors,m,sourcing,2,36,4.0,4,1,0,54
26037,Analytics,region_16,Bachelors,m,other,2,31,3.0,5,1,0,81
64674,Sales & Marketing,region_11,Masters & above,m,other,1,35,3.0,8,0,0,49
19216,Procurement,region_7,Below Secondary,m,sourcing,1,23,,1,0,0,71
52672,Operations,region_29,Masters & above,m,other,1,37,3.0,8,0,0,60
59697,Procurement,region_13,Bachelors,m,sourcing,1,50,3.0,16,0,0,69
67778,Technology,region_2,Bachelors,f,sourcing,1,27,,1,0,0,76
2971,Sales & Marketing,region_26,Bachelors,f,sourcing,1,30,,1,0,0,45
53066,Sales & Marketing,region_12,Bachelors,m,sourcing,1,40,1.0,6,0,0,50
76316,Operations,region_2,Masters & above,f,sourcing,1,60,3.0,31,0,0,57
44470,Technology,region_5,Bachelors,m,other,1,29,3.0,7,0,0,77
45979,HR,region_11,Bachelors,f,other,1,26,3.0,3,0,0,44
9958,Operations,region_23,Bachelors,m,sourcing,1,44,4.0,3,1,0,59
12692,Analytics,region_22,Bachelors,m,other,1,36,3.0,10,0,0,86
10370,Sales & Marketing,region_12,Bachelors,m,sourcing,1,30,5.0,6,1,0,48
66896,Procurement,region_2,Masters & above,f,other,1,42,4.0,7,1,0,70
19178,R&D,region_28,Masters & above,m,sourcing,1,38,4.0,9,0,0,85
26576,Legal,region_2,Bachelors,m,sourcing,2,39,4.0,5,0,0,60
40170,Analytics,region_11,Bachelors,m,other,2,26,5.0,3,0,0,82
58433,Technology,region_31,Bachelors,m,sourcing,1,28,1.0,2,0,0,80
75987,R&D,region_7,Bachelors,m,other,2,34,2.0,5,0,0,84
62303,Sales & Marketing,region_16,Bachelors,m,other,1,47,1.0,7,0,0,49
69989,Technology,region_16,Bachelors,f,sourcing,1,27,3.0,3,0,0,81
68638,Operations,region_19,Bachelors,f,other,1,34,4.0,5,0,0,59
73292,Sales & Marketing,region_7,Bachelors,f,sourcing,1,28,,1,0,0,51
21979,Procurement,region_7,Bachelors,m,other,1,34,5.0,3,1,0,72
38273,Sales & Marketing,region_28,Bachelors,m,other,1,41,3.0,6,0,0,51
13899,Operations,region_23,Bachelors,m,sourcing,1,31,1.0,8,0,0,57
69866,Operations,region_32,,m,sourcing,1,28,3.0,2,0,0,61
66713,Technology,region_2,Masters & above,f,other,1,42,1.0,9,0,0,78
53709,Procurement,region_16,Masters & above,m,other,1,34,5.0,9,1,0,72
47798,HR,region_2,Bachelors,m,referred,1,28,,1,0,0,50
6567,Operations,region_16,Bachelors,f,sourcing,1,29,4.0,5,0,0,60
26350,Procurement,region_2,Masters & above,m,sourcing,1,36,5.0,2,1,0,65
29399,Analytics,region_22,Bachelors,m,other,2,31,3.0,5,0,0,86
35122,Procurement,region_7,Bachelors,m,other,1,39,3.0,13,0,0,67
76726,Analytics,region_2,Masters & above,m,other,1,36,3.0,3,0,0,83
37558,Operations,region_3,Masters & above,m,other,1,34,3.0,4,0,0,55
57458,Finance,region_28,Masters & above,m,sourcing,2,39,1.0,7,0,0,59
39835,Procurement,region_22,Bachelors,m,other,4,27,5.0,2,1,0,69
23930,Sales & Marketing,region_28,Bachelors,m,sourcing,1,37,1.0,9,0,0,51
4976,Sales & Marketing,region_2,Bachelors,f,other,1,56,3.0,4,0,0,45
1561,HR,region_16,Bachelors,m,sourcing,1,31,4.0,6,0,0,54
31187,Sales & Marketing,region_5,Bachelors,f,other,1,27,,1,0,1,48
63423,Sales & Marketing,region_2,,m,sourcing,1,23,3.0,2,0,0,48
14723,Finance,region_2,Bachelors,f,other,1,40,3.0,4,0,0,58
74159,Sales & Marketing,region_11,,m,sourcing,1,36,3.0,10,0,0,51
63274,HR,region_22,Bachelors,m,sourcing,1,25,5.0,2,0,0,49
36245,Technology,region_13,Masters & above,f,referred,1,38,4.0,9,0,0,79
26217,Sales & Marketing,region_2,Bachelors,m,sourcing,1,27,4.0,5,0,0,45
42755,Sales & Marketing,region_26,Bachelors,m,sourcing,1,30,3.0,4,0,0,51
31373,HR,region_19,Bachelors,m,other,1,33,4.0,3,0,0,52
5143,Operations,region_29,Bachelors,m,sourcing,1,35,4.0,6,1,0,64
54062,Sales & Marketing,region_27,Bachelors,m,sourcing,1,31,3.0,5,0,0,47
41258,Procurement,region_27,Bachelors,f,other,1,33,1.0,7,1,0,66
21696,Procurement,region_7,Bachelors,f,other,2,53,5.0,8,0,0,69
60992,Procurement,region_11,Bachelors,m,sourcing,1,36,5.0,8,1,0,67
51667,HR,region_2,Bachelors,f,other,1,41,4.0,15,0,0,49
6197,Sales & Marketing,region_28,Bachelors,m,sourcing,2,39,5.0,7,1,0,50
42833,Operations,region_31,Bachelors,m,other,1,29,3.0,2,0,0,57
21402,Sales & Marketing,region_29,Bachelors,m,other,2,26,1.0,5,0,0,50
4870,Procurement,region_13,Bachelors,m,other,2,36,3.0,11,0,0,69
18422,Operations,region_2,Bachelors,m,sourcing,1,52,4.0,9,0,0,59
1024,Technology,region_7,Bachelors,m,other,1,23,,1,0,0,82
26426,Technology,region_2,Bachelors,m,referred,1,27,,1,1,0,78
75171,Procurement,region_7,Masters & above,m,sourcing,1,39,4.0,12,1,0,64
74442,Finance,region_4,Masters & above,m,other,1,40,4.0,3,1,0,61
68039,Analytics,region_25,Bachelors,m,other,2,29,5.0,2,0,0,88
29733,Operations,region_8,Masters & above,m,other,1,36,5.0,5,1,0,59
8220,Procurement,region_26,Bachelors,f,sourcing,1,33,4.0,7,0,0,68
32007,Finance,region_25,Bachelors,m,other,2,30,5.0,6,1,0,59
46909,Technology,region_8,Masters & above,m,sourcing,1,36,2.0,7,0,0,78
33579,Sales & Marketing,region_22,Bachelors,m,other,1,29,4.0,3,1,0,51
35456,Finance,region_2,Bachelors,f,other,1,60,4.0,16,1,0,62
65592,Operations,region_29,Bachelors,m,sourcing,1,36,3.0,9,0,0,63
75072,Operations,region_2,Bachelors,m,sourcing,1,36,4.0,11,0,0,54
58386,Analytics,region_25,Masters & above,m,other,1,33,4.0,5,0,0,89
75947,Procurement,region_28,Bachelors,f,other,1,29,3.0,4,0,0,64
59065,Sales & Marketing,region_22,Bachelors,m,other,1,20,3.0,2,0,0,54
69393,Operations,region_30,Masters & above,f,other,1,41,3.0,8,0,0,61
10563,Legal,region_11,Bachelors,m,sourcing,1,33,4.0,3,0,0,60
16547,Procurement,region_11,Bachelors,f,other,1,34,3.0,7,0,0,67
71186,Technology,region_25,Bachelors,f,sourcing,1,26,4.0,3,0,0,79
45885,Sales & Marketing,region_7,Bachelors,f,sourcing,1,31,1.0,7,0,0,51
29366,Operations,region_19,Bachelors,m,other,1,35,5.0,10,0,0,62
10805,Sales & Marketing,region_9,Bachelors,m,sourcing,1,27,,1,0,0,49
3684,Sales & Marketing,region_2,Bachelors,f,sourcing,1,42,4.0,10,0,0,45
69102,Sales & Marketing,region_31,Bachelors,f,sourcing,1,32,5.0,8,1,0,53
45678,HR,region_32,Bachelors,f,sourcing,1,30,3.0,3,0,0,52
12213,Sales & Marketing,region_12,Masters & above,m,sourcing,1,38,1.0,14,0,0,53
62166,Technology,region_2,Bachelors,f,other,2,37,5.0,4,1,1,93
14354,Operations,region_2,Bachelors,f,referred,1,33,3.0,4,1,1,63
52629,Finance,region_2,Bachelors,m,sourcing,1,40,2.0,11,1,0,59
39762,Operations,region_2,,f,other,1,28,5.0,2,1,0,61
70467,Analytics,region_2,Bachelors,m,sourcing,2,27,3.0,2,0,0,85
76481,Sales & Marketing,region_23,Masters & above,f,sourcing,1,40,1.0,7,1,0,51
51458,Finance,region_26,Bachelors,m,other,4,33,1.0,4,0,0,61
24929,Operations,region_28,Bachelors,f,sourcing,1,27,3.0,2,1,0,52
52309,Finance,region_2,Bachelors,m,sourcing,1,33,5.0,6,1,0,58
29622,Finance,region_6,Bachelors,f,other,1,28,5.0,4,1,0,58
55692,Sales & Marketing,region_13,Bachelors,f,other,1,32,4.0,4,0,0,53
22850,Sales & Marketing,region_34,Bachelors,m,other,1,35,4.0,4,0,0,49
21569,Analytics,region_7,Bachelors,m,other,1,29,4.0,6,1,0,87
41632,Sales & Marketing,region_31,Bachelors,m,sourcing,2,33,3.0,9,0,0,47
32614,Procurement,region_26,Bachelors,f,sourcing,1,33,5.0,7,1,0,68
27756,Analytics,region_22,Bachelors,f,sourcing,2,28,3.0,3,0,0,86
20,Analytics,region_21,Bachelors,m,sourcing,1,27,,1,1,0,89
2113,Technology,region_2,Bachelors,m,sourcing,1,25,,1,1,0,82
24047,HR,region_22,Bachelors,m,sourcing,1,28,3.0,2,0,0,50
71004,Sales & Marketing,region_4,Masters & above,m,sourcing,1,31,3.0,4,0,0,53
25928,HR,region_22,Bachelors,m,sourcing,1,32,4.0,6,1,0,52
877,Sales & Marketing,region_11,Bachelors,m,sourcing,1,34,3.0,7,1,0,49
12755,Sales & Marketing,region_28,Bachelors,m,sourcing,1,32,3.0,4,1,0,49
73396,Operations,region_29,Masters & above,m,sourcing,2,34,4.0,6,1,0,60
29489,Sales & Marketing,region_28,Bachelors,m,sourcing,1,37,3.0,2,0,0,57
53411,Sales & Marketing,region_15,Bachelors,m,sourcing,1,25,,1,1,0,52
69522,Sales & Marketing,region_27,Bachelors,m,other,4,28,3.0,2,1,1,92
42387,Sales & Marketing,region_11,Bachelors,m,sourcing,1,35,1.0,9,0,0,52
72526,Sales & Marketing,region_19,Bachelors,m,other,3,35,3.0,2,0,0,49
58407,Technology,region_2,Bachelors,m,other,2,25,,1,1,0,83
16182,Operations,region_22,Masters & above,m,referred,1,37,5.0,10,1,0,62
1430,Operations,region_31,Bachelors,f,other,1,33,3.0,8,1,0,57
32645,Sales & Marketing,region_2,Bachelors,m,other,2,29,4.0,2,0,0,49
50941,Operations,region_15,Bachelors,m,other,1,48,5.0,17,1,0,60
44490,Legal,region_7,Bachelors,m,sourcing,3,34,3.0,4,0,0,60
14054,Procurement,region_29,Bachelors,m,other,2,30,4.0,6,0,0,65
58315,Finance,region_2,Masters & above,m,other,1,35,3.0,6,0,0,58
50509,Sales & Marketing,region_2,Bachelors,m,referred,1,34,5.0,4,0,0,49
40673,Analytics,region_28,Bachelors,m,sourcing,1,31,5.0,7,1,0,89
61086,Procurement,region_15,Masters & above,m,sourcing,1,34,5.0,8,0,0,80
29678,Technology,region_15,Bachelors,m,other,1,35,1.0,7,0,0,85
22298,Sales & Marketing,region_9,Masters & above,m,other,1,28,1.0,2,0,0,50
42407,Sales & Marketing,region_13,Masters & above,m,other,1,38,2.0,10,0,0,49
42044,Analytics,region_15,Bachelors,m,other,2,28,2.0,4,0,0,89
46446,Sales & Marketing,region_11,Masters & above,m,sourcing,1,39,3.0,3,0,0,46
20021,Sales & Marketing,region_13,Bachelors,f,other,1,29,2.0,3,1,0,51
37984,HR,region_2,Bachelors,m,sourcing,1,48,4.0,16,0,0,52
2933,Analytics,region_4,Bachelors,m,other,2,29,3.0,6,0,0,82
17915,Sales & Marketing,region_2,Masters & above,f,sourcing,2,33,3.0,3,0,0,48
66750,Sales & Marketing,region_4,Bachelors,m,other,1,43,2.0,8,1,0,53
62307,Operations,region_11,Masters & above,f,other,1,38,1.0,7,0,0,71
64385,Operations,region_26,Masters & above,m,sourcing,1,43,2.0,13,0,0,61
51527,Procurement,region_27,Bachelors,f,other,2,28,3.0,2,0,0,69
55258,Operations,region_2,Bachelors,m,sourcing,1,41,5.0,2,1,0,59
6722,Legal,region_2,Bachelors,m,other,1,34,1.0,5,0,0,58
44031,Operations,region_27,Masters & above,m,other,1,41,3.0,7,1,0,60
35379,Analytics,region_31,Bachelors,m,other,3,29,5.0,6,1,0,87
63728,Sales & Marketing,region_15,Bachelors,f,other,1,34,5.0,7,1,0,44
57125,Sales & Marketing,region_2,Bachelors,m,other,2,53,3.0,19,0,0,53
74960,Technology,region_2,Bachelors,f,other,1,42,1.0,6,0,0,83
58502,Operations,region_2,Bachelors,f,other,2,33,3.0,5,0,0,56
53176,Technology,region_2,,m,sourcing,1,41,3.0,12,0,0,80
76891,Technology,region_2,Bachelors,m,other,1,56,1.0,28,0,0,78
11646,Procurement,region_13,Bachelors,m,sourcing,2,35,3.0,2,0,0,70
33831,Procurement,region_19,Bachelors,m,sourcing,1,41,4.0,16,1,0,68
13083,Technology,region_2,Bachelors,m,other,1,47,4.0,8,1,0,75
23331,Technology,region_20,Bachelors,f,sourcing,1,28,3.0,2,0,0,82
48566,Finance,region_2,Bachelors,f,other,1,36,4.0,9,0,0,62
15262,Sales & Marketing,region_25,Bachelors,m,other,2,29,5.0,5,1,0,52
51391,Technology,region_2,Bachelors,f,other,1,51,4.0,21,0,0,82
45593,Operations,region_2,Masters & above,m,sourcing,1,43,5.0,15,1,0,66
71782,Sales & Marketing,region_19,Bachelors,m,other,1,39,2.0,9,0,0,50
37056,R&D,region_4,Masters & above,m,other,1,34,3.0,7,0,0,86
72166,Analytics,region_2,Masters & above,m,sourcing,1,49,2.0,7,0,0,85
46542,Analytics,region_2,Masters & above,m,sourcing,1,49,4.0,19,0,0,81
64136,Sales & Marketing,region_26,Bachelors,m,other,2,36,2.0,2,0,0,52
7427,Operations,region_2,Bachelors,f,other,2,26,4.0,2,0,0,57
60277,Technology,region_13,Bachelors,m,sourcing,2,33,4.0,10,1,0,81
47452,Technology,region_24,Bachelors,f,sourcing,1,28,3.0,3,1,0,78
24677,Sales & Marketing,region_31,,m,other,1,27,5.0,2,1,0,47
37716,Technology,region_2,Bachelors,f,other,1,33,1.0,4,1,0,84
18995,Sales & Marketing,region_15,Masters & above,m,other,1,36,3.0,4,0,0,50
72347,Sales & Marketing,region_28,Bachelors,m,sourcing,1,30,2.0,6,0,0,49
38438,Sales & Marketing,region_29,Bachelors,f,other,1,28,3.0,4,0,0,47
18307,Sales & Marketing,region_34,Bachelors,m,other,1,29,5.0,4,0,0,49
59923,Sales & Marketing,region_7,Bachelors,m,sourcing,2,37,5.0,9,0,0,52
9531,Sales & Marketing,region_33,Masters & above,m,sourcing,1,37,2.0,11,0,0,51
70623,Analytics,region_34,Bachelors,m,sourcing,1,33,3.0,9,0,0,81
61002,Operations,region_22,Bachelors,m,sourcing,2,24,5.0,3,0,0,59
13707,Sales & Marketing,region_2,Bachelors,f,sourcing,1,38,5.0,8,1,0,52
14443,HR,region_13,Bachelors,f,other,1,24,3.0,2,0,0,51
52848,HR,region_23,Bachelors,m,sourcing,1,31,3.0,2,0,0,47
61063,Operations,region_13,Masters & above,m,other,1,32,4.0,3,0,0,62
52043,Sales & Marketing,region_11,Bachelors,m,other,2,31,1.0,4,0,0,49
46322,Sales & Marketing,region_7,Bachelors,m,other,1,34,4.0,3,1,0,49
67893,Sales & Marketing,region_16,Bachelors,m,other,2,33,3.0,7,0,0,46
12560,Procurement,region_2,Bachelors,m,sourcing,1,53,5.0,8,1,0,73
46154,Operations,region_22,Bachelors,m,other,1,28,4.0,6,0,0,57
64076,Operations,region_2,Below Secondary,m,other,1,21,,1,1,0,56
977,HR,region_31,Bachelors,f,other,1,28,,1,1,0,50
75336,Sales & Marketing,region_2,,m,other,1,23,,1,0,0,49
53615,Finance,region_29,Masters & above,m,other,1,34,4.0,7,1,0,60
36276,Technology,region_2,Bachelors,m,other,2,35,5.0,3,0,0,84
65019,Operations,region_2,Bachelors,m,other,1,43,5.0,16,0,0,61
75856,Technology,region_22,Masters & above,m,sourcing,1,43,1.0,15,0,0,79
25124,Technology,region_8,Bachelors,f,other,2,28,3.0,4,0,0,81
48964,Sales & Marketing,region_15,Bachelors,m,sourcing,1,30,,1,0,0,40
17324,Finance,region_16,Bachelors,m,other,2,32,3.0,8,0,0,59
64554,Procurement,region_23,Masters & above,f,sourcing,1,35,3.0,3,0,0,70
43753,Analytics,region_2,Masters & above,m,sourcing,1,36,5.0,5,1,0,81
35071,Operations,region_7,Bachelors,f,sourcing,1,31,,1,0,0,60
31925,Legal,region_5,Bachelors,m,other,1,32,,1,0,0,63
43531,Analytics,region_10,Bachelors,m,other,3,29,5.0,6,0,0,81
61404,Procurement,region_26,Bachelors,m,other,2,37,5.0,10,1,0,70
62111,Technology,region_5,Bachelors,m,sourcing,1,47,3.0,18,0,0,85
42859,Operations,region_16,Bachelors,m,sourcing,1,30,2.0,6,0,0,58
40416,Legal,region_22,Bachelors,m,sourcing,1,28,5.0,4,0,0,91
16434,Operations,region_22,Bachelors,f,sourcing,1,34,5.0,7,0,0,61
22521,Technology,region_33,Bachelors,f,other,1,30,4.0,4,1,0,83
32427,Procurement,region_14,Masters & above,f,sourcing,1,37,1.0,4,0,0,70
74296,HR,region_28,Masters & above,f,sourcing,1,37,5.0,11,0,0,50
76924,Operations,region_22,Masters & above,m,other,1,40,3.0,11,1,0,60
71040,Analytics,region_2,Masters & above,m,other,1,47,1.0,17,0,0,86
40781,Technology,region_15,Masters & above,m,other,2,35,2.0,9,1,0,77
75690,Sales & Marketing,region_9,Masters & above,m,other,1,37,3.0,4,0,0,50
31002,Sales & Marketing,region_28,Masters & above,m,other,2,40,4.0,10,0,0,45
19570,Sales & Marketing,region_13,Bachelors,m,other,2,35,2.0,7,0,0,51
63246,Technology,region_2,Masters & above,f,other,1,59,5.0,17,1,0,80
34880,Operations,region_7,Bachelors,m,sourcing,2,32,3.0,7,0,0,58
72433,Operations,region_22,Bachelors,m,sourcing,1,26,,1,1,0,55
44936,Sales & Marketing,region_16,Bachelors,m,sourcing,1,45,5.0,6,0,0,55
77364,Procurement,region_15,Bachelors,m,other,1,32,3.0,6,1,0,71
415,Operations,region_27,Bachelors,f,sourcing,2,28,5.0,3,1,1,60
1346,Analytics,region_2,,m,other,1,43,3.0,13,0,0,85
33313,HR,region_22,Bachelors,m,other,1,33,4.0,1,0,0,55
8672,Analytics,region_22,Bachelors,f,sourcing,1,33,4.0,5,0,0,83
30690,Sales & Marketing,region_15,Masters & above,m,other,1,41,4.0,11,0,0,46
5284,Operations,region_27,Masters & above,f,other,2,41,5.0,11,0,0,59
41151,Sales & Marketing,region_32,Bachelors,f,sourcing,1,31,4.0,2,0,0,51
52551,Procurement,region_34,Masters & above,m,sourcing,1,32,2.0,5,0,0,68
56917,Analytics,region_11,Bachelors,m,sourcing,1,27,3.0,5,1,0,85
24484,Procurement,region_8,Bachelors,m,other,1,29,3.0,3,1,0,68
9637,Sales & Marketing,region_2,Bachelors,m,referred,1,39,4.0,8,1,0,47
64909,Technology,region_2,Masters & above,f,sourcing,1,43,3.0,5,1,0,79
43020,Sales & Marketing,region_4,Masters & above,m,other,1,43,5.0,13,0,0,50
62498,Legal,region_2,Bachelors,m,sourcing,1,26,4.0,3,1,0,55
50501,Sales & Marketing,region_22,Bachelors,m,sourcing,1,27,3.0,4,0,0,51
66241,Finance,region_2,Bachelors,f,sourcing,1,30,5.0,7,1,0,59
74903,Sales & Marketing,region_15,Bachelors,m,other,1,30,2.0,5,0,0,49
12623,Sales & Marketing,region_22,Bachelors,m,other,1,20,2.0,2,0,0,47
39433,HR,region_22,Bachelors,m,sourcing,1,29,4.0,5,1,0,46
14482,Operations,region_14,Bachelors,f,other,1,43,3.0,7,1,0,59
727,Operations,region_2,Bachelors,f,sourcing,1,24,3.0,2,0,0,59
1501,Technology,region_27,Below Secondary,m,sourcing,1,25,3.0,4,1,0,79
35905,Sales & Marketing,region_15,Masters & above,m,sourcing,1,40,2.0,10,0,0,51
60902,Operations,region_7,Masters & above,m,other,1,38,4.0,5,0,0,56
3087,Operations,region_13,Masters & above,m,other,1,39,3.0,6,1,0,56
57372,Analytics,region_22,,m,other,1,27,,1,1,0,85
20446,Sales & Marketing,region_21,Bachelors,m,sourcing,1,26,4.0,3,0,0,48
1553,Sales & Marketing,region_11,Bachelors,m,sourcing,1,33,3.0,6,1,0,50
31110,Sales & Marketing,region_19,Bachelors,f,sourcing,1,30,3.0,5,0,0,50
1100,Procurement,region_2,Bachelors,f,other,2,59,5.0,18,1,0,70
37972,Analytics,region_22,,m,sourcing,4,27,5.0,3,1,0,86
77470,Procurement,region_5,Masters & above,f,other,1,34,3.0,3,1,1,71
23876,Sales & Marketing,region_12,Bachelors,m,other,1,28,3.0,1,1,0,46
73997,Sales & Marketing,region_6,Bachelors,m,other,4,30,5.0,5,1,0,45
73798,Procurement,region_22,Bachelors,f,sourcing,2,29,,1,0,0,67
3051,Analytics,region_7,Bachelors,m,sourcing,1,30,3.0,5,0,0,84
38847,Procurement,region_23,Masters & above,m,other,1,40,4.0,8,0,0,72
69779,Operations,region_19,Bachelors,f,other,1,43,3.0,15,0,0,55
17803,Sales & Marketing,region_2,Bachelors,f,sourcing,1,60,3.0,12,0,0,54
70184,Sales & Marketing,region_26,Bachelors,m,sourcing,1,42,2.0,7,0,0,50
7076,Operations,region_14,Bachelors,m,other,1,28,3.0,2,0,0,64
44215,Technology,region_14,Bachelors,m,other,1,30,4.0,7,1,0,75
37818,Sales & Marketing,region_32,Bachelors,m,sourcing,1,35,2.0,8,0,0,50
45108,HR,region_13,Bachelors,m,other,1,24,,1,0,0,49
18808,Sales & Marketing,region_16,Masters & above,m,sourcing,1,38,5.0,10,0,0,49
22719,Procurement,region_2,Below Secondary,m,other,1,21,5.0,2,1,0,72
33982,Finance,region_28,Masters & above,m,other,1,34,5.0,8,1,0,58
33717,Operations,region_4,Masters & above,m,sourcing,1,30,5.0,5,1,0,61
42725,Technology,region_25,Masters & above,m,sourcing,1,33,3.0,5,1,0,80
10864,Operations,region_2,Bachelors,m,sourcing,1,37,3.0,7,1,0,59
77062,Procurement,region_2,Masters & above,f,other,1,53,3.0,13,0,0,66
40020,Procurement,region_22,Bachelors,f,other,2,28,,1,0,0,69
65717,Operations,region_7,Bachelors,m,sourcing,1,45,3.0,7,1,0,62
2624,Sales & Marketing,region_22,Bachelors,m,sourcing,2,48,3.0,2,0,0,48
1459,Sales & Marketing,region_34,Bachelors,m,other,1,29,5.0,5,1,0,54
56944,Procurement,region_2,Bachelors,f,other,1,45,5.0,16,1,0,69
52001,Analytics,region_2,Bachelors,m,sourcing,1,34,3.0,3,0,0,78
20879,Sales & Marketing,region_28,Masters & above,m,other,1,40,1.0,5,0,0,52
61597,Sales & Marketing,region_21,Bachelors,m,other,1,35,2.0,8,0,0,48
44798,Operations,region_22,Bachelors,m,sourcing,1,48,4.0,6,1,0,65
15775,Procurement,region_16,Masters & above,f,other,1,34,4.0,7,0,0,70
36036,Procurement,region_13,Masters & above,f,other,1,33,4.0,9,0,0,68
32144,Operations,region_26,Bachelors,m,sourcing,1,29,2.0,2,0,0,55
4797,Procurement,region_34,Bachelors,m,other,1,32,5.0,3,1,0,65
25964,Technology,region_2,Bachelors,m,other,1,50,5.0,18,0,0,80
38813,Sales & Marketing,region_2,Bachelors,f,other,1,55,4.0,3,1,0,53
42204,Sales & Marketing,region_12,Bachelors,m,sourcing,1,40,3.0,7,0,0,49
45315,Analytics,region_28,Masters & above,m,other,2,34,4.0,10,0,0,86
43733,Sales & Marketing,region_2,,m,other,1,26,5.0,2,1,0,47
8406,Sales & Marketing,region_7,,m,other,1,31,5.0,6,0,0,50
27642,Procurement,region_19,Bachelors,m,other,1,38,2.0,10,0,0,69
16476,Procurement,region_7,Bachelors,m,other,1,33,3.0,10,0,0,68
76359,Operations,region_20,Bachelors,f,sourcing,1,30,3.0,5,1,0,61
37873,Sales & Marketing,region_7,Bachelors,m,sourcing,1,27,4.0,3,0,0,50
48721,Sales & Marketing,region_25,Bachelors,m,sourcing,1,33,1.0,7,1,0,49
17758,Finance,region_16,Bachelors,m,sourcing,1,29,5.0,6,1,0,57
66588,Operations,region_20,Bachelors,m,other,1,33,4.0,3,1,0,62
42341,Procurement,region_31,Bachelors,m,other,1,30,4.0,7,1,0,69
2603,Sales & Marketing,region_15,Bachelors,m,other,2,29,1.0,6,0,0,51
13449,Analytics,region_13,Bachelors,m,other,1,44,5.0,7,1,0,83
10424,Sales & Marketing,region_31,Bachelors,m,other,1,49,3.0,17,0,0,69
56598,Operations,region_32,Bachelors,m,sourcing,1,31,4.0,9,0,0,62
77267,Analytics,region_13,Masters & above,m,sourcing,1,33,5.0,7,0,0,83
57130,Operations,region_20,Bachelors,m,other,1,27,5.0,5,1,0,59
17542,Operations,region_13,Bachelors,f,other,2,34,3.0,10,0,0,58
63373,Sales & Marketing,region_1,Masters & above,f,sourcing,2,33,1.0,7,0,0,56
56768,Sales & Marketing,region_1,Bachelors,m,other,1,36,4.0,9,1,0,46
30848,Procurement,region_11,Bachelors,f,sourcing,1,30,3.0,7,1,0,68
55571,Sales & Marketing,region_21,Bachelors,m,other,1,35,4.0,2,0,0,48
38151,Technology,region_16,Masters & above,m,other,1,49,5.0,16,1,0,79
17701,Legal,region_13,Bachelors,m,sourcing,1,38,3.0,2,0,0,63
24747,Operations,region_12,Bachelors,m,other,1,37,5.0,5,1,0,62
2691,Operations,region_26,Masters & above,f,other,1,52,5.0,9,0,0,59
32665,Finance,region_28,Masters & above,m,sourcing,2,32,5.0,9,1,0,63
11634,Operations,region_7,Masters & above,m,sourcing,1,39,5.0,4,1,0,60
44001,Procurement,region_7,Masters & above,f,sourcing,1,54,1.0,4,0,0,68
9621,Procurement,region_11,Bachelors,m,other,2,43,3.0,6,0,0,70
74823,Sales & Marketing,region_2,Masters & above,f,other,1,54,5.0,27,0,0,46
23591,Procurement,region_2,Masters & above,f,sourcing,1,34,3.0,7,1,0,66
27128,Sales & Marketing,region_12,Bachelors,m,sourcing,2,27,3.0,2,0,0,50
17492,Operations,region_29,Bachelors,m,sourcing,1,28,5.0,2,1,0,96
62211,Operations,region_27,Bachelors,m,other,1,28,3.0,3,0,1,60
72683,Operations,region_26,Bachelors,m,other,1,26,4.0,2,1,0,56
67773,Technology,region_14,Bachelors,m,sourcing,2,30,,1,0,0,84
42310,Technology,region_33,Bachelors,m,other,1,38,5.0,10,0,0,88
49207,Procurement,region_22,Masters & above,m,sourcing,1,42,2.0,15,0,0,70
6145,Sales & Marketing,region_7,Bachelors,m,other,2,34,1.0,3,0,0,52
47690,Technology,region_32,Bachelors,m,other,1,30,2.0,4,0,0,80
39203,Sales & Marketing,region_13,Bachelors,m,sourcing,1,32,3.0,8,0,0,57
48300,Finance,region_26,Bachelors,f,other,1,26,3.0,2,0,0,58
19203,Sales & Marketing,region_2,,f,other,1,22,,1,0,0,50
9335,Sales & Marketing,region_13,Masters & above,m,sourcing,1,34,2.0,2,0,0,50
41783,Technology,region_11,Bachelors,f,other,1,45,5.0,16,0,0,79
77596,Sales & Marketing,region_13,Bachelors,m,other,1,44,2.0,15,0,0,53
49062,HR,region_16,Bachelors,f,other,1,32,5.0,5,0,0,47
41723,Finance,region_10,Masters & above,m,other,1,32,3.0,7,0,0,61
17247,Technology,region_33,Bachelors,f,sourcing,1,55,3.0,7,0,0,81
25392,Procurement,region_2,Bachelors,f,referred,1,30,5.0,5,1,0,65
19401,Analytics,region_5,Bachelors,m,sourcing,1,27,3.0,5,0,0,90
37111,Technology,region_6,Bachelors,f,sourcing,1,30,2.0,4,0,0,85
53605,Operations,region_22,Masters & above,m,sourcing,1,40,3.0,3,0,0,63
18385,Sales & Marketing,region_1,,m,other,1,28,1.0,3,0,0,47
49912,Procurement,region_26,Bachelors,m,sourcing,1,33,3.0,3,0,0,70
56479,Sales & Marketing,region_2,,f,other,1,38,2.0,9,0,0,45
37746,Technology,region_27,Bachelors,f,other,1,35,3.0,10,0,0,81
56668,Sales & Marketing,region_2,Bachelors,f,sourcing,1,34,4.0,5,0,0,49
1549,Finance,region_2,Bachelors,m,sourcing,2,38,4.0,3,0,0,59
72035,Sales & Marketing,region_2,Bachelors,m,other,1,45,2.0,16,0,0,49
30849,Operations,region_15,Bachelors,m,other,2,46,5.0,16,1,0,60
3189,Finance,region_23,Bachelors,m,sourcing,1,31,4.0,4,1,0,60
15869,Procurement,region_13,Bachelors,f,sourcing,2,28,5.0,3,1,0,68
38689,Sales & Marketing,region_16,,m,sourcing,1,32,5.0,6,0,0,54
37019,Technology,region_7,Masters & above,f,sourcing,2,36,4.0,6,1,0,77
56501,Operations,region_6,Bachelors,m,other,1,31,,1,0,0,64
36090,Sales & Marketing,region_17,Bachelors,m,other,1,39,5.0,10,1,0,51
20308,Procurement,region_26,Bachelors,f,other,1,26,3.0,2,0,0,66
28811,Operations,region_2,Bachelors,m,other,2,32,3.0,5,0,0,62
77175,Operations,region_16,Bachelors,m,sourcing,1,32,1.0,4,0,0,59
5929,Operations,region_23,Masters & above,f,other,1,42,4.0,11,1,0,62
56670,Technology,region_4,Masters & above,m,sourcing,2,49,2.0,11,0,0,80
48592,Technology,region_22,Masters & above,f,referred,1,36,4.0,10,0,0,74
65807,Operations,region_16,Bachelors,f,other,1,31,,1,1,0,60
22877,Technology,region_26,Masters & above,f,other,1,33,3.0,7,0,0,80
54997,Sales & Marketing,region_13,Bachelors,f,sourcing,2,29,1.0,3,1,0,49
51670,Sales & Marketing,region_7,Masters & above,m,other,1,33,5.0,5,0,0,61
67994,Procurement,region_2,Bachelors,f,other,2,41,3.0,14,0,0,72
14683,Operations,region_15,Bachelors,m,sourcing,1,40,3.0,9,1,0,63
74320,Sales & Marketing,region_31,Masters & above,m,sourcing,3,32,3.0,5,0,0,49
66340,Sales & Marketing,region_7,Bachelors,f,other,1,38,1.0,2,0,0,49
11059,Sales & Marketing,region_2,Bachelors,m,other,1,28,4.0,5,0,0,48
22543,Technology,region_13,Masters & above,f,sourcing,1,32,3.0,6,0,0,80
30549,Technology,region_34,Bachelors,m,other,2,29,2.0,8,0,0,84
28089,Operations,region_2,Bachelors,f,other,2,41,3.0,6,0,0,59
74813,Operations,region_26,Masters & above,m,other,1,39,3.0,12,0,0,60
35830,Sales & Marketing,region_22,,m,other,1,25,,1,0,0,47
5046,Sales & Marketing,region_30,Bachelors,f,sourcing,1,36,3.0,4,0,0,53
51417,Sales & Marketing,region_2,Masters & above,f,sourcing,1,37,4.0,13,0,0,50
30286,Sales & Marketing,region_13,Bachelors,m,sourcing,1,35,2.0,8,0,0,45
76771,Analytics,region_32,Bachelors,f,sourcing,1,29,5.0,2,0,0,85
76238,Sales & Marketing,region_26,Bachelors,f,other,1,32,5.0,5,1,0,49
36623,Sales & Marketing,region_22,Masters & above,m,other,1,30,3.0,6,1,0,48
18242,Operations,region_23,Masters & above,f,sourcing,1,34,3.0,4,1,0,58
59758,R&D,region_2,,m,other,3,28,,1,0,0,83
42873,Sales & Marketing,region_29,Bachelors,m,other,1,42,1.0,8,0,0,48
49363,Operations,region_22,Masters & above,m,sourcing,1,51,5.0,21,0,0,63
40096,Operations,region_11,Bachelors,f,other,1,31,5.0,3,1,0,62
77507,Procurement,region_2,Masters & above,f,referred,1,38,5.0,3,1,0,70
23054,Sales & Marketing,region_27,Bachelors,f,other,1,29,5.0,2,1,0,49
50588,Operations,region_29,Masters & above,m,sourcing,1,38,1.0,3,0,0,59
28452,Operations,region_2,Bachelors,f,sourcing,1,55,4.0,16,0,0,56
59427,Sales & Marketing,region_16,Bachelors,m,other,2,26,3.0,4,0,0,50
44568,Procurement,region_17,Bachelors,f,sourcing,2,27,3.0,3,0,0,70
16924,Operations,region_13,Masters & above,f,other,2,34,5.0,5,0,1,75
7197,Sales & Marketing,region_31,Bachelors,m,other,1,43,4.0,6,1,0,47
43286,Sales & Marketing,region_2,Bachelors,m,other,2,40,3.0,5,0,0,46
24206,Finance,region_6,Bachelors,f,other,1,25,5.0,2,0,0,59
6865,Technology,region_26,Bachelors,f,other,1,30,2.0,2,0,0,80
67001,Technology,region_2,Below Secondary,f,other,1,24,3.0,2,1,0,84
40851,Operations,region_15,Bachelors,m,sourcing,2,39,5.0,12,0,0,73
5591,Sales & Marketing,region_7,Bachelors,m,other,1,25,3.0,4,0,0,50
23499,Sales & Marketing,region_17,Bachelors,f,other,1,28,3.0,6,1,0,50
76344,Operations,region_22,,m,other,1,28,5.0,5,0,0,62
66087,Technology,region_5,Bachelors,f,other,1,33,3.0,6,1,0,79
46561,Operations,region_2,Bachelors,m,other,1,55,3.0,16,0,0,61
68980,Technology,region_7,Masters & above,f,other,1,37,3.0,3,0,0,82
22643,Technology,region_13,Masters & above,m,sourcing,1,51,3.0,9,0,0,80
4639,Finance,region_7,Bachelors,m,sourcing,2,27,3.0,2,0,0,76
40162,Analytics,region_15,Bachelors,m,sourcing,1,23,,1,0,0,85
23181,Procurement,region_22,Bachelors,m,sourcing,1,33,5.0,3,1,0,73
1528,Sales & Marketing,region_6,Bachelors,m,other,1,31,5.0,7,1,0,51
40833,Sales & Marketing,region_21,Bachelors,f,sourcing,1,31,3.0,2,0,0,53
18251,Procurement,region_17,Bachelors,f,other,1,34,2.0,7,0,0,73
16161,Operations,region_22,Masters & above,f,other,1,32,2.0,6,0,0,65
35423,Sales & Marketing,region_31,Masters & above,m,sourcing,1,45,1.0,5,0,0,54
38758,Sales & Marketing,region_22,,m,other,1,26,3.0,3,1,0,51
61311,Sales & Marketing,region_5,Bachelors,m,other,1,33,5.0,6,0,0,50
9081,Legal,region_22,Bachelors,m,other,1,29,1.0,2,0,0,62
29715,Sales & Marketing,region_13,Masters & above,f,sourcing,1,33,2.0,7,0,0,47
56793,Sales & Marketing,region_7,Bachelors,m,other,1,51,3.0,4,1,0,53
63568,Sales & Marketing,region_2,Bachelors,m,sourcing,1,39,5.0,12,0,0,50
60955,Operations,region_26,Bachelors,m,other,1,30,3.0,3,0,0,57
21297,Technology,region_26,Bachelors,m,sourcing,1,27,3.0,1,0,0,82
1911,Procurement,region_10,Masters & above,m,other,2,35,3.0,2,0,0,72
9932,Operations,region_7,Bachelors,m,other,2,42,5.0,2,1,0,58
44970,Technology,region_2,Bachelors,m,other,1,48,4.0,20,1,0,82
73481,Finance,region_22,Bachelors,m,other,1,23,,1,1,0,61
24322,Operations,region_22,Bachelors,m,other,3,36,4.0,8,1,0,61
68905,Operations,region_8,Bachelors,m,other,1,29,4.0,4,0,0,57
4349,Operations,region_7,Bachelors,m,other,1,47,4.0,15,0,0,62
38436,Sales & Marketing,region_22,Masters & above,m,sourcing,1,35,5.0,9,0,0,52
32595,Sales & Marketing,region_15,Bachelors,m,other,1,34,1.0,6,0,0,49
34155,Operations,region_27,Bachelors,m,other,2,33,4.0,8,0,0,57
68248,Sales & Marketing,region_7,Masters & above,m,other,1,38,4.0,11,0,0,49
22626,Sales & Marketing,region_15,,f,other,1,31,1.0,3,1,0,54
41591,Sales & Marketing,region_2,Bachelors,m,other,1,44,2.0,10,0,0,51
18573,Finance,region_11,Bachelors,f,other,1,31,3.0,5,1,0,61
66302,Operations,region_27,Bachelors,f,other,1,34,5.0,7,1,0,61
50380,HR,region_17,Bachelors,f,sourcing,1,31,4.0,7,0,0,48
5495,Technology,region_14,Bachelors,f,other,1,46,1.0,18,0,0,79
14493,Operations,region_2,Masters & above,m,other,1,33,3.0,6,1,0,60
17168,Operations,region_19,Masters & above,m,other,1,47,5.0,4,1,0,63
64428,Technology,region_5,Masters & above,m,other,1,48,4.0,5,0,0,77
56239,Analytics,region_22,Bachelors,m,other,2,30,1.0,5,0,0,90
31118,Technology,region_7,Bachelors,m,other,1,38,2.0,10,0,0,80
61244,Technology,region_16,Bachelors,f,other,1,33,3.0,5,0,0,81
62862,Operations,region_23,Masters & above,f,other,2,38,3.0,9,0,0,60
12766,Analytics,region_4,Bachelors,m,other,2,27,,1,0,0,84
23901,Analytics,region_19,Bachelors,m,other,1,26,4.0,2,1,0,84
26391,Operations,region_19,Bachelors,f,other,1,35,5.0,3,0,0,61
45929,Sales & Marketing,region_2,,m,sourcing,1,41,5.0,7,0,0,48
77094,Sales & Marketing,region_2,Bachelors,f,sourcing,2,28,5.0,5,1,0,49
38056,Operations,region_2,Bachelors,f,sourcing,1,36,3.0,5,0,0,59
3963,Procurement,region_9,Bachelors,m,other,1,31,3.0,6,0,0,73
18363,Sales & Marketing,region_19,Bachelors,m,other,1,43,3.0,2,0,0,51
39153,Operations,region_15,Bachelors,m,referred,1,34,4.0,6,1,0,63
63241,Operations,region_29,Bachelors,m,sourcing,1,28,5.0,4,0,0,59
60863,Sales & Marketing,region_2,Masters & above,f,sourcing,1,55,3.0,18,0,0,52
10712,Legal,region_13,Below Secondary,m,other,1,26,,1,1,0,55
25467,Sales & Marketing,region_28,Masters & above,m,other,1,34,5.0,3,1,0,54
38572,Finance,region_2,Below Secondary,m,sourcing,1,24,,1,1,0,54
10958,Operations,region_22,Bachelors,f,sourcing,1,27,2.0,6,1,0,61
16635,Sales & Marketing,region_4,Masters & above,m,sourcing,1,39,3.0,4,0,0,49
70860,Sales & Marketing,region_15,,m,sourcing,1,24,,1,0,0,50
72228,Sales & Marketing,region_2,Bachelors,f,sourcing,1,54,4.0,4,1,0,47
9894,Sales & Marketing,region_23,Masters & above,m,other,1,40,4.0,7,0,0,49
22003,Sales & Marketing,region_7,,m,other,1,27,3.0,2,0,0,50
39885,Operations,region_2,Bachelors,m,sourcing,1,36,3.0,9,0,0,55
52834,Sales & Marketing,region_2,Masters & above,f,sourcing,3,44,2.0,17,0,0,52
42230,Analytics,region_2,,m,other,1,23,1.0,2,0,0,87
9700,Sales & Marketing,region_2,Bachelors,f,sourcing,1,50,1.0,6,0,0,46
71453,Sales & Marketing,region_12,Bachelors,m,sourcing,1,43,1.0,10,0,0,50
41853,Operations,region_2,Masters & above,f,other,1,35,5.0,2,1,0,56
73083,Operations,region_23,Bachelors,f,other,1,29,3.0,2,0,0,57
39015,Operations,region_15,Bachelors,m,sourcing,1,27,3.0,2,0,0,57
61845,Operations,region_26,Bachelors,m,sourcing,1,30,3.0,7,0,0,57
70252,Procurement,region_17,Bachelors,m,sourcing,2,27,3.0,4,0,0,68
23036,Sales & Marketing,region_6,Bachelors,m,other,1,28,,1,0,0,55
50969,Technology,region_31,Bachelors,m,sourcing,2,30,4.0,4,0,0,88
22585,Procurement,region_15,Masters & above,m,other,1,45,3.0,4,1,0,68
27244,Sales & Marketing,region_2,Masters & above,m,sourcing,1,32,3.0,5,0,0,48
24050,Sales & Marketing,region_22,Bachelors,m,sourcing,1,28,5.0,3,0,0,49
66533,Procurement,region_17,Bachelors,f,other,1,32,3.0,5,0,0,72
34185,Procurement,region_13,Bachelors,f,sourcing,1,38,2.0,10,0,0,72
8089,Sales & Marketing,region_24,Bachelors,m,sourcing,1,31,1.0,3,0,0,49
76030,R&D,region_27,Bachelors,m,other,1,29,3.0,1,0,0,84
29645,Operations,region_14,Bachelors,m,sourcing,1,26,,1,1,0,60
64281,Sales & Marketing,region_14,Bachelors,f,sourcing,2,42,1.0,3,1,0,46
4771,Analytics,region_4,Masters & above,m,sourcing,1,54,3.0,10,1,0,94
27806,Sales & Marketing,region_27,Bachelors,m,other,1,34,3.0,7,0,0,48
19776,Sales & Marketing,region_13,Bachelors,f,other,1,26,4.0,5,1,0,51
63422,Finance,region_2,Bachelors,m,other,2,26,4.0,3,1,0,59
78101,Operations,region_6,Bachelors,f,other,1,24,5.0,2,1,0,64
60430,Technology,region_13,Masters & above,f,other,1,44,1.0,17,0,0,78
12349,Operations,region_2,Bachelors,f,sourcing,1,44,3.0,13,0,0,59
51801,Procurement,region_2,Masters & above,m,other,1,58,2.0,19,0,0,70
46843,Sales & Marketing,region_4,Masters & above,f,other,1,36,3.0,7,0,0,45
19062,Sales & Marketing,region_23,Masters & above,m,sourcing,1,34,3.0,6,0,0,49
36150,Sales & Marketing,region_2,Bachelors,m,other,3,26,,1,0,0,52
61779,Operations,region_22,Masters & above,m,sourcing,1,46,5.0,3,1,0,60
43782,Procurement,region_5,Bachelors,f,other,1,31,3.0,5,0,0,73
34516,Sales & Marketing,region_4,Bachelors,m,sourcing,1,30,3.0,5,1,0,53
69080,Technology,region_10,Masters & above,f,other,2,36,3.0,4,1,0,78
35487,Sales & Marketing,region_7,Masters & above,m,other,1,50,3.0,19,0,0,45
46196,Sales & Marketing,region_7,Bachelors,f,sourcing,1,33,4.0,3,0,0,50
61331,Operations,region_22,Bachelors,f,sourcing,2,36,5.0,8,1,0,59
23746,Technology,region_2,Masters & above,m,other,1,57,1.0,13,0,0,80
35717,Finance,region_2,Bachelors,f,other,1,49,5.0,6,1,0,56
28583,Sales & Marketing,region_31,Masters & above,m,sourcing,1,47,3.0,6,0,0,49
46906,Sales & Marketing,region_23,Bachelors,m,other,1,36,2.0,8,0,0,50
60066,Operations,region_22,Bachelors,m,other,1,31,5.0,4,1,0,94
26221,Finance,region_2,Bachelors,f,other,1,50,4.0,15,0,0,65
44609,Sales & Marketing,region_13,,m,other,1,23,2.0,2,0,0,47
6535,Operations,region_29,Masters & above,f,other,1,38,5.0,8,1,0,58
42652,Operations,region_2,Masters & above,m,other,1,55,3.0,7,0,0,58
69713,Sales & Marketing,region_22,Bachelors,m,sourcing,1,53,1.0,7,0,0,51
39045,Procurement,region_13,Bachelors,m,sourcing,1,42,3.0,7,0,0,70
28826,Sales & Marketing,region_2,Bachelors,m,other,1,28,,1,1,0,45
70422,Sales & Marketing,region_2,Masters & above,m,sourcing,1,46,1.0,15,0,0,50
67681,Analytics,region_11,Bachelors,m,sourcing,1,31,5.0,9,1,0,85
19309,Sales & Marketing,region_23,Bachelors,m,sourcing,1,33,1.0,6,0,0,49
51270,Operations,region_15,Bachelors,m,other,1,49,4.0,9,0,0,61
56653,Legal,region_2,Bachelors,f,other,1,27,5.0,2,0,0,58
37930,Sales & Marketing,region_25,Bachelors,f,other,1,31,3.0,3,0,0,48
61639,Sales & Marketing,region_2,Bachelors,m,other,2,30,2.0,3,0,0,46
29991,Sales & Marketing,region_11,Bachelors,m,other,1,28,5.0,3,1,0,46
37820,Operations,region_7,Bachelors,f,other,1,50,5.0,17,1,0,57
77242,Analytics,region_2,Bachelors,m,other,1,40,5.0,4,1,0,88
28543,Procurement,region_13,Masters & above,f,other,1,37,3.0,4,0,0,71
59992,Operations,region_22,Bachelors,m,referred,1,34,5.0,6,0,0,58
45307,Sales & Marketing,region_31,Bachelors,m,sourcing,1,43,5.0,13,0,0,52
3010,HR,region_32,Bachelors,m,other,1,24,,1,0,0,52
10761,HR,region_2,Masters & above,f,sourcing,1,58,5.0,6,1,0,51
76254,Procurement,region_22,Masters & above,m,sourcing,4,39,3.0,16,0,0,73
48419,Analytics,region_2,Masters & above,m,other,1,42,2.0,8,0,0,82
23824,HR,region_1,Masters & above,m,other,1,31,4.0,4,0,0,49
71676,R&D,region_8,Bachelors,m,other,2,28,3.0,2,1,0,83
28338,Sales & Marketing,region_30,Masters & above,m,sourcing,1,44,4.0,5,0,0,49
77936,Procurement,region_7,Masters & above,m,sourcing,2,47,4.0,5,1,0,69
65994,Finance,region_2,Below Secondary,m,sourcing,1,22,,1,1,0,62
62016,Sales & Marketing,region_19,Bachelors,m,sourcing,2,40,1.0,13,0,0,49
10917,Finance,region_13,Bachelors,m,sourcing,1,24,3.0,2,1,0,53
30237,Sales & Marketing,region_13,Bachelors,m,other,1,46,2.0,3,1,0,51
33564,Technology,region_2,Bachelors,m,other,1,34,5.0,7,1,0,82
72071,Procurement,region_4,Bachelors,m,other,1,31,4.0,2,1,0,71
67416,Sales & Marketing,region_22,Bachelors,m,other,1,32,4.0,5,0,0,55
16452,Sales & Marketing,region_2,Masters & above,m,sourcing,1,39,3.0,5,1,0,49
12508,Analytics,region_22,Bachelors,f,other,1,29,2.0,10,0,0,86
42933,Operations,region_22,Bachelors,m,other,1,34,3.0,2,1,0,60
57598,R&D,region_22,Bachelors,m,sourcing,1,31,1.0,2,1,0,92
49241,Operations,region_16,Bachelors,m,sourcing,2,50,5.0,20,1,0,59
5321,Sales & Marketing,region_22,Masters & above,m,other,1,32,4.0,2,0,0,50
31578,Analytics,region_20,Bachelors,m,other,1,29,,1,0,0,85
11413,Operations,region_31,Bachelors,m,sourcing,1,24,,1,1,0,64
45665,Procurement,region_2,Masters & above,m,other,1,39,5.0,3,1,0,72
48065,Procurement,region_5,Bachelors,f,other,1,37,3.0,5,1,0,71
68538,Analytics,region_22,Bachelors,m,referred,1,27,,1,0,0,90
52205,Technology,region_33,Masters & above,m,other,1,41,2.0,9,0,0,77
36229,Sales & Marketing,region_7,Bachelors,m,sourcing,1,31,3.0,2,1,0,45
4776,Analytics,region_5,Bachelors,m,other,1,33,4.0,3,1,0,85
6076,Operations,region_5,Bachelors,m,sourcing,1,34,5.0,10,1,0,58
13396,Technology,region_14,Masters & above,m,other,1,33,3.0,3,0,0,78
71061,Operations,region_29,Bachelors,m,other,1,32,5.0,5,0,0,62
66977,Sales & Marketing,region_22,Bachelors,m,sourcing,1,34,3.0,6,0,0,50
58834,Operations,region_2,Masters & above,f,sourcing,1,35,5.0,8,1,0,60
74894,HR,region_22,Bachelors,m,other,2,28,,1,1,0,50
46408,Sales & Marketing,region_32,Bachelors,m,sourcing,1,27,4.0,4,1,0,49
74386,Procurement,region_7,Masters & above,m,other,1,36,4.0,2,1,0,70
25425,Technology,region_26,Masters & above,m,sourcing,1,46,5.0,7,1,0,82
45671,Sales & Marketing,region_2,,f,sourcing,1,54,3.0,23,0,0,51
64154,Finance,region_2,Bachelors,m,other,2,30,,1,1,0,61
4509,Sales & Marketing,region_15,Bachelors,f,other,1,39,3.0,7,0,0,48
24325,Analytics,region_4,Masters & above,m,sourcing,1,49,3.0,13,1,0,83
75810,HR,region_15,Masters & above,m,other,1,31,5.0,2,1,0,49
37495,Sales & Marketing,region_2,Masters & above,m,sourcing,1,56,3.0,8,0,1,61
18070,R&D,region_2,Masters & above,m,sourcing,2,31,3.0,5,0,0,88
32517,Analytics,region_25,Bachelors,m,sourcing,1,31,3.0,1,0,0,86
36949,Sales & Marketing,region_29,Bachelors,m,other,1,31,1.0,6,0,0,50
16794,Procurement,region_22,Masters & above,m,other,1,33,5.0,5,1,0,66
15094,Procurement,region_2,Masters & above,m,other,5,40,4.0,10,0,0,65
63599,Sales & Marketing,region_2,Bachelors,m,other,1,34,5.0,7,1,0,50
43636,Sales & Marketing,region_27,Bachelors,m,sourcing,1,37,4.0,10,0,0,45
74484,Sales & Marketing,region_26,Masters & above,m,other,1,35,3.0,2,0,0,49
28306,Operations,region_13,Bachelors,m,other,1,27,4.0,2,0,0,61
7269,Operations,region_2,Masters & above,f,other,1,44,3.0,7,1,0,60
73769,Analytics,region_32,,m,other,1,27,1.0,3,0,0,85
955,HR,region_16,Bachelors,f,other,1,31,,1,0,0,52
2880,Sales & Marketing,region_27,Bachelors,m,sourcing,1,23,,1,0,0,53
19094,Procurement,region_26,,m,other,1,33,3.0,7,1,0,70
25741,Procurement,region_16,Bachelors,f,sourcing,1,31,5.0,7,1,0,73
55701,HR,region_13,Masters & above,m,other,1,35,3.0,8,0,0,51
64810,HR,region_13,Bachelors,m,other,1,34,3.0,7,0,0,48
17159,Sales & Marketing,region_15,Bachelors,m,sourcing,2,32,3.0,3,0,0,44
66731,Technology,region_2,Bachelors,m,other,1,34,5.0,7,1,0,80
8970,Sales & Marketing,region_2,Bachelors,m,other,3,27,,1,0,0,53
74750,Procurement,region_2,Masters & above,m,other,2,53,3.0,8,0,0,70
49172,Sales & Marketing,region_5,Bachelors,f,sourcing,1,26,1.0,2,0,0,48
43614,Operations,region_29,Bachelors,m,other,2,32,3.0,5,1,0,60
42615,Operations,region_22,Masters & above,f,other,1,30,4.0,5,1,0,64
23546,Procurement,region_7,Bachelors,f,sourcing,1,33,1.0,6,0,1,69
61565,Procurement,region_11,Bachelors,m,other,2,34,3.0,6,0,0,76
70719,Sales & Marketing,region_9,Bachelors,f,other,1,28,1.0,4,0,0,50
45883,Operations,region_22,Bachelors,f,sourcing,1,27,5.0,2,1,0,59
41567,Sales & Marketing,region_31,Bachelors,m,other,1,33,2.0,7,0,0,52
754,Sales & Marketing,region_22,Masters & above,m,sourcing,1,31,4.0,6,0,0,48
53695,Sales & Marketing,region_4,Bachelors,m,other,1,29,5.0,5,0,0,47
4890,Sales & Marketing,region_31,Bachelors,f,other,1,36,3.0,3,0,0,56
33787,HR,region_15,Bachelors,f,other,1,30,4.0,3,0,0,51
67768,Analytics,region_26,Bachelors,m,other,2,25,5.0,2,1,0,89
13367,Sales & Marketing,region_14,Bachelors,m,other,1,38,5.0,3,0,0,51
51592,Operations,region_31,Masters & above,m,other,2,32,5.0,8,0,0,57
27766,Sales & Marketing,region_5,Masters & above,m,other,1,32,1.0,5,0,0,47
11566,Sales & Marketing,region_11,Bachelors,m,sourcing,1,30,,1,1,0,48
41333,Sales & Marketing,region_25,Bachelors,m,other,1,31,3.0,6,1,0,49
54052,Procurement,region_2,Bachelors,f,other,1,30,1.0,3,0,0,70
19361,Sales & Marketing,region_22,Bachelors,m,other,1,24,,1,1,0,51
3208,Finance,region_27,Bachelors,m,sourcing,1,24,3.0,3,0,0,66
22147,Finance,region_13,Bachelors,m,sourcing,1,31,3.0,8,0,0,56
4372,Finance,region_22,,m,sourcing,1,29,1.0,2,0,0,58
59535,Procurement,region_14,Bachelors,f,other,1,36,4.0,9,1,0,68
17845,Sales & Marketing,region_26,,m,other,1,40,1.0,4,0,0,51
19501,Sales & Marketing,region_2,Bachelors,m,sourcing,1,31,5.0,6,1,0,51
59615,Sales & Marketing,region_22,Bachelors,f,other,1,38,1.0,11,0,0,50
39381,Technology,region_7,Bachelors,m,sourcing,1,53,4.0,5,1,0,82
36506,HR,region_17,Bachelors,f,other,1,33,5.0,7,1,0,48
57107,Technology,region_23,Bachelors,m,sourcing,1,34,4.0,7,1,0,81
32288,Technology,region_26,Masters & above,f,sourcing,2,36,3.0,8,0,0,80
63678,Analytics,region_32,Bachelors,m,other,1,27,3.0,3,0,0,85
5358,R&D,region_22,Masters & above,m,other,1,30,4.0,6,0,0,84
39014,Procurement,region_27,Bachelors,f,sourcing,2,25,3.0,1,0,0,71
28877,Sales & Marketing,region_22,Bachelors,m,sourcing,1,44,1.0,6,1,0,49
78068,Operations,region_19,Bachelors,f,other,2,39,4.0,12,0,0,62
27845,Technology,region_5,Masters & above,m,other,1,31,3.0,7,0,0,79
6314,Legal,region_2,Bachelors,m,other,1,37,3.0,8,1,0,63
3134,Technology,region_7,Bachelors,m,sourcing,2,28,4.0,2,0,0,78
54317,Legal,region_31,Bachelors,m,other,1,36,3.0,7,0,0,59
58199,Technology,region_23,Masters & above,m,other,1,33,3.0,7,0,0,83
12752,Procurement,region_2,Bachelors,m,sourcing,1,27,4.0,3,1,0,64
59196,Procurement,region_16,Bachelors,m,other,1,38,2.0,7,0,0,67
66123,Operations,region_2,Bachelors,m,sourcing,1,31,5.0,6,1,0,55
10824,Procurement,region_23,Masters & above,f,other,1,34,5.0,9,0,0,82
16810,Technology,region_7,Masters & above,f,other,1,40,3.0,7,1,0,81
10210,Sales & Marketing,region_2,Bachelors,f,sourcing,1,34,3.0,7,0,0,49
44525,Sales & Marketing,region_4,Masters & above,m,other,1,36,1.0,7,0,0,50
1015,Operations,region_34,Masters & above,m,other,1,40,5.0,10,1,0,61
34251,Analytics,region_22,,f,other,1,26,5.0,2,0,0,83
53708,R&D,region_2,Masters & above,f,other,1,37,5.0,7,1,0,86
51076,Analytics,region_31,Bachelors,m,sourcing,1,37,5.0,8,1,0,88
55163,Legal,region_22,Bachelors,m,referred,1,30,5.0,2,1,0,57
28428,Sales & Marketing,region_7,Bachelors,m,sourcing,3,28,4.0,2,0,0,47
56530,Operations,region_20,Bachelors,f,other,1,36,3.0,5,0,0,59
27916,Sales & Marketing,region_7,Masters & above,m,other,1,53,3.0,6,0,0,99
15873,Procurement,region_33,Bachelors,m,sourcing,1,27,3.0,2,0,0,68
48761,Finance,region_6,Bachelors,m,other,1,29,3.0,6,0,0,61
31028,Sales & Marketing,region_7,Bachelors,m,sourcing,1,45,1.0,6,0,0,48
57972,Sales & Marketing,region_2,,m,sourcing,2,22,,1,0,0,52
23355,Sales & Marketing,region_6,Bachelors,m,other,2,32,1.0,2,0,0,48
14254,Sales & Marketing,region_27,Bachelors,m,other,3,23,,1,0,0,49
19694,Sales & Marketing,region_32,Bachelors,m,sourcing,2,30,,1,0,0,51
49209,Procurement,region_22,Bachelors,f,other,1,28,5.0,3,1,0,74
26677,Sales & Marketing,region_14,Bachelors,m,sourcing,1,31,3.0,8,0,0,50
69675,HR,region_22,Masters & above,m,sourcing,1,37,3.0,8,1,0,53
37192,Procurement,region_2,Masters & above,m,sourcing,1,42,2.0,12,0,0,71
50384,Sales & Marketing,region_7,Bachelors,m,other,2,29,1.0,3,0,0,48
3521,Sales & Marketing,region_31,Bachelors,m,other,1,32,3.0,8,0,0,53
39541,Sales & Marketing,region_4,Bachelors,m,other,1,25,,1,1,0,46
24563,Procurement,region_2,Bachelors,m,sourcing,2,34,5.0,3,0,0,71
8801,Sales & Marketing,region_11,Masters & above,m,sourcing,1,34,5.0,9,0,0,47
37992,Sales & Marketing,region_2,,m,sourcing,3,23,4.0,1,0,0,51
19601,Sales & Marketing,region_1,Masters & above,m,sourcing,2,33,3.0,3,0,0,54
30957,Technology,region_15,Bachelors,m,other,1,30,4.0,8,0,0,90
42429,Sales & Marketing,region_13,Bachelors,f,sourcing,1,41,3.0,7,1,0,49
31079,Analytics,region_7,Bachelors,m,other,1,39,4.0,7,1,0,85
22867,Procurement,region_7,Below Secondary,m,other,1,23,,1,0,0,68
57590,Operations,region_5,Bachelors,m,other,1,31,5.0,7,0,0,61
48190,Sales & Marketing,region_13,Bachelors,f,other,1,31,5.0,7,0,0,50
50075,Sales & Marketing,region_13,Masters & above,m,sourcing,1,33,4.0,2,1,0,50
5238,Technology,region_23,Masters & above,m,other,1,39,4.0,4,1,0,82
7708,Procurement,region_17,Masters & above,m,sourcing,1,45,3.0,17,0,0,69
53210,Sales & Marketing,region_32,Bachelors,m,sourcing,1,29,,1,0,0,50
70328,Sales & Marketing,region_7,Bachelors,m,sourcing,2,29,2.0,3,0,0,48
11221,Sales & Marketing,region_5,Bachelors,m,other,1,27,,1,0,0,46
21915,Analytics,region_32,Bachelors,f,other,1,27,1.0,3,0,0,83
22810,Operations,region_22,Bachelors,m,other,1,56,3.0,14,1,0,63
53314,Sales & Marketing,region_4,Masters & above,m,sourcing,2,31,5.0,4,0,0,46
71912,Technology,region_7,Masters & above,m,other,3,33,5.0,4,1,0,75
41759,HR,region_2,Masters & above,m,other,1,42,5.0,11,0,0,50
71517,Sales & Marketing,region_20,Bachelors,m,other,2,35,1.0,9,0,0,50
37804,Technology,region_13,Masters & above,m,other,1,46,3.0,4,0,0,74
54241,Technology,region_7,Bachelors,f,sourcing,1,41,4.0,7,0,0,79
38044,Analytics,region_34,Bachelors,m,other,1,28,4.0,5,0,0,84
15519,Analytics,region_26,Masters & above,m,other,1,33,5.0,6,1,0,97
54605,Legal,region_26,Bachelors,m,other,1,34,5.0,6,1,0,57
69144,Operations,region_7,Bachelors,f,other,1,36,5.0,4,1,0,57
52075,Technology,region_3,Masters & above,m,sourcing,1,34,4.0,2,1,0,78
25809,Sales & Marketing,region_22,Bachelors,m,sourcing,1,47,1.0,13,0,0,48
69921,Operations,region_2,Bachelors,m,other,1,29,,1,0,0,61
15258,Sales & Marketing,region_24,Bachelors,m,other,1,24,,1,1,0,45
29569,Operations,region_13,Masters & above,f,other,1,40,4.0,13,0,0,64
50225,Analytics,region_8,Bachelors,m,other,1,31,3.0,4,0,0,88
44749,Finance,region_2,Below Secondary,m,sourcing,1,24,,1,0,0,56
53618,Operations,region_2,Bachelors,m,sourcing,1,36,3.0,3,1,0,65
54148,Operations,region_2,Bachelors,m,sourcing,1,31,2.0,7,1,0,55
61049,R&D,region_2,Masters & above,m,other,1,48,3.0,7,0,0,82
72499,Technology,region_23,Bachelors,f,other,1,31,3.0,5,0,0,74
9359,Operations,region_27,Bachelors,m,other,1,30,5.0,4,0,0,55
42268,Sales & Marketing,region_7,Bachelors,m,other,1,29,,1,0,0,46
18970,Analytics,region_26,Bachelors,m,other,1,29,,1,1,0,80
67350,Sales & Marketing,region_20,Masters & above,m,other,1,29,3.0,5,0,0,57
25281,Sales & Marketing,region_11,,m,other,1,23,,1,0,0,47
28467,Operations,region_16,Masters & above,m,other,1,49,4.0,11,0,0,54
49158,Sales & Marketing,region_2,,m,other,1,21,4.0,2,0,0,48
60967,Procurement,region_2,Below Secondary,m,other,1,25,,1,0,0,67
56911,Finance,region_2,Bachelors,f,other,1,40,2.0,3,0,0,58
34222,Sales & Marketing,region_13,Bachelors,f,sourcing,1,30,2.0,6,0,0,47
24652,Procurement,region_2,Bachelors,m,other,1,51,2.0,5,0,0,70
26768,Sales & Marketing,region_24,Bachelors,m,sourcing,1,24,3.0,2,0,0,51
1696,Operations,region_2,Bachelors,m,other,2,30,5.0,6,1,0,58
30934,Operations,region_22,Bachelors,m,sourcing,3,32,1.0,4,0,0,58
18019,HR,region_2,Bachelors,m,other,1,54,5.0,13,0,0,52
32775,Procurement,region_2,Bachelors,f,other,2,47,3.0,14,0,0,70
50464,Sales & Marketing,region_30,Bachelors,f,sourcing,1,41,3.0,11,0,0,50
28101,Sales & Marketing,region_4,Bachelors,m,other,3,31,1.0,7,1,0,46
49468,Sales & Marketing,region_26,Bachelors,m,other,1,31,1.0,9,0,0,52
4070,Sales & Marketing,region_24,Bachelors,m,other,1,37,2.0,2,0,0,46
5652,Sales & Marketing,region_7,Bachelors,m,other,1,40,3.0,2,0,0,68
47495,Analytics,region_26,Bachelors,m,other,1,30,4.0,7,0,0,85
50648,Technology,region_7,Bachelors,m,sourcing,1,28,3.0,5,0,0,79
43578,Sales & Marketing,region_22,Bachelors,m,sourcing,1,41,4.0,5,1,0,49
77600,Sales & Marketing,region_23,Bachelors,m,other,1,36,4.0,5,1,0,47
68440,Analytics,region_5,Bachelors,m,sourcing,1,31,1.0,2,0,0,80
69083,Analytics,region_29,Bachelors,f,sourcing,2,30,4.0,4,0,0,86
73339,Sales & Marketing,region_2,,m,sourcing,1,26,3.0,3,0,0,51
13548,Operations,region_11,Bachelors,m,other,1,32,4.0,4,0,0,56
70612,Sales & Marketing,region_4,Masters & above,m,other,1,37,5.0,3,1,0,52
34437,Analytics,region_26,Bachelors,m,sourcing,1,27,,1,0,0,87
24546,Finance,region_22,Bachelors,m,other,2,31,3.0,3,0,0,62
23859,Technology,region_7,Bachelors,m,referred,1,32,5.0,6,1,0,86
43271,Analytics,region_26,Bachelors,m,sourcing,2,26,,1,0,0,84
43822,Finance,region_2,Bachelors,m,other,1,30,5.0,8,1,0,65
5726,Operations,region_15,Bachelors,f,other,1,32,3.0,6,1,0,57
60862,Sales & Marketing,region_1,Masters & above,m,other,1,36,4.0,3,0,0,51
55199,Procurement,region_17,Bachelors,m,other,1,35,3.0,10,0,0,81
35102,Sales & Marketing,region_32,Bachelors,m,other,1,31,3.0,5,0,0,53
26759,HR,region_16,Bachelors,m,other,1,31,5.0,4,0,0,47
46283,Procurement,region_2,Masters & above,f,sourcing,1,50,4.0,7,1,0,67
57870,Sales & Marketing,region_28,,m,sourcing,1,30,2.0,3,1,0,49
52480,Finance,region_26,Bachelors,f,sourcing,1,28,4.0,3,1,0,63
21906,Operations,region_13,Bachelors,m,sourcing,1,40,3.0,7,0,0,58
49183,Legal,region_2,Bachelors,m,other,1,55,3.0,8,0,0,62
32673,Technology,region_22,Masters & above,m,sourcing,1,34,3.0,6,1,0,80
46517,Operations,region_8,Bachelors,f,other,1,32,3.0,7,1,0,96
16665,Sales & Marketing,region_32,,m,sourcing,1,25,,1,0,0,53
65972,Sales & Marketing,region_22,,m,other,1,25,3.0,2,0,0,50
16624,Sales & Marketing,region_32,,f,other,1,27,5.0,5,0,0,51
26374,Operations,region_16,Bachelors,m,other,1,27,4.0,2,0,0,59
65909,Operations,region_2,Bachelors,f,other,1,47,5.0,2,1,0,63
31774,Sales & Marketing,region_31,Masters & above,m,other,1,34,2.0,3,0,0,48
28769,Procurement,region_2,Masters & above,f,sourcing,1,34,4.0,4,1,0,73
21312,Technology,region_11,Masters & above,f,other,1,39,4.0,4,1,0,76
36215,Sales & Marketing,region_7,Masters & above,f,other,1,34,1.0,7,0,0,49
70505,Sales & Marketing,region_12,Bachelors,m,other,1,29,1.0,2,0,0,48
66076,Sales & Marketing,region_4,Masters & above,m,other,1,37,5.0,9,0,0,49
29081,Sales & Marketing,region_22,Bachelors,m,other,1,31,4.0,7,1,0,49
14465,Procurement,region_31,Masters & above,m,other,1,40,3.0,8,0,0,69
55170,Operations,region_29,Bachelors,f,sourcing,1,30,5.0,2,1,0,61
14628,Sales & Marketing,region_20,Bachelors,m,other,2,27,,1,1,1,48
47062,Technology,region_2,Bachelors,f,other,1,31,5.0,4,0,0,81
15814,Analytics,region_21,Bachelors,m,other,1,26,2.0,2,0,0,87
63223,Analytics,region_27,,m,sourcing,1,30,5.0,6,1,0,87
28264,Sales & Marketing,region_2,Bachelors,m,sourcing,1,50,4.0,19,0,0,49
31749,Legal,region_2,Masters & above,m,other,1,45,1.0,15,0,0,63
16337,Procurement,region_10,Masters & above,f,other,1,44,3.0,16,0,0,68
5661,Procurement,region_2,Bachelors,f,other,2,45,3.0,5,0,0,70
51865,Analytics,region_27,Bachelors,m,other,1,34,4.0,10,0,0,86
43819,Sales & Marketing,region_31,Bachelors,f,sourcing,1,26,1.0,2,0,0,50
46755,Sales & Marketing,region_14,Masters & above,m,sourcing,1,32,2.0,5,0,0,48
56878,Operations,region_2,,m,other,1,31,1.0,2,0,0,58
28198,Procurement,region_2,Bachelors,f,sourcing,1,32,5.0,6,1,0,69
49764,Procurement,region_34,Masters & above,f,sourcing,1,36,3.0,3,1,0,70
54340,Operations,region_7,Masters & above,f,other,1,36,4.0,8,1,0,61
56459,Technology,region_2,Bachelors,m,other,1,27,4.0,3,1,0,83
11281,Operations,region_29,Bachelors,m,other,1,26,3.0,2,0,0,58
2266,Operations,region_22,Bachelors,m,sourcing,1,26,1.0,3,0,0,59
21200,Technology,region_13,Masters & above,f,sourcing,1,43,3.0,12,0,0,79
73,Operations,region_32,Bachelors,m,sourcing,1,26,3.0,3,0,0,57
50855,Sales & Marketing,region_34,Bachelors,m,sourcing,1,34,3.0,8,0,0,51
250,Sales & Marketing,region_16,Masters & above,f,sourcing,1,34,3.0,2,1,0,49
69509,Sales & Marketing,region_16,Masters & above,m,other,1,40,4.0,10,0,0,48
51580,Analytics,region_29,Bachelors,m,other,1,31,4.0,6,1,0,87
69922,Sales & Marketing,region_14,Bachelors,f,sourcing,1,33,4.0,8,1,0,49
57253,Operations,region_2,Masters & above,m,other,1,54,5.0,31,1,0,58
17206,Sales & Marketing,region_34,Bachelors,m,sourcing,1,36,5.0,8,1,0,47
45376,Operations,region_2,Bachelors,f,other,1,30,5.0,2,0,0,61
32573,Operations,region_2,Masters & above,f,other,1,36,5.0,8,1,0,62
15200,Analytics,region_26,Bachelors,m,other,1,28,,1,1,0,86
16424,Sales & Marketing,region_31,Bachelors,f,sourcing,1,29,4.0,2,0,0,48
1943,Sales & Marketing,region_13,Masters & above,m,sourcing,1,43,5.0,2,1,0,53
63393,Operations,region_10,Bachelors,m,other,1,30,5.0,7,1,0,61
64688,Sales & Marketing,region_31,Bachelors,m,sourcing,2,28,1.0,4,0,0,52
3485,Procurement,region_15,Bachelors,m,other,1,34,4.0,6,0,0,61
313,Operations,region_24,Bachelors,m,other,1,25,3.0,4,0,0,59
60931,Sales & Marketing,region_14,Masters & above,m,other,1,45,4.0,6,0,0,49
30116,R&D,region_22,Masters & above,m,other,2,35,4.0,9,0,0,81
32696,Finance,region_2,Bachelors,f,sourcing,1,26,1.0,3,0,0,61
41367,Sales & Marketing,region_7,Masters & above,m,sourcing,2,37,5.0,7,0,0,49
56418,Technology,region_5,Bachelors,m,other,1,35,3.0,8,0,0,76
11362,Finance,region_22,Bachelors,m,other,1,26,5.0,3,1,0,57
1010,Sales & Marketing,region_11,Bachelors,m,sourcing,1,49,5.0,4,1,0,49
73552,Analytics,region_2,Bachelors,m,other,2,33,4.0,5,0,0,84
49104,Operations,region_22,Bachelors,f,other,1,27,,1,0,0,57
22425,Operations,region_10,Bachelors,f,other,2,31,,1,0,0,58
75678,Analytics,region_7,Bachelors,m,other,3,40,5.0,10,0,0,86
12103,Operations,region_24,Bachelors,f,other,1,27,3.0,3,0,0,59
37039,Analytics,region_22,Bachelors,m,sourcing,1,27,4.0,2,1,0,85
36844,Sales & Marketing,region_19,Bachelors,m,other,2,33,1.0,6,0,0,47
22045,Operations,region_22,Masters & above,m,other,1,47,4.0,4,1,0,56
49643,Sales & Marketing,region_22,Bachelors,m,other,1,36,5.0,7,1,0,48
10260,Sales & Marketing,region_32,,m,other,1,28,1.0,5,0,0,47
47348,Analytics,region_6,Bachelors,m,other,2,27,,1,1,1,86
19395,Operations,region_32,Bachelors,m,other,1,36,3.0,7,0,0,94
8210,Operations,region_17,Bachelors,f,other,1,26,3.0,2,1,0,61
28954,Analytics,region_31,Bachelors,m,other,2,45,5.0,17,1,0,88
64891,Analytics,region_2,Masters & above,m,other,1,41,2.0,14,0,0,85
74034,Sales & Marketing,region_1,Bachelors,m,other,3,27,,1,0,0,47
71363,Sales & Marketing,region_7,Bachelors,m,sourcing,1,39,5.0,5,1,0,50
34779,Sales & Marketing,region_25,Masters & above,m,sourcing,1,39,5.0,2,1,0,46
47179,Operations,region_2,Masters & above,m,sourcing,1,54,3.0,19,0,0,60
77948,Finance,region_32,Bachelors,m,other,2,32,5.0,7,1,0,60
40264,Sales & Marketing,region_2,,m,other,1,34,3.0,7,1,0,48
72511,Analytics,region_4,Bachelors,m,sourcing,1,32,3.0,5,0,0,85
54302,Technology,region_16,Bachelors,f,other,2,35,1.0,4,0,0,81
62481,Technology,region_7,Masters & above,f,sourcing,1,41,3.0,7,0,0,78
57034,Sales & Marketing,region_19,Bachelors,m,other,1,34,3.0,4,0,0,46
24795,Operations,region_7,Masters & above,f,sourcing,1,32,3.0,5,1,0,62
54231,HR,region_2,Masters & above,f,sourcing,1,60,5.0,10,1,0,50
76692,Sales & Marketing,region_7,Masters & above,m,other,1,38,3.0,11,1,0,48
54338,Operations,region_27,Masters & above,f,sourcing,1,38,5.0,2,1,0,53
38093,Operations,region_2,Bachelors,m,sourcing,1,57,5.0,29,0,0,57
26196,Procurement,region_34,Bachelors,m,other,1,30,4.0,4,1,0,70
33838,Technology,region_26,Bachelors,f,other,1,43,2.0,13,0,0,80
35499,Finance,region_2,Bachelors,f,other,1,55,3.0,4,1,0,60
18298,Technology,region_10,Bachelors,f,other,1,31,3.0,3,0,0,80
41236,Operations,region_6,Bachelors,f,sourcing,1,27,3.0,4,0,0,59
66745,HR,region_22,Bachelors,m,other,1,26,,1,1,0,48
8723,Sales & Marketing,region_2,Masters & above,m,other,2,38,3.0,3,0,0,50
17233,Sales & Marketing,region_9,Masters & above,m,other,2,32,1.0,4,0,0,50
60145,Sales & Marketing,region_2,Bachelors,m,sourcing,1,43,5.0,5,0,0,48
70545,Sales & Marketing,region_9,,m,other,1,30,5.0,2,0,0,48
45614,Procurement,region_2,Masters & above,f,other,1,52,3.0,4,1,0,69
61294,Operations,region_22,Bachelors,m,sourcing,1,29,3.0,3,0,0,57
546,Analytics,region_22,Bachelors,m,other,5,29,3.0,6,0,0,86
67577,Analytics,region_16,Bachelors,m,other,1,35,3.0,7,1,0,90
21451,Operations,region_23,Masters & above,m,other,1,42,3.0,3,0,0,58
43146,Technology,region_17,Bachelors,f,other,1,32,3.0,5,0,0,81
37023,Sales & Marketing,region_1,Masters & above,f,other,1,39,5.0,7,1,0,46
55430,Finance,region_2,Masters & above,m,sourcing,1,54,5.0,18,1,0,61
66924,Sales & Marketing,region_20,Bachelors,m,sourcing,1,30,1.0,3,0,0,48
37014,Analytics,region_2,Bachelors,m,other,1,48,3.0,15,0,0,85
49131,Procurement,region_2,Bachelors,m,sourcing,5,29,5.0,4,1,0,69
33451,Sales & Marketing,region_16,Bachelors,m,other,1,29,1.0,4,0,0,47
40384,Sales & Marketing,region_2,Bachelors,f,other,1,47,5.0,6,0,0,48
33913,Operations,region_2,Bachelors,m,other,1,33,4.0,2,1,0,61
34829,Procurement,region_16,Bachelors,m,sourcing,1,33,3.0,10,0,0,70
25793,Analytics,region_28,Masters & above,m,other,2,36,5.0,7,0,0,85
49817,Sales & Marketing,region_27,Bachelors,f,sourcing,1,31,1.0,7,0,0,47
65287,Technology,region_2,Bachelors,m,other,1,42,3.0,4,0,0,82
77514,Sales & Marketing,region_2,Bachelors,m,sourcing,1,55,4.0,24,0,0,51
4801,Sales & Marketing,region_32,Bachelors,f,other,1,28,3.0,2,0,0,55
32466,Sales & Marketing,region_7,Bachelors,m,other,1,25,4.0,2,1,0,50
16565,Analytics,region_22,Bachelors,m,other,4,25,4.0,3,0,0,82
6237,Finance,region_23,Masters & above,m,other,1,35,3.0,7,0,0,55
52830,Sales & Marketing,region_13,Bachelors,f,sourcing,1,32,1.0,2,0,0,53
60471,Operations,region_2,Bachelors,m,sourcing,1,39,3.0,9,1,0,54
73583,Technology,region_16,Bachelors,m,other,1,25,3.0,3,0,0,82
28630,Operations,region_4,Masters & above,m,other,1,35,3.0,3,0,0,62
3694,HR,region_26,Bachelors,m,other,1,28,5.0,3,1,0,53
10792,Sales & Marketing,region_6,Bachelors,f,other,1,28,5.0,6,1,0,54
72249,Analytics,region_28,Masters & above,f,other,1,32,5.0,4,1,0,85
43545,Procurement,region_2,Bachelors,f,sourcing,3,27,1.0,6,0,0,67
51397,Sales & Marketing,region_24,Bachelors,m,other,1,26,1.0,3,0,0,47
59813,Technology,region_26,Masters & above,m,sourcing,1,32,3.0,8,0,0,79
74624,Analytics,region_22,Bachelors,f,other,1,30,5.0,3,1,1,81
12523,Operations,region_4,Bachelors,m,other,1,29,4.0,4,1,0,59
23001,HR,region_2,Bachelors,f,sourcing,1,52,3.0,18,0,0,49
63819,Procurement,region_2,Masters & above,f,other,1,52,5.0,16,1,0,69
2826,Sales & Marketing,region_27,Bachelors,f,other,1,25,5.0,2,0,0,49
3986,Analytics,region_27,Bachelors,m,other,1,39,3.0,10,0,0,84
70696,Technology,region_13,Bachelors,m,other,1,29,3.0,5,0,0,82
5672,Technology,region_7,Bachelors,f,sourcing,1,33,4.0,4,0,0,78
69938,Technology,region_26,Bachelors,m,sourcing,1,30,4.0,8,0,0,77
29382,Analytics,region_24,Masters & above,m,other,1,39,2.0,10,0,0,86
51691,Sales & Marketing,region_7,Bachelors,m,other,2,36,3.0,7,0,0,45
25734,Procurement,region_13,Bachelors,m,other,1,30,4.0,5,0,0,71
70295,Technology,region_14,Bachelors,f,other,1,33,3.0,6,0,0,80
16142,Technology,region_16,Bachelors,f,sourcing,1,33,3.0,8,0,0,78
72307,Sales & Marketing,region_8,Bachelors,m,other,1,30,3.0,4,0,0,52
65513,Technology,region_31,Bachelors,m,sourcing,1,27,3.0,4,0,0,77
50937,Finance,region_20,Bachelors,m,sourcing,4,35,3.0,7,1,0,58
49293,Sales & Marketing,region_2,Bachelors,m,other,1,39,4.0,10,1,0,48
18151,HR,region_3,Bachelors,f,other,1,30,5.0,7,1,0,49
65333,Operations,region_19,Bachelors,m,sourcing,1,40,5.0,6,1,0,53
71548,Operations,region_22,Masters & above,m,other,1,39,4.0,15,0,0,62
23390,Sales & Marketing,region_26,Bachelors,m,other,1,35,2.0,6,0,0,52
74260,Analytics,region_16,Bachelors,m,sourcing,1,28,3.0,3,0,0,87
22665,Technology,region_29,Bachelors,m,sourcing,1,25,4.0,2,1,0,80
18718,Sales & Marketing,region_2,Bachelors,m,referred,1,33,3.0,6,1,0,87
24522,Sales & Marketing,region_23,Bachelors,m,other,1,38,5.0,7,1,0,48
34219,Operations,region_19,Bachelors,m,other,1,31,3.0,6,0,0,64
24547,Technology,region_31,Bachelors,f,other,1,31,1.0,6,0,0,80
23640,Operations,region_13,Masters & above,f,other,2,36,3.0,4,1,0,60
53054,Technology,region_7,Bachelors,m,sourcing,2,32,2.0,5,0,0,75
21860,Procurement,region_7,Masters & above,f,other,1,38,5.0,9,0,0,85
62869,Operations,region_32,Bachelors,m,other,1,37,4.0,4,1,0,61
23383,Sales & Marketing,region_9,Bachelors,m,other,2,28,2.0,5,0,0,49
60319,Procurement,region_7,Bachelors,f,other,1,29,3.0,5,0,0,72
41998,Operations,region_32,Bachelors,f,other,1,31,5.0,4,1,0,57
7660,Analytics,region_26,Bachelors,f,other,1,30,5.0,1,1,0,84
25695,Technology,region_7,Bachelors,m,sourcing,1,44,4.0,4,0,0,83
23160,Operations,region_13,Bachelors,m,other,1,31,5.0,7,1,0,56
33880,Sales & Marketing,region_13,Bachelors,f,other,1,32,3.0,6,0,0,53
71473,Analytics,region_13,Bachelors,m,other,1,42,5.0,4,1,0,85
33829,Operations,region_7,Bachelors,m,sourcing,1,53,3.0,6,0,0,60
1089,HR,region_26,Below Secondary,m,other,1,23,5.0,2,0,0,50
78144,Procurement,region_2,Masters & above,m,sourcing,1,37,1.0,5,0,0,68
19091,Sales & Marketing,region_22,Masters & above,f,other,1,34,4.0,4,1,0,53
66513,Sales & Marketing,region_11,Bachelors,m,other,1,30,3.0,3,0,0,44
15012,Sales & Marketing,region_7,Bachelors,f,sourcing,1,38,4.0,11,0,0,46
42214,Sales & Marketing,region_7,Bachelors,m,sourcing,2,32,3.0,7,0,0,48
13742,Operations,region_2,Bachelors,m,sourcing,1,30,4.0,4,1,0,57
54214,Technology,region_2,Bachelors,f,other,1,53,4.0,17,0,0,79
12164,Technology,region_7,Masters & above,f,sourcing,1,33,5.0,2,1,0,81
49181,Finance,region_27,Bachelors,m,other,1,37,4.0,9,0,0,59
5199,Operations,region_24,Bachelors,f,sourcing,1,27,,1,0,0,60
24937,Operations,region_27,Bachelors,m,sourcing,1,35,3.0,8,0,0,62
20965,Sales & Marketing,region_30,Bachelors,m,sourcing,1,27,4.0,2,0,0,46
21869,Operations,region_16,Bachelors,m,other,1,31,5.0,4,1,0,62
32974,Procurement,region_22,Masters & above,m,sourcing,2,36,3.0,5,1,0,68
37075,Procurement,region_2,Bachelors,f,other,1,25,2.0,3,0,0,69
9800,Technology,region_16,Bachelors,m,other,1,35,5.0,5,1,0,74
35695,Analytics,region_28,Masters & above,m,other,1,34,1.0,5,0,0,83
27544,Operations,region_17,Bachelors,m,other,1,24,1.0,2,0,0,59
3965,Procurement,region_2,Below Secondary,m,sourcing,2,22,,1,0,0,71
72695,Procurement,region_2,Masters & above,m,other,1,32,2.0,3,0,0,69
29088,Operations,region_14,Bachelors,m,sourcing,1,35,4.0,3,1,0,59
31781,Operations,region_17,Masters & above,m,other,1,44,5.0,4,1,0,62
19474,Operations,region_22,Masters & above,f,sourcing,2,34,3.0,9,0,0,58
12494,Sales & Marketing,region_25,Masters & above,f,other,1,33,1.0,8,0,0,50
26905,Sales & Marketing,region_4,Bachelors,m,sourcing,2,35,3.0,9,0,0,50
49675,Analytics,region_9,Masters & above,m,sourcing,1,29,,1,1,0,88
12868,R&D,region_22,Bachelors,m,sourcing,2,29,5.0,5,1,0,87
26367,Analytics,region_9,Bachelors,m,sourcing,1,28,5.0,4,1,0,83
4492,Analytics,region_2,Bachelors,m,sourcing,1,33,5.0,6,1,0,83
20686,Operations,region_2,Bachelors,f,other,1,31,2.0,7,0,0,56
60076,Technology,region_1,Masters & above,f,other,1,38,3.0,4,1,0,81
18957,Operations,region_30,Bachelors,f,sourcing,1,40,5.0,4,1,0,58
68027,Sales & Marketing,region_26,Bachelors,m,other,1,36,3.0,9,0,0,49
43887,Sales & Marketing,region_2,Masters & above,f,sourcing,1,56,1.0,7,0,0,51
58540,Procurement,region_15,Bachelors,f,sourcing,2,30,3.0,6,0,0,64
41949,Sales & Marketing,region_26,Masters & above,m,sourcing,1,44,1.0,3,0,0,49
72606,Procurement,region_2,Bachelors,f,sourcing,1,38,1.0,11,0,0,66
30380,Operations,region_2,Masters & above,m,sourcing,1,57,3.0,5,0,0,61
49523,Procurement,region_23,Bachelors,f,sourcing,1,32,4.0,5,0,0,69
5249,Legal,region_22,Below Secondary,m,other,1,25,5.0,2,1,0,70
8087,Finance,region_7,Bachelors,m,sourcing,1,33,3.0,9,0,0,63
71165,Sales & Marketing,region_22,Bachelors,m,sourcing,1,34,2.0,7,0,0,46
26027,Procurement,region_27,Bachelors,m,sourcing,2,26,3.0,3,0,0,71
23296,Technology,region_2,Bachelors,f,other,1,45,3.0,7,0,0,78
11781,R&D,region_8,Masters & above,m,sourcing,1,27,3.0,2,0,0,82
28200,HR,region_26,Bachelors,f,sourcing,1,27,5.0,3,1,0,52
54403,Sales & Marketing,region_26,Bachelors,m,other,1,27,4.0,4,0,0,48
9686,Sales & Marketing,region_32,,m,other,1,28,4.0,1,0,0,45
37020,Sales & Marketing,region_28,Masters & above,m,other,1,43,3.0,6,0,0,48
63147,Operations,region_2,Bachelors,f,sourcing,1,56,1.0,17,0,0,62
13843,Operations,region_7,Masters & above,m,other,1,36,3.0,8,0,0,63
69875,HR,region_7,Masters & above,m,other,1,37,3.0,7,1,0,52
65732,Operations,region_22,Masters & above,f,other,1,41,4.0,6,0,0,55
21591,Technology,region_22,Bachelors,m,other,1,39,3.0,4,1,0,77
2045,Technology,region_16,Masters & above,f,sourcing,1,33,1.0,6,0,0,79
20375,HR,region_2,Bachelors,m,sourcing,1,26,4.0,2,0,0,47
69657,Operations,region_2,Masters & above,m,other,1,33,5.0,4,1,0,62
9438,Sales & Marketing,region_19,Bachelors,m,sourcing,1,35,3.0,7,0,0,49
26883,Analytics,region_27,Bachelors,m,sourcing,3,29,5.0,5,0,0,87
56293,Sales & Marketing,region_22,Bachelors,m,sourcing,1,29,4.0,4,1,0,46
66010,HR,region_8,Bachelors,m,other,1,33,5.0,4,1,0,50
68072,Operations,region_13,Masters & above,m,other,1,42,2.0,3,0,0,61
19443,Procurement,region_2,Below Secondary,m,sourcing,2,22,,1,1,0,70
21548,Analytics,region_2,Bachelors,m,sourcing,2,24,3.0,2,0,0,84
73199,Operations,region_29,Bachelors,f,other,1,32,4.0,6,0,0,62
472,Analytics,region_17,Bachelors,m,other,1,28,4.0,9,0,0,83
21045,Sales & Marketing,region_13,Bachelors,m,sourcing,1,26,5.0,3,1,0,47
26224,Sales & Marketing,region_2,Masters & above,f,sourcing,1,45,5.0,8,1,0,49
27151,Sales & Marketing,region_3,Bachelors,m,other,1,33,5.0,7,1,0,51
75727,Analytics,region_32,Bachelors,m,other,1,27,,1,0,0,83
71726,Sales & Marketing,region_9,Masters & above,m,other,1,34,3.0,8,0,0,52
56380,Sales & Marketing,region_2,,m,sourcing,1,42,3.0,14,0,0,46
72991,Operations,region_27,Masters & above,m,other,1,40,5.0,9,1,0,60
43237,Sales & Marketing,region_22,Bachelors,f,sourcing,1,26,,1,1,0,46
60026,Technology,region_2,Bachelors,m,referred,1,32,3.0,6,0,0,83
41551,Technology,region_20,Masters & above,m,sourcing,1,36,3.0,8,1,0,82
53295,Sales & Marketing,region_27,Bachelors,f,sourcing,2,26,4.0,3,0,0,52
19533,Technology,region_33,Masters & above,m,sourcing,1,59,1.0,4,0,0,82
66345,Operations,region_4,Masters & above,m,other,1,33,4.0,3,0,1,69
8500,Sales & Marketing,region_31,Bachelors,m,sourcing,1,49,3.0,20,0,0,51
16582,Operations,region_22,Bachelors,m,other,1,52,4.0,8,1,0,60
59295,Analytics,region_22,Bachelors,m,sourcing,2,33,3.0,5,1,0,88
15048,Sales & Marketing,region_15,Bachelors,m,sourcing,1,27,2.0,2,0,0,44
9623,Analytics,region_15,Masters & above,m,other,2,29,1.0,3,0,0,83
53682,Sales & Marketing,region_2,Masters & above,m,sourcing,1,34,4.0,10,1,0,85
12219,Operations,region_2,Below Secondary,m,other,2,24,3.0,5,0,0,59
10373,Analytics,region_7,Bachelors,m,other,1,29,5.0,2,0,0,85
66570,Legal,region_2,Bachelors,m,other,1,47,3.0,5,1,0,56
42096,Sales & Marketing,region_27,Bachelors,m,other,2,37,1.0,4,0,0,53
29785,Sales & Marketing,region_31,Bachelors,m,sourcing,1,38,5.0,2,1,0,53
62087,Sales & Marketing,region_2,,m,sourcing,1,34,5.0,4,1,0,52
24878,Sales & Marketing,region_16,Bachelors,m,sourcing,1,35,4.0,4,0,0,48
65404,Sales & Marketing,region_2,Masters & above,f,sourcing,2,32,1.0,5,0,0,45
72365,Analytics,region_26,Bachelors,m,other,1,49,5.0,17,1,0,82
73061,Sales & Marketing,region_7,Masters & above,m,other,1,34,5.0,9,1,0,52
20450,Sales & Marketing,region_17,Bachelors,m,sourcing,1,44,1.0,15,0,0,46
71609,Sales & Marketing,region_24,Bachelors,m,other,1,32,3.0,7,0,0,44
55944,Technology,region_22,Bachelors,m,other,1,29,4.0,4,1,0,80
52520,Sales & Marketing,region_2,Bachelors,m,other,1,27,1.0,3,0,0,45
33684,Sales & Marketing,region_2,Bachelors,m,referred,3,31,3.0,5,1,0,51
11098,Sales & Marketing,region_14,Bachelors,f,sourcing,1,37,3.0,5,0,0,45
10244,Technology,region_2,Bachelors,m,sourcing,1,26,4.0,3,1,0,81
70758,Analytics,region_32,Bachelors,m,sourcing,1,23,5.0,2,1,0,83
66679,Operations,region_22,Masters & above,m,other,1,29,1.0,3,1,0,59
46711,Operations,region_2,,f,other,1,49,3.0,10,0,0,58
60014,Procurement,region_2,Masters & above,m,other,2,47,3.0,4,0,0,71
39928,Sales & Marketing,region_11,Bachelors,m,sourcing,1,26,,1,0,0,49
62059,Sales & Marketing,region_15,Bachelors,m,sourcing,4,25,,1,0,0,52
59576,Finance,region_22,Bachelors,m,sourcing,1,31,4.0,6,1,0,61
45852,Procurement,region_15,Bachelors,m,other,1,33,2.0,7,0,0,69
68867,Sales & Marketing,region_15,Bachelors,m,sourcing,1,41,2.0,5,1,0,53
72650,Operations,region_2,Bachelors,f,referred,1,37,3.0,2,1,0,58
25135,Analytics,region_3,Bachelors,m,other,1,30,3.0,6,0,0,83
37321,Operations,region_14,Masters & above,m,other,1,39,1.0,5,1,0,62
65363,Analytics,region_8,Bachelors,m,other,1,26,,1,0,0,92
62841,Technology,region_13,Bachelors,m,other,1,35,3.0,2,0,0,74
2251,Operations,region_2,Bachelors,f,other,1,41,5.0,6,1,0,58
64099,Operations,region_2,Below Secondary,m,sourcing,1,24,,1,1,0,61
658,Sales & Marketing,region_13,Masters & above,m,sourcing,1,36,1.0,7,0,0,48
54720,Technology,region_16,Masters & above,f,other,1,34,3.0,6,0,0,79
19339,Procurement,region_22,Bachelors,m,other,2,29,3.0,1,0,0,64
6596,Sales & Marketing,region_2,Masters & above,m,sourcing,1,38,4.0,4,0,0,49
40091,Finance,region_7,Masters & above,f,other,2,37,4.0,10,1,0,60
7797,Operations,region_22,Bachelors,m,other,1,33,4.0,8,0,0,60
21772,Sales & Marketing,region_28,Bachelors,m,sourcing,1,36,1.0,3,1,0,49
16945,Procurement,region_22,Bachelors,f,other,3,25,4.0,3,0,0,69
15766,HR,region_2,Masters & above,m,sourcing,1,45,5.0,5,1,0,45
12934,Procurement,region_7,Masters & above,m,other,6,39,3.0,3,0,0,65
76484,Analytics,region_9,Bachelors,m,sourcing,1,26,,1,0,0,82
1969,Analytics,region_13,Bachelors,m,sourcing,1,30,3.0,2,1,0,81
57307,Sales & Marketing,region_7,Bachelors,m,sourcing,1,30,3.0,7,1,0,48
49656,Procurement,region_30,Bachelors,f,other,1,32,3.0,5,0,0,72
41335,Sales & Marketing,region_19,Bachelors,m,sourcing,1,36,5.0,4,1,0,52
48114,Sales & Marketing,region_19,Masters & above,m,other,2,35,2.0,6,0,0,46
66683,Sales & Marketing,region_20,Bachelors,m,other,1,26,,1,0,0,51
57415,Sales & Marketing,region_16,Bachelors,m,other,1,48,4.0,15,0,0,51
20786,Operations,region_2,Bachelors,m,sourcing,2,42,4.0,11,1,1,58
4782,Sales & Marketing,region_31,Bachelors,f,other,1,35,3.0,7,0,0,53
17315,Sales & Marketing,region_7,Masters & above,m,sourcing,1,42,3.0,12,0,0,53
71656,Sales & Marketing,region_13,,m,other,1,22,,1,1,0,46
42985,Operations,region_22,Bachelors,f,sourcing,2,35,3.0,7,0,0,59
2054,Sales & Marketing,region_22,Bachelors,m,sourcing,2,25,,1,0,0,49
4787,Technology,region_31,Masters & above,m,other,1,50,3.0,5,0,0,78
51043,Analytics,region_7,Masters & above,m,other,2,34,5.0,6,0,0,82
45808,Analytics,region_4,Bachelors,m,sourcing,2,31,5.0,6,1,0,86
12986,Technology,region_2,Below Secondary,f,sourcing,1,24,4.0,2,0,0,81
65483,Sales & Marketing,region_4,Bachelors,m,sourcing,1,36,3.0,7,0,0,47
63714,Technology,region_4,Masters & above,m,sourcing,1,36,3.0,4,0,0,76
15608,Sales & Marketing,region_2,Bachelors,m,other,1,54,3.0,4,1,0,54
36328,Operations,region_2,Masters & above,f,sourcing,1,47,3.0,15,0,0,59
17578,Sales & Marketing,region_2,Bachelors,f,sourcing,2,37,3.0,7,0,0,46
56486,Procurement,region_2,Masters & above,f,other,1,37,1.0,5,0,0,70
40588,Sales & Marketing,region_2,Bachelors,m,sourcing,1,40,3.0,7,0,0,51
7437,Sales & Marketing,region_14,Masters & above,m,other,1,38,4.0,8,0,0,51
69179,Procurement,region_7,Masters & above,m,sourcing,1,38,3.0,10,0,0,70
38158,Sales & Marketing,region_3,,m,sourcing,1,24,2.0,2,0,0,49
40658,Sales & Marketing,region_30,Bachelors,m,sourcing,1,30,5.0,7,0,0,52
69870,Operations,region_13,Bachelors,f,sourcing,2,33,3.0,7,0,0,60
25032,Sales & Marketing,region_22,Bachelors,f,other,1,36,1.0,7,0,0,46
66910,Operations,region_19,Bachelors,m,sourcing,2,31,5.0,3,0,0,63
49974,HR,region_2,,m,sourcing,1,30,5.0,7,1,0,50
55845,Sales & Marketing,region_26,Bachelors,m,other,1,44,5.0,14,1,0,50
77651,Operations,region_8,Masters & above,m,sourcing,2,32,5.0,3,1,0,63
50900,Operations,region_22,Bachelors,m,other,2,29,,1,0,0,60
29416,Analytics,region_2,Masters & above,m,sourcing,1,35,4.0,11,0,0,83
16070,Analytics,region_31,Bachelors,f,other,2,28,3.0,4,0,0,89
35556,HR,region_4,Bachelors,m,other,2,29,3.0,4,1,0,52
32799,Operations,region_19,Bachelors,m,sourcing,1,46,3.0,3,1,0,61
6797,HR,region_22,Bachelors,m,referred,1,26,3.0,2,0,0,51
21485,Sales & Marketing,region_20,Bachelors,m,sourcing,1,29,5.0,2,1,0,52
23155,Sales & Marketing,region_13,Bachelors,m,sourcing,1,35,3.0,9,0,0,47
64297,Technology,region_2,Masters & above,f,other,1,37,1.0,10,0,0,82
22729,Operations,region_2,,f,sourcing,1,43,5.0,18,0,0,73
47459,Technology,region_22,Bachelors,f,sourcing,3,27,4.0,4,0,0,85
77014,Technology,region_13,Bachelors,f,other,1,31,2.0,8,0,0,83
49875,Sales & Marketing,region_11,Bachelors,m,other,2,30,1.0,3,0,0,47
72529,Sales & Marketing,region_22,Bachelors,m,sourcing,3,31,3.0,8,0,0,52
51040,Finance,region_26,Bachelors,m,sourcing,1,29,5.0,5,1,0,96
4775,Analytics,region_22,Bachelors,m,other,1,39,5.0,9,1,0,81
63099,Procurement,region_4,Masters & above,m,sourcing,1,50,3.0,6,1,0,64
75453,R&D,region_2,Bachelors,m,other,4,31,5.0,5,1,0,87
43481,Technology,region_23,Bachelors,m,sourcing,2,33,3.0,4,0,0,73
31478,Finance,region_2,Bachelors,m,sourcing,1,32,5.0,6,0,0,59
21957,Finance,region_22,Masters & above,m,sourcing,2,30,1.0,6,1,0,59
63032,Technology,region_29,Masters & above,f,other,1,34,2.0,7,0,0,81
60395,Analytics,region_22,Bachelors,m,referred,1,27,5.0,5,0,0,88
40232,Technology,region_2,Bachelors,m,sourcing,2,31,3.0,3,0,0,84
62798,Sales & Marketing,region_31,Bachelors,m,other,4,25,,1,0,0,50
53716,Technology,region_1,Masters & above,f,sourcing,1,38,1.0,8,0,0,80
20365,Sales & Marketing,region_1,Bachelors,m,sourcing,1,27,3.0,4,0,0,51
5770,Sales & Marketing,region_26,Bachelors,f,sourcing,1,27,2.0,4,0,0,53
59650,Technology,region_31,Masters & above,m,other,2,30,,1,1,0,69
37669,Procurement,region_13,Bachelors,m,other,1,29,,1,0,0,68
51791,Technology,region_7,Bachelors,f,sourcing,1,35,3.0,7,0,0,77
76025,Technology,region_33,Masters & above,m,other,1,48,1.0,13,0,0,82
29856,Analytics,region_22,Bachelors,f,sourcing,1,29,3.0,4,0,0,83
18400,Sales & Marketing,region_7,Bachelors,m,other,2,29,1.0,2,0,0,50
12730,Operations,region_2,Bachelors,m,sourcing,1,44,3.0,15,1,0,60
13040,Technology,region_2,Bachelors,m,other,1,60,2.0,8,0,0,76
46344,Operations,region_26,Bachelors,m,other,1,28,3.0,4,0,0,90
25636,Operations,region_27,Bachelors,f,other,1,45,3.0,4,0,0,56
13978,Technology,region_2,Below Secondary,f,sourcing,1,25,,1,0,0,84
71225,Sales & Marketing,region_4,Masters & above,m,sourcing,1,34,2.0,8,0,0,46
6929,Sales & Marketing,region_28,Bachelors,f,sourcing,1,30,1.0,8,0,0,49
41903,Technology,region_7,Masters & above,f,other,2,33,1.0,5,0,0,81
76599,Sales & Marketing,region_28,Bachelors,f,sourcing,1,28,1.0,3,0,0,58
9029,Finance,region_2,Bachelors,m,other,1,32,3.0,5,0,0,56
28232,R&D,region_22,Masters & above,m,other,1,28,4.0,4,1,0,85
51508,Analytics,region_16,Bachelors,m,sourcing,1,34,5.0,6,0,0,81
35907,Procurement,region_34,Masters & above,m,sourcing,1,40,2.0,5,0,0,65
42032,Technology,region_15,Bachelors,f,other,1,27,3.0,3,0,0,79
49665,Operations,region_8,Bachelors,f,other,1,37,1.0,3,1,0,59
71265,Analytics,region_22,Bachelors,m,sourcing,2,30,3.0,4,0,0,83
38339,Operations,region_2,,f,other,1,27,4.0,2,0,0,59
43499,Technology,region_7,Masters & above,m,other,1,50,3.0,19,0,0,82
71703,Operations,region_22,Masters & above,m,other,1,50,5.0,3,0,0,62
22152,Operations,region_15,Bachelors,m,referred,1,39,5.0,8,0,0,60
30555,Operations,region_16,Bachelors,m,other,1,30,4.0,5,0,0,60
60907,Analytics,region_31,Bachelors,m,sourcing,2,29,5.0,5,1,0,83
44252,Procurement,region_13,Bachelors,m,other,3,50,3.0,4,1,0,70
11574,Sales & Marketing,region_22,Bachelors,f,other,1,32,3.0,3,0,0,53
68385,Procurement,region_7,Bachelors,m,sourcing,1,29,3.0,3,0,0,68
44278,Sales & Marketing,region_26,Bachelors,m,sourcing,1,42,4.0,5,0,0,50
69278,Technology,region_28,Bachelors,m,sourcing,1,30,1.0,5,0,0,81
23264,Procurement,region_15,Masters & above,m,other,1,41,3.0,5,0,0,66
57767,Procurement,region_13,Masters & above,f,other,1,45,2.0,2,0,0,66
42366,Sales & Marketing,region_23,,m,other,1,30,,1,0,0,48
4849,HR,region_2,Bachelors,f,other,1,37,5.0,10,0,0,46
20710,Sales & Marketing,region_22,Bachelors,m,other,1,43,3.0,12,0,0,48
11434,HR,region_2,Bachelors,f,other,1,33,4.0,4,0,0,50
57762,Operations,region_22,Masters & above,f,sourcing,1,35,5.0,7,1,0,62
66638,Sales & Marketing,region_7,,m,other,1,34,3.0,2,0,0,52
64981,HR,region_2,Masters & above,m,sourcing,1,33,3.0,3,1,0,52
38556,HR,region_22,Masters & above,m,sourcing,1,32,3.0,5,0,0,52
24573,Operations,region_12,Bachelors,m,other,1,28,5.0,4,0,0,64
37829,Sales & Marketing,region_11,Bachelors,m,other,2,47,4.0,17,0,0,52
51562,HR,region_31,Bachelors,m,sourcing,2,24,,1,1,0,52
24299,Operations,region_22,Bachelors,m,referred,1,28,5.0,4,1,0,56
49089,Operations,region_4,Masters & above,m,other,1,42,2.0,7,1,0,62
49543,Procurement,region_11,Bachelors,f,other,1,33,5.0,3,1,0,67
63822,Operations,region_4,Bachelors,m,other,1,45,5.0,8,1,0,58
73056,Technology,region_2,Masters & above,m,other,1,35,3.0,7,0,0,80
7426,Operations,region_4,Masters & above,m,other,1,37,3.0,5,1,0,58
76633,Operations,region_22,Bachelors,f,other,1,24,3.0,3,1,0,66
52080,Operations,region_34,Bachelors,m,other,2,27,3.0,5,0,0,55
68882,Operations,region_22,Bachelors,m,sourcing,2,33,4.0,4,0,0,59
24511,Procurement,region_4,Bachelors,f,other,3,30,3.0,6,0,0,71
74498,Analytics,region_22,,m,sourcing,1,27,,1,1,0,86
11682,Analytics,region_23,Masters & above,m,other,3,32,5.0,3,1,0,88
23605,Technology,region_26,Masters & above,f,other,1,33,4.0,5,1,0,77
75563,R&D,region_4,Masters & above,m,other,1,46,2.0,15,0,0,84
51640,Sales & Marketing,region_7,Masters & above,m,sourcing,1,41,3.0,8,0,0,49
19826,Procurement,region_19,Bachelors,m,sourcing,2,36,5.0,7,1,0,68
68174,Procurement,region_17,,f,other,1,27,4.0,4,0,0,73
7902,Sales & Marketing,region_25,,m,sourcing,2,26,,1,0,0,50
35260,HR,region_7,Masters & above,m,sourcing,1,39,4.0,8,0,0,46
32320,Sales & Marketing,region_22,Bachelors,m,sourcing,1,28,5.0,5,1,0,50
30429,Sales & Marketing,region_22,Masters & above,m,other,1,36,3.0,7,1,0,50
45800,Sales & Marketing,region_23,Bachelors,m,other,1,38,4.0,10,1,0,51
32257,Operations,region_22,Bachelors,f,sourcing,1,31,3.0,8,0,0,62
61035,Operations,region_2,Masters & above,m,sourcing,2,35,3.0,5,1,0,57
31030,Technology,region_23,Bachelors,m,sourcing,1,28,4.0,4,0,0,71
9230,HR,region_22,Masters & above,m,other,1,31,4.0,4,0,0,48
52721,Procurement,region_5,Bachelors,f,sourcing,2,31,2.0,2,1,0,70
47141,Sales & Marketing,region_13,Bachelors,m,sourcing,1,41,5.0,12,0,0,52
7184,Finance,region_32,Bachelors,m,sourcing,1,38,3.0,4,1,0,62
28696,R&D,region_7,Masters & above,m,other,4,36,3.0,3,1,0,85
44533,Sales & Marketing,region_7,Bachelors,m,sourcing,1,35,3.0,9,1,0,53
5368,Procurement,region_2,Bachelors,m,other,1,47,2.0,15,0,0,74
14644,Procurement,region_19,Bachelors,f,other,1,36,3.0,10,0,0,65
61483,Sales & Marketing,region_5,Masters & above,f,other,1,35,3.0,10,0,0,52
10413,Technology,region_23,Masters & above,m,other,1,37,5.0,3,1,0,80
36778,HR,region_13,Bachelors,m,sourcing,1,32,3.0,5,0,0,45
38298,Procurement,region_14,Bachelors,m,sourcing,1,43,3.0,6,1,0,74
5280,Analytics,region_22,Masters & above,f,sourcing,1,31,4.0,6,0,0,85
40141,Finance,region_31,Bachelors,m,other,2,34,5.0,8,0,0,64
13567,Operations,region_2,Masters & above,f,other,1,36,4.0,4,1,0,61
70994,HR,region_29,Bachelors,f,sourcing,1,33,5.0,6,1,0,54
40011,Operations,region_15,Bachelors,m,other,2,38,3.0,9,0,0,61
2811,Procurement,region_7,Masters & above,f,other,1,37,1.0,8,0,0,67
46893,Sales & Marketing,region_26,Bachelors,m,sourcing,1,33,4.0,4,0,0,50
65738,Analytics,region_16,Bachelors,m,sourcing,1,29,3.0,4,0,0,86
73568,Procurement,region_26,Bachelors,m,other,1,37,3.0,7,0,0,73
68261,Sales & Marketing,region_1,Bachelors,m,other,1,41,3.0,4,0,0,48
5562,Procurement,region_13,Masters & above,f,other,2,38,4.0,12,0,0,68
73720,Sales & Marketing,region_22,,m,other,1,28,,1,1,0,51
74025,Finance,region_7,Bachelors,f,sourcing,1,34,3.0,9,0,0,68
2454,Operations,region_28,Bachelors,m,other,1,30,3.0,4,1,0,57
40575,Procurement,region_5,Bachelors,f,sourcing,1,32,3.0,9,0,0,70
71296,Sales & Marketing,region_2,Masters & above,m,other,3,45,1.0,19,0,0,52
44007,Sales & Marketing,region_2,,m,sourcing,1,32,5.0,3,0,0,47
76821,Analytics,region_2,Masters & above,m,other,1,53,4.0,6,1,0,88
36437,Operations,region_15,Bachelors,f,other,1,47,4.0,19,0,0,60
55385,Analytics,region_2,Masters & above,m,sourcing,1,48,3.0,6,0,0,81
18992,Sales & Marketing,region_13,Masters & above,m,sourcing,1,41,3.0,13,0,0,53
74381,Technology,region_14,Bachelors,f,other,1,38,3.0,10,0,0,79
34695,Sales & Marketing,region_6,Bachelors,f,other,2,28,1.0,1,0,0,51
65970,Analytics,region_15,Bachelors,m,other,2,38,3.0,7,0,0,87
52384,Sales & Marketing,region_2,Masters & above,f,sourcing,1,54,3.0,3,1,0,57
37384,R&D,region_31,Masters & above,m,sourcing,1,29,3.0,2,0,0,82
64187,Sales & Marketing,region_16,Bachelors,m,sourcing,1,32,1.0,4,1,0,50
68149,Procurement,region_2,Masters & above,f,other,1,33,1.0,7,0,0,69
66820,Sales & Marketing,region_22,Bachelors,m,other,1,39,3.0,6,0,0,47
32285,Legal,region_13,Bachelors,m,other,1,29,5.0,2,1,0,60
65282,Analytics,region_2,Bachelors,m,other,1,32,4.0,6,0,0,90
69500,Operations,region_13,Masters & above,m,sourcing,1,31,4.0,7,1,0,62
16291,Sales & Marketing,region_28,Masters & above,m,other,1,35,5.0,7,1,0,87
52152,Finance,region_23,Masters & above,m,sourcing,1,35,3.0,6,0,0,61
2420,Procurement,region_15,Bachelors,f,sourcing,1,36,3.0,2,0,0,69
74254,Procurement,region_6,Bachelors,f,other,2,24,,1,0,0,72
76066,Sales & Marketing,region_4,Bachelors,m,other,1,50,3.0,20,0,0,44
8279,Legal,region_7,Bachelors,m,sourcing,1,42,1.0,7,0,0,59
41511,Finance,region_4,Bachelors,m,sourcing,1,29,3.0,7,1,0,97
30993,Sales & Marketing,region_14,Bachelors,m,other,1,40,4.0,3,0,0,51
17506,Technology,region_7,Bachelors,m,sourcing,2,27,5.0,4,1,0,82
25317,Operations,region_22,Bachelors,m,other,1,37,5.0,10,1,0,62
25594,Operations,region_15,Masters & above,f,other,1,34,4.0,4,1,0,58
8810,Operations,region_2,Bachelors,f,sourcing,1,34,4.0,6,1,0,60
33251,Finance,region_28,Bachelors,m,other,1,30,3.0,7,1,0,57
71829,Operations,region_22,Masters & above,m,other,2,31,4.0,7,0,0,58
70480,Finance,region_26,Bachelors,m,other,1,30,3.0,7,1,0,59
74050,Analytics,region_7,Masters & above,m,other,2,35,4.0,7,1,1,86
23027,Operations,region_7,Bachelors,f,sourcing,1,30,3.0,4,1,0,58
71626,Technology,region_8,Bachelors,f,sourcing,2,34,3.0,7,0,0,79
15563,Sales & Marketing,region_7,,m,other,1,38,3.0,7,0,0,51
77419,Sales & Marketing,region_22,Bachelors,f,sourcing,2,29,1.0,5,0,0,46
30666,Sales & Marketing,region_24,Masters & above,m,other,1,38,3.0,9,0,0,49
33073,Sales & Marketing,region_2,Masters & above,m,other,2,55,3.0,4,0,0,50
64462,Operations,region_19,Bachelors,m,other,2,34,4.0,4,0,0,59
15498,Procurement,region_7,Masters & above,m,sourcing,3,37,3.0,9,0,0,71
64163,Analytics,region_7,,m,sourcing,1,39,4.0,8,0,0,88
69570,Sales & Marketing,region_4,Masters & above,m,other,1,48,3.0,6,1,0,45
41513,Operations,region_2,Bachelors,m,sourcing,2,51,3.0,20,0,0,62
34548,Sales & Marketing,region_7,,m,other,1,26,5.0,3,0,0,46
51145,Sales & Marketing,region_15,Bachelors,m,sourcing,3,27,2.0,4,0,0,45
44872,Technology,region_7,Bachelors,m,other,1,33,3.0,9,1,0,84
33892,Sales & Marketing,region_2,Bachelors,m,other,1,38,2.0,6,0,0,49
52518,Finance,region_20,Bachelors,m,other,2,30,3.0,3,0,0,62
54687,Sales & Marketing,region_6,Bachelors,m,sourcing,2,27,3.0,5,0,0,46
62348,Procurement,region_2,Masters & above,f,other,1,33,1.0,3,1,0,72
68825,Procurement,region_7,Masters & above,m,other,1,38,1.0,3,0,0,71
41779,Procurement,region_17,Masters & above,m,sourcing,1,32,,1,0,0,65
65172,Sales & Marketing,region_2,Bachelors,f,other,1,49,4.0,3,0,0,47
77785,Analytics,region_9,Masters & above,m,other,3,31,5.0,4,0,0,86
34982,Sales & Marketing,region_25,Masters & above,m,other,1,42,3.0,7,0,0,44
74441,Analytics,region_1,Masters & above,m,other,1,32,5.0,4,0,0,87
64615,Analytics,region_31,Bachelors,m,other,2,32,4.0,8,0,0,83
34881,HR,region_2,Below Secondary,m,referred,1,24,4.0,2,1,0,51
73149,HR,region_2,Bachelors,f,other,1,38,4.0,4,0,0,50
12294,Procurement,region_2,,m,sourcing,3,35,3.0,5,1,0,64
32929,Analytics,region_7,Masters & above,m,sourcing,1,36,4.0,9,0,0,82
983,Sales & Marketing,region_22,,m,sourcing,1,26,,1,0,0,50
30607,Analytics,region_22,Bachelors,m,sourcing,1,28,5.0,4,1,0,85
43043,Technology,region_17,Masters & above,m,sourcing,1,46,2.0,13,0,0,76
36851,Finance,region_4,Bachelors,m,other,1,31,3.0,4,1,0,55
37573,Finance,region_32,Bachelors,m,other,1,27,3.0,4,1,0,58
62409,Finance,region_29,Masters & above,m,sourcing,1,35,5.0,9,1,0,63
60208,Operations,region_2,Masters & above,m,sourcing,2,39,3.0,7,0,0,65
14599,HR,region_22,Bachelors,m,sourcing,1,30,3.0,2,0,0,49
37555,Technology,region_7,Bachelors,m,other,1,40,1.0,9,0,0,81
29767,Operations,region_22,Masters & above,m,sourcing,2,32,3.0,4,0,0,58
3249,Operations,region_26,Bachelors,f,other,1,38,3.0,12,0,0,57
30977,Analytics,region_22,,m,other,1,28,4.0,2,1,0,86
27365,Technology,region_2,Bachelors,m,sourcing,1,29,3.0,3,1,0,93
3330,Analytics,region_4,Bachelors,m,other,2,28,5.0,2,0,1,87
47206,Analytics,region_13,Bachelors,m,other,1,31,3.0,2,0,0,89
16963,Analytics,region_32,Bachelors,m,other,1,33,5.0,3,0,0,85
30375,Finance,region_13,Bachelors,m,sourcing,1,31,1.0,3,0,0,69
69465,Analytics,region_28,Bachelors,m,other,2,31,3.0,5,1,0,78
34346,Finance,region_27,Bachelors,m,other,1,37,5.0,5,1,0,61
35030,Analytics,region_25,Bachelors,m,other,1,26,4.0,2,0,0,89
63282,Operations,region_4,Masters & above,f,other,1,36,5.0,9,0,0,74
34842,Operations,region_32,Bachelors,m,sourcing,1,26,3.0,2,0,0,57
48704,Sales & Marketing,region_26,Bachelors,m,other,2,28,,1,1,0,50
75369,Sales & Marketing,region_13,Masters & above,m,other,2,36,3.0,4,0,0,49
5361,Sales & Marketing,region_9,Masters & above,m,other,1,36,3.0,3,1,0,47
52691,Procurement,region_2,Below Secondary,f,sourcing,1,26,,1,0,0,68
4529,Finance,region_22,Masters & above,f,sourcing,1,36,3.0,2,1,0,61
50152,Sales & Marketing,region_2,Bachelors,m,sourcing,2,33,4.0,7,1,0,46
77848,Procurement,region_13,Masters & above,f,sourcing,1,43,3.0,11,0,0,73
75753,HR,region_2,Masters & above,m,sourcing,1,55,3.0,3,0,0,52
9020,Analytics,region_20,Bachelors,m,sourcing,1,27,5.0,3,1,0,87
62061,Operations,region_12,Bachelors,f,other,1,37,3.0,12,0,0,60
77195,Procurement,region_27,Bachelors,m,other,1,31,5.0,5,1,0,67
72012,Procurement,region_2,Bachelors,f,other,1,24,,1,1,0,70
1205,HR,region_22,Bachelors,m,other,1,29,2.0,6,0,0,53
50058,Sales & Marketing,region_6,Bachelors,f,other,1,27,1.0,4,0,1,48
1224,R&D,region_22,Masters & above,m,other,1,42,3.0,12,0,0,80
51614,Operations,region_30,Masters & above,m,sourcing,1,38,3.0,3,0,0,56
47804,Operations,region_22,Bachelors,m,other,2,27,4.0,5,1,0,55
66459,Sales & Marketing,region_5,Bachelors,m,sourcing,1,30,3.0,4,0,0,50
48996,Analytics,region_2,Bachelors,m,sourcing,1,27,4.0,4,0,0,87
9382,Technology,region_16,Bachelors,m,sourcing,1,33,3.0,7,0,0,78
18876,Analytics,region_28,Bachelors,m,other,2,28,3.0,4,0,0,86
25003,Analytics,region_31,Bachelors,m,other,2,27,3.0,2,1,0,84
37481,Technology,region_3,Masters & above,m,other,1,33,3.0,4,0,0,81
37827,Legal,region_2,Below Secondary,m,other,1,25,5.0,2,1,0,64
77667,HR,region_7,Bachelors,f,other,1,27,,1,1,0,51
48874,Procurement,region_13,Bachelors,m,other,1,39,3.0,10,0,0,69
27380,Operations,region_2,Masters & above,m,other,1,35,3.0,9,1,0,54
11032,Sales & Marketing,region_17,Bachelors,m,other,1,28,1.0,2,0,0,44
7432,Analytics,region_30,Bachelors,m,other,1,33,3.0,3,0,0,82
14170,Operations,region_22,Bachelors,f,sourcing,1,35,5.0,3,1,0,61
10506,Sales & Marketing,region_13,Bachelors,m,sourcing,1,43,3.0,12,0,0,49
8180,Operations,region_14,Bachelors,m,other,2,34,3.0,10,0,0,60
19090,Sales & Marketing,region_4,Masters & above,m,sourcing,1,44,3.0,7,1,0,49
40458,Sales & Marketing,region_2,,m,other,1,22,1.0,2,0,0,50
9814,Procurement,region_17,Bachelors,f,sourcing,1,39,3.0,2,0,0,70
9740,Sales & Marketing,region_22,Bachelors,m,other,1,29,5.0,7,1,0,49
28120,Procurement,region_27,Bachelors,m,other,1,43,5.0,4,0,1,81
75132,Procurement,region_17,Bachelors,m,other,1,27,,1,0,0,69
76072,Analytics,region_22,Masters & above,m,sourcing,1,34,3.0,8,0,0,82
15034,Analytics,region_28,,m,other,1,31,1.0,6,0,0,84
23518,Sales & Marketing,region_9,Bachelors,m,sourcing,1,30,5.0,2,0,0,49
54181,Operations,region_1,Masters & above,m,sourcing,1,36,5.0,3,1,0,57
61786,Technology,region_7,Masters & above,f,other,2,37,3.0,8,0,0,81
52915,Sales & Marketing,region_7,Bachelors,m,sourcing,1,29,4.0,5,1,0,47
68007,Technology,region_2,Bachelors,m,other,2,51,3.0,8,1,0,82
51467,Procurement,region_2,Bachelors,f,sourcing,1,29,3.0,2,0,0,81
31226,Operations,region_4,Masters & above,m,sourcing,1,41,2.0,2,1,0,54
6169,Sales & Marketing,region_7,Masters & above,m,other,1,40,3.0,10,0,0,64
68837,HR,region_22,Bachelors,m,other,1,28,3.0,4,0,0,52
33354,Operations,region_2,Bachelors,m,other,3,26,5.0,4,1,0,63
29138,Legal,region_26,Bachelors,m,other,1,34,2.0,7,1,0,57
9539,Procurement,region_5,Bachelors,m,sourcing,1,30,3.0,5,0,0,69
28343,Procurement,region_2,Masters & above,f,other,1,44,5.0,7,1,1,66
3128,Operations,region_2,Bachelors,f,referred,1,30,3.0,6,0,0,65
18950,Sales & Marketing,region_7,Masters & above,m,sourcing,1,37,4.0,7,1,0,49
30003,Finance,region_25,Masters & above,m,other,1,33,5.0,6,0,0,60
23721,Sales & Marketing,region_2,Masters & above,m,sourcing,1,48,2.0,13,0,0,51
72367,Operations,region_6,Bachelors,m,other,1,30,5.0,7,1,0,60
53404,Analytics,region_7,Bachelors,m,sourcing,2,27,,1,0,0,86
11352,Sales & Marketing,region_4,Bachelors,m,other,1,40,1.0,7,0,0,47
57043,Analytics,region_22,Bachelors,m,sourcing,1,32,3.0,6,0,0,83
50354,Sales & Marketing,region_7,Bachelors,m,sourcing,1,36,3.0,8,1,0,95
59718,Analytics,region_22,Masters & above,f,other,1,35,4.0,9,0,0,87
41098,Operations,region_19,Bachelors,m,other,1,32,3.0,2,1,0,62
31657,Operations,region_2,Bachelors,f,sourcing,1,40,3.0,3,1,0,59
26072,Operations,region_4,Masters & above,m,other,2,37,5.0,9,1,0,62
2572,Procurement,region_2,Masters & above,f,sourcing,1,38,3.0,8,0,0,86
62874,Technology,region_23,Bachelors,m,sourcing,1,32,,1,1,0,78
38233,Sales & Marketing,region_4,Bachelors,m,other,1,48,5.0,16,0,0,49
39155,Finance,region_2,Bachelors,m,sourcing,1,40,5.0,3,0,0,60
17192,Sales & Marketing,region_22,Bachelors,f,other,4,31,,1,0,0,52
69428,Sales & Marketing,region_3,Bachelors,m,sourcing,1,31,5.0,4,1,0,47
26983,Sales & Marketing,region_7,Bachelors,m,sourcing,2,26,2.0,2,0,0,53
17457,Sales & Marketing,region_22,Bachelors,m,sourcing,1,47,3.0,15,0,0,45
61910,Sales & Marketing,region_7,Bachelors,m,sourcing,1,29,5.0,4,1,0,48
26161,Procurement,region_10,Masters & above,f,other,1,31,4.0,5,0,0,71
8827,Technology,region_2,Masters & above,f,other,1,35,4.0,8,0,0,78
17063,HR,region_13,Masters & above,f,sourcing,1,32,5.0,5,1,1,98
22497,Procurement,region_2,Bachelors,m,other,2,28,4.0,2,1,0,65
65812,Procurement,region_2,Bachelors,f,other,1,26,3.0,4,0,0,72
16805,Sales & Marketing,region_22,Bachelors,m,other,2,28,4.0,3,1,0,93
16446,Finance,region_22,Masters & above,f,sourcing,1,33,4.0,7,0,0,60
21608,Analytics,region_21,Bachelors,m,other,1,28,1.0,2,0,0,83
65983,Procurement,region_7,Masters & above,m,sourcing,1,59,5.0,13,0,0,72
7943,Sales & Marketing,region_21,Bachelors,m,sourcing,2,44,3.0,7,1,0,45
25307,Technology,region_27,,m,other,2,28,4.0,4,0,0,84
10371,Procurement,region_7,Masters & above,m,other,1,31,3.0,2,0,0,71
9914,Operations,region_7,Masters & above,m,other,1,37,1.0,8,0,0,57
42996,Operations,region_11,Bachelors,m,sourcing,1,30,5.0,6,1,0,58
49710,Sales & Marketing,region_13,Masters & above,m,other,1,48,1.0,17,0,0,55
45605,Sales & Marketing,region_22,Masters & above,m,other,1,29,,1,1,1,46
35733,Procurement,region_17,Bachelors,f,other,1,29,1.0,4,0,0,68
44107,Sales & Marketing,region_23,Masters & above,m,sourcing,3,32,3.0,2,0,0,49
68122,Sales & Marketing,region_22,Bachelors,m,other,2,26,3.0,3,0,0,54
40082,Procurement,region_15,Bachelors,m,sourcing,1,30,4.0,8,1,0,72
61278,Analytics,region_2,Bachelors,f,sourcing,3,26,2.0,3,0,0,79
62670,Sales & Marketing,region_31,Bachelors,m,sourcing,1,32,5.0,4,0,0,47
71766,Technology,region_16,Bachelors,m,other,1,27,3.0,4,0,0,82
26509,Analytics,region_13,Bachelors,m,other,1,36,3.0,6,0,0,87
4460,Sales & Marketing,region_2,Masters & above,m,other,1,39,5.0,9,0,0,50
19897,Finance,region_31,Bachelors,m,sourcing,2,31,5.0,7,1,0,58
4658,Finance,region_7,Bachelors,m,sourcing,1,33,3.0,9,0,0,60
36601,Technology,region_26,Bachelors,m,other,2,33,3.0,5,0,0,82
32808,Technology,region_27,Bachelors,m,other,1,38,3.0,10,0,0,82
72058,Sales & Marketing,region_25,Bachelors,f,other,2,29,3.0,4,0,0,48
45063,Technology,region_22,Bachelors,m,other,1,29,3.0,4,0,0,78
41299,Finance,region_8,Bachelors,m,other,1,27,5.0,3,1,0,55
19634,Technology,region_2,Masters & above,m,other,1,35,4.0,4,1,0,77
20593,Sales & Marketing,region_7,Masters & above,f,other,1,32,1.0,5,0,0,47
15760,Operations,region_2,Bachelors,f,other,1,37,3.0,10,0,0,59
65826,Sales & Marketing,region_7,Masters & above,m,other,1,51,5.0,19,0,0,49
61768,Technology,region_10,Masters & above,m,sourcing,2,37,3.0,5,0,0,83
27698,Technology,region_2,Bachelors,f,other,1,28,2.0,1,0,0,77
30643,R&D,region_22,Masters & above,m,sourcing,1,35,4.0,2,0,0,87
68680,HR,region_2,Bachelors,f,sourcing,1,29,5.0,4,0,0,49
27999,Analytics,region_6,Bachelors,m,sourcing,1,28,5.0,2,1,0,86
16863,Procurement,region_27,Bachelors,m,other,2,26,3.0,4,0,0,69
38452,Procurement,region_14,Bachelors,m,sourcing,1,32,3.0,6,1,0,70
78239,Operations,region_2,Bachelors,m,other,1,26,4.0,6,0,0,63
24757,Sales & Marketing,region_4,Masters & above,m,other,1,38,3.0,13,1,0,47
969,Procurement,region_2,Masters & above,m,other,1,50,5.0,7,0,1,98
25644,Sales & Marketing,region_27,Bachelors,f,sourcing,1,33,4.0,6,1,0,47
57093,Finance,region_2,Bachelors,m,referred,1,28,5.0,3,1,0,57
33412,Sales & Marketing,region_24,Masters & above,m,other,1,31,1.0,4,1,0,52
62349,Finance,region_2,Masters & above,f,other,1,41,3.0,6,0,0,61
58768,Operations,region_30,Bachelors,m,other,1,30,,1,0,0,59
61216,Finance,region_32,Bachelors,m,other,1,30,4.0,8,1,0,62
36581,Finance,region_13,Bachelors,m,other,1,30,4.0,6,0,0,67
73406,Operations,region_29,Bachelors,m,other,1,39,5.0,9,0,0,74
23269,Finance,region_31,Bachelors,m,sourcing,2,32,5.0,6,1,0,61
12937,Sales & Marketing,region_31,Masters & above,m,other,1,33,3.0,6,0,0,47
58317,Finance,region_22,Bachelors,m,sourcing,2,29,2.0,3,1,0,59
49130,Sales & Marketing,region_13,Bachelors,m,other,1,27,4.0,2,0,0,50
12323,Sales & Marketing,region_14,Bachelors,m,other,1,41,2.0,7,0,0,46
29429,Sales & Marketing,region_22,,m,other,3,29,1.0,2,0,0,49
57149,HR,region_14,Bachelors,m,sourcing,1,33,4.0,3,0,0,47
7876,Procurement,region_30,Masters & above,f,other,1,38,4.0,4,0,0,71
2753,Technology,region_31,Bachelors,f,sourcing,1,28,,1,1,0,80
43653,Sales & Marketing,region_2,Masters & above,m,other,1,53,1.0,14,0,1,48
47877,Sales & Marketing,region_2,,f,sourcing,1,56,3.0,18,0,0,50
4162,Procurement,region_20,Bachelors,m,other,1,33,3.0,6,1,0,69
55903,Operations,region_4,Masters & above,m,other,1,38,3.0,5,0,0,58
53432,Analytics,region_7,Bachelors,m,sourcing,1,37,1.0,8,0,0,85
40861,Operations,region_34,Bachelors,m,sourcing,1,40,3.0,5,0,0,56
75625,Procurement,region_17,Bachelors,f,sourcing,1,31,3.0,3,1,0,68
42667,Sales & Marketing,region_1,Bachelors,m,other,1,25,5.0,3,1,0,49
65783,Operations,region_22,Masters & above,m,other,1,38,4.0,6,1,0,58
72735,Sales & Marketing,region_9,Masters & above,m,sourcing,1,37,5.0,3,0,0,47
11444,Sales & Marketing,region_16,Bachelors,m,sourcing,1,26,1.0,4,0,0,47
41970,Sales & Marketing,region_2,Bachelors,f,other,1,38,1.0,8,0,0,52
58370,Sales & Marketing,region_13,Bachelors,m,sourcing,1,23,1.0,2,0,0,52
21434,Sales & Marketing,region_1,Masters & above,m,other,1,36,5.0,10,1,0,49
15555,Analytics,region_2,,m,other,1,28,,1,0,0,85
2485,Operations,region_22,Bachelors,f,sourcing,1,29,4.0,2,0,0,60
11953,Technology,region_11,Masters & above,f,sourcing,1,37,1.0,10,0,0,81
22637,Technology,region_2,Bachelors,m,sourcing,1,20,3.0,2,1,0,82
27196,Sales & Marketing,region_2,Masters & above,m,other,1,46,4.0,6,1,0,48
29943,R&D,region_22,Bachelors,m,sourcing,1,37,3.0,3,0,0,85
14734,Analytics,region_17,Bachelors,m,other,1,34,3.0,8,0,0,79
65156,Sales & Marketing,region_27,Bachelors,m,sourcing,1,50,3.0,17,0,0,54
56381,Sales & Marketing,region_13,Bachelors,f,other,1,23,4.0,2,0,0,46
59036,HR,region_20,Bachelors,f,sourcing,1,27,3.0,2,0,0,49
58376,Procurement,region_5,Bachelors,m,other,1,37,1.0,3,1,0,72
59210,Sales & Marketing,region_31,Bachelors,m,sourcing,1,23,1.0,2,1,0,49
56600,Operations,region_15,Bachelors,m,referred,1,42,4.0,5,0,0,61
56320,Analytics,region_28,Bachelors,m,sourcing,1,25,,1,0,0,84
47377,Procurement,region_17,Masters & above,f,sourcing,1,43,3.0,11,0,0,82
27211,Technology,region_15,Bachelors,m,other,1,31,3.0,3,1,0,82
1216,Technology,region_26,Bachelors,m,sourcing,1,28,1.0,3,0,0,84
69423,Operations,region_23,Masters & above,m,other,1,38,3.0,4,1,0,58
62483,Finance,region_32,Bachelors,m,other,3,32,,1,0,0,59
76258,Procurement,region_22,Bachelors,m,sourcing,1,37,3.0,3,1,0,70
1447,R&D,region_27,Bachelors,m,sourcing,1,31,,1,0,0,84
629,Sales & Marketing,region_10,Bachelors,m,sourcing,1,30,1.0,3,0,0,49
59836,Legal,region_32,Bachelors,m,sourcing,1,34,3.0,6,0,0,55
55623,Sales & Marketing,region_9,Bachelors,m,sourcing,1,29,3.0,5,0,0,52
8499,Procurement,region_2,Bachelors,f,other,1,39,2.0,5,0,0,71
61133,HR,region_22,Masters & above,m,sourcing,1,34,5.0,4,1,0,52
24856,Operations,region_11,Bachelors,m,other,1,31,3.0,3,1,0,60
12788,Sales & Marketing,region_30,Bachelors,m,other,1,41,1.0,10,0,0,50
6460,Sales & Marketing,region_7,Bachelors,m,sourcing,1,36,5.0,5,1,0,50
53542,Procurement,region_26,Bachelors,f,other,1,49,4.0,8,0,0,68
18373,Sales & Marketing,region_31,Bachelors,m,sourcing,4,25,3.0,2,1,0,50
11631,Procurement,region_22,Masters & above,m,sourcing,1,35,1.0,3,1,0,69
14686,Sales & Marketing,region_2,Bachelors,f,other,1,47,3.0,7,0,0,51
41651,Technology,region_26,Masters & above,m,sourcing,1,31,3.0,6,0,0,82
51871,Analytics,region_32,,m,other,2,27,,1,0,0,85
6112,Analytics,region_7,Bachelors,m,other,1,26,3.0,2,0,0,80
5866,Procurement,region_2,,m,other,3,28,3.0,6,0,0,68
10449,Operations,region_28,Masters & above,m,sourcing,1,40,2.0,5,1,0,59
67847,Sales & Marketing,region_17,Masters & above,m,sourcing,1,38,1.0,10,0,0,49
75747,Operations,region_2,Masters & above,m,sourcing,1,45,5.0,7,0,0,57
22188,Operations,region_2,,m,sourcing,2,33,3.0,10,0,0,56
13401,Finance,region_2,Below Secondary,f,sourcing,1,25,5.0,2,1,0,63
70110,HR,region_31,Masters & above,m,other,1,45,5.0,17,0,0,58
42813,Procurement,region_22,Bachelors,f,other,1,23,,1,1,0,70
29085,Sales & Marketing,region_1,Masters & above,f,other,1,35,5.0,7,0,0,59
22235,Sales & Marketing,region_15,Bachelors,m,other,2,26,4.0,2,0,0,46
4762,Sales & Marketing,region_22,Bachelors,m,other,1,29,1.0,4,0,0,46
13497,Procurement,region_19,Bachelors,m,other,1,33,3.0,7,0,0,73
50962,Analytics,region_9,Masters & above,m,sourcing,2,30,3.0,4,1,0,78
1882,Operations,region_7,Masters & above,m,other,1,38,3.0,5,0,0,60
36604,Sales & Marketing,region_4,Bachelors,m,other,1,33,1.0,3,0,0,54
54234,Analytics,region_2,Bachelors,m,other,1,35,5.0,6,0,0,83
54542,Finance,region_2,Bachelors,m,other,1,33,5.0,3,1,0,57
14137,Operations,region_4,Masters & above,m,other,1,42,3.0,7,1,0,57
55238,Operations,region_23,Bachelors,m,sourcing,1,34,1.0,3,0,0,60
5511,HR,region_15,Bachelors,m,sourcing,1,37,1.0,10,0,0,53
77294,Operations,region_2,Masters & above,f,other,1,37,5.0,8,0,0,60
66798,Technology,region_16,Bachelors,f,other,1,25,,1,0,0,77
31058,Procurement,region_7,Bachelors,f,other,2,28,5.0,2,1,0,70
37391,Analytics,region_22,Bachelors,m,other,2,30,5.0,5,1,0,84
5804,Operations,region_22,Bachelors,m,sourcing,1,25,,1,1,0,58
55437,Sales & Marketing,region_29,Bachelors,m,sourcing,2,33,1.0,8,0,0,53
47940,Analytics,region_26,Bachelors,m,sourcing,1,30,5.0,4,1,0,85
63300,Sales & Marketing,region_22,Bachelors,m,sourcing,1,32,4.0,9,0,0,49
75220,Sales & Marketing,region_2,Masters & above,m,other,1,47,4.0,8,1,0,47
74051,Sales & Marketing,region_7,Masters & above,m,other,1,42,4.0,6,0,0,48
8983,Sales & Marketing,region_16,Bachelors,m,other,1,58,3.0,16,0,0,52
21171,Sales & Marketing,region_10,Masters & above,m,sourcing,2,41,3.0,16,0,0,49
25706,Procurement,region_7,Bachelors,f,other,1,36,2.0,5,0,0,70
7994,Technology,region_26,Bachelors,m,other,1,55,5.0,13,0,0,91
61412,Sales & Marketing,region_4,Bachelors,m,other,1,35,2.0,4,0,0,53
8804,Operations,region_2,Bachelors,f,other,1,36,4.0,5,1,0,58
24640,Sales & Marketing,region_28,Bachelors,f,sourcing,1,28,3.0,6,0,0,46
9147,Procurement,region_22,Bachelors,m,other,1,40,3.0,2,1,1,70
45453,Sales & Marketing,region_22,Bachelors,m,other,4,27,1.0,2,0,0,52
566,Sales & Marketing,region_2,Bachelors,m,sourcing,2,27,3.0,4,1,0,51
21358,Procurement,region_17,Bachelors,m,other,1,27,,1,0,0,68
49272,Sales & Marketing,region_7,Bachelors,m,other,1,31,2.0,7,0,0,47
68750,Sales & Marketing,region_19,Bachelors,m,other,2,33,3.0,6,0,0,52
33188,Sales & Marketing,region_28,Bachelors,f,sourcing,2,29,5.0,5,0,0,51
21909,Technology,region_5,Bachelors,m,sourcing,1,24,2.0,2,0,0,84
7898,Analytics,region_2,Masters & above,m,other,1,50,3.0,7,0,0,86
64601,Technology,region_23,Bachelors,m,sourcing,1,29,2.0,5,1,0,79
77887,Analytics,region_2,Bachelors,m,sourcing,1,29,4.0,5,1,0,84
15268,Procurement,region_7,Masters & above,f,other,1,39,3.0,3,1,0,73
26230,Sales & Marketing,region_22,Masters & above,m,sourcing,1,38,1.0,10,0,0,50
4229,Operations,region_31,Bachelors,m,sourcing,1,35,1.0,6,0,0,58
833,Operations,region_15,,m,sourcing,1,33,3.0,5,1,0,62
66748,Sales & Marketing,region_2,Bachelors,m,sourcing,1,33,3.0,9,1,0,52
75341,Procurement,region_26,Bachelors,m,other,2,28,3.0,5,0,0,71
70006,Sales & Marketing,region_26,Bachelors,m,sourcing,1,28,,1,1,0,53
4443,Operations,region_19,Bachelors,m,sourcing,1,34,3.0,4,0,0,59
5431,Sales & Marketing,region_2,Bachelors,m,sourcing,1,23,,1,0,0,52
54363,Sales & Marketing,region_13,Masters & above,f,other,1,31,4.0,5,0,0,52
72856,Operations,region_8,Bachelors,f,other,1,44,3.0,3,0,0,58
2819,Sales & Marketing,region_25,Bachelors,m,other,1,29,4.0,2,0,0,51
5139,Sales & Marketing,region_26,,m,sourcing,1,27,2.0,3,1,0,48
60542,Technology,region_7,Masters & above,f,other,1,38,5.0,5,0,0,81
24439,Operations,region_3,Masters & above,m,sourcing,1,45,3.0,4,0,0,62
49726,Operations,region_30,Bachelors,m,other,1,26,3.0,4,0,0,59
71837,Legal,region_7,Bachelors,m,other,1,36,5.0,5,1,0,57
71207,Sales & Marketing,region_10,Masters & above,m,other,2,39,2.0,4,0,0,52
67155,HR,region_14,Bachelors,m,other,1,34,3.0,3,1,0,49
9048,Technology,region_2,Bachelors,m,referred,1,25,4.0,3,0,0,76
40063,Sales & Marketing,region_16,,m,other,1,30,,1,0,0,64
31752,Sales & Marketing,region_20,Bachelors,m,other,1,32,5.0,8,0,0,63
1183,Analytics,region_27,Bachelors,m,other,2,35,3.0,10,0,0,86
71444,Operations,region_31,,m,sourcing,1,28,1.0,4,0,0,66
31183,Sales & Marketing,region_28,Masters & above,f,sourcing,1,42,3.0,4,0,0,54
55746,Sales & Marketing,region_15,,m,sourcing,1,20,3.0,2,0,0,52
56218,Sales & Marketing,region_2,Bachelors,f,other,1,46,3.0,11,0,0,52
55150,Procurement,region_22,Bachelors,f,other,1,30,,1,0,0,73
75258,Technology,region_2,Masters & above,m,other,1,51,5.0,11,0,0,78
57261,Operations,region_2,Masters & above,f,other,2,31,3.0,4,0,0,56
51737,Procurement,region_22,Bachelors,f,other,1,28,4.0,2,0,0,66
31956,Sales & Marketing,region_2,,f,other,2,23,,1,0,0,50
32528,Sales & Marketing,region_27,Bachelors,m,other,1,34,3.0,3,1,0,47
13325,Operations,region_2,Masters & above,m,other,1,44,3.0,2,1,0,60
40921,Operations,region_8,Bachelors,f,other,1,40,5.0,5,0,0,57
52766,Procurement,region_2,Bachelors,f,other,1,33,1.0,3,1,0,71
64129,Finance,region_2,Bachelors,m,other,1,34,2.0,9,0,0,58
72288,Operations,region_27,Bachelors,f,other,1,37,5.0,7,1,0,59
15325,Operations,region_16,Masters & above,m,sourcing,2,37,5.0,9,0,1,74
25700,Sales & Marketing,region_13,Bachelors,m,other,1,42,5.0,9,0,0,50
49810,Analytics,region_3,Bachelors,m,other,2,30,3.0,2,1,1,84
28461,Sales & Marketing,region_16,Bachelors,m,sourcing,1,25,3.0,3,0,0,48
71746,Technology,region_7,Bachelors,f,other,2,31,3.0,6,1,1,93
51170,Operations,region_13,Bachelors,m,sourcing,2,30,5.0,5,1,0,59
25177,Legal,region_2,Bachelors,m,sourcing,1,28,5.0,2,0,0,53
69587,Operations,region_2,Bachelors,f,other,2,56,5.0,5,1,0,57
12389,Analytics,region_34,Bachelors,m,other,1,29,5.0,6,0,0,84
15182,Technology,region_14,Bachelors,f,other,1,39,3.0,4,0,0,80
8654,Operations,region_29,Bachelors,m,sourcing,1,28,4.0,2,0,0,60
44153,Procurement,region_30,Masters & above,m,sourcing,1,42,3.0,7,0,0,69
20456,Sales & Marketing,region_24,Bachelors,m,other,1,28,1.0,1,0,0,47
31582,Procurement,region_7,Bachelors,f,other,1,49,3.0,7,1,0,64
43414,Technology,region_27,Bachelors,f,sourcing,2,33,3.0,7,0,0,85
10997,Operations,region_8,Masters & above,m,sourcing,1,32,3.0,8,0,0,59
38907,Sales & Marketing,region_32,Bachelors,f,other,1,32,5.0,5,1,0,49
33631,Operations,region_26,Masters & above,m,other,1,38,4.0,9,1,0,54
3838,Procurement,region_22,Bachelors,m,other,1,28,1.0,6,0,0,64
19617,Analytics,region_22,Bachelors,f,other,2,28,2.0,2,1,0,89
59312,Sales & Marketing,region_12,Bachelors,m,sourcing,1,27,2.0,4,0,0,50
65175,Procurement,region_7,Masters & above,f,other,2,50,5.0,5,1,0,72
66409,Operations,region_27,Bachelors,f,other,1,29,3.0,2,0,0,62
33320,Sales & Marketing,region_7,Bachelors,m,other,1,46,3.0,4,0,0,52
70140,Sales & Marketing,region_26,Masters & above,m,sourcing,1,39,1.0,5,1,0,52
26752,Analytics,region_15,Bachelors,m,sourcing,1,38,5.0,8,0,0,82
7681,Operations,region_4,Masters & above,m,sourcing,1,42,5.0,6,1,0,64
74828,Sales & Marketing,region_25,Masters & above,m,other,2,45,5.0,7,1,0,46
46831,Analytics,region_7,Bachelors,m,sourcing,1,40,3.0,7,0,0,81
51032,Operations,region_2,Masters & above,f,other,2,36,3.0,9,0,0,59
49220,Sales & Marketing,region_15,Masters & above,m,other,1,35,5.0,7,0,0,48
37275,Procurement,region_4,Masters & above,m,other,1,39,3.0,9,1,0,71
56658,Operations,region_19,Bachelors,m,other,2,42,3.0,6,1,0,58
35097,Operations,region_13,Bachelors,m,sourcing,2,31,4.0,7,0,0,59
6055,Procurement,region_5,Bachelors,f,sourcing,2,29,4.0,4,1,0,72
2547,Sales & Marketing,region_28,Bachelors,m,other,1,25,3.0,2,0,0,50
50343,Sales & Marketing,region_19,Bachelors,f,other,1,34,1.0,7,0,0,53
25331,Sales & Marketing,region_28,Bachelors,m,other,1,40,1.0,7,0,0,49
1893,Sales & Marketing,region_2,,m,sourcing,1,22,5.0,2,0,1,60
12386,Procurement,region_4,Masters & above,m,sourcing,3,45,3.0,18,0,0,72
50946,Analytics,region_30,Bachelors,m,other,2,28,3.0,2,1,0,87
73103,Sales & Marketing,region_4,Masters & above,m,sourcing,2,40,4.0,14,0,0,47
53842,Procurement,region_2,Bachelors,m,other,1,24,3.0,2,0,0,76
43210,Operations,region_23,Bachelors,m,other,1,34,5.0,7,1,0,58
75217,Sales & Marketing,region_13,Bachelors,m,other,1,33,4.0,1,0,0,48
66326,Sales & Marketing,region_2,Bachelors,f,sourcing,2,36,3.0,7,0,0,48
3291,Operations,region_32,Bachelors,m,sourcing,1,28,1.0,2,0,0,54
74591,Sales & Marketing,region_7,,m,sourcing,3,25,5.0,3,0,0,66
11512,Sales & Marketing,region_26,Bachelors,m,sourcing,1,36,2.0,4,1,0,47
8359,Technology,region_25,Bachelors,m,other,1,31,3.0,5,0,0,74
3487,Procurement,region_31,Masters & above,f,other,1,40,3.0,10,0,0,70
53799,Sales & Marketing,region_7,Masters & above,m,other,1,45,3.0,16,0,0,49
73412,Operations,region_11,Bachelors,m,other,1,40,5.0,5,1,0,56
36825,Technology,region_28,Bachelors,m,other,1,30,4.0,3,1,0,73
72944,Sales & Marketing,region_14,Bachelors,m,sourcing,1,29,,1,0,0,51
53982,Technology,region_2,Bachelors,m,other,2,41,4.0,3,0,0,78
3203,Sales & Marketing,region_2,,m,sourcing,1,37,4.0,4,0,0,50
41411,Sales & Marketing,region_2,Bachelors,f,other,2,46,3.0,14,0,0,53
74824,Analytics,region_22,Bachelors,m,other,1,25,,1,0,0,85
2018,Operations,region_19,Bachelors,f,sourcing,1,40,4.0,9,0,0,59
32978,Analytics,region_7,Masters & above,f,other,1,35,3.0,7,1,0,88
30534,Analytics,region_4,Bachelors,m,sourcing,1,29,4.0,3,0,0,89
54004,Technology,region_22,Masters & above,f,sourcing,1,35,2.0,7,1,0,76
45055,Analytics,region_22,Bachelors,m,sourcing,3,29,,1,1,0,87
65964,Analytics,region_22,Bachelors,f,sourcing,2,28,5.0,3,0,0,83
4827,Sales & Marketing,region_27,Bachelors,m,sourcing,1,43,3.0,2,0,0,47
61231,Sales & Marketing,region_2,Masters & above,f,other,1,42,3.0,16,0,0,50
5348,Legal,region_7,Bachelors,m,other,1,28,3.0,2,0,0,59
58019,Procurement,region_2,Bachelors,f,other,1,25,4.0,3,0,0,74
76854,Operations,region_28,Masters & above,m,other,1,34,3.0,8,1,0,59
67933,Operations,region_2,,f,sourcing,1,35,3.0,8,0,0,58
51083,HR,region_7,Masters & above,f,other,1,35,5.0,3,1,0,51
20838,Analytics,region_31,Bachelors,m,sourcing,2,27,2.0,3,0,0,84
57427,Operations,region_19,Masters & above,m,other,1,50,3.0,15,0,0,58
38845,Sales & Marketing,region_2,,m,other,1,31,3.0,4,0,0,50
4790,Sales & Marketing,region_7,,m,sourcing,1,28,3.0,4,1,0,59
13757,Sales & Marketing,region_13,Bachelors,m,other,1,31,,1,0,0,53
23107,Sales & Marketing,region_5,Bachelors,m,other,2,35,1.0,8,0,0,45
5977,HR,region_22,Masters & above,m,other,2,40,1.0,11,0,0,51
14964,Sales & Marketing,region_15,Bachelors,m,other,1,32,5.0,4,0,0,49
7731,Analytics,region_22,Bachelors,f,other,1,28,,1,1,0,83
66547,Procurement,region_7,Masters & above,f,other,1,30,3.0,6,1,0,68
27264,Procurement,region_2,Bachelors,m,other,1,24,,1,1,0,66
3982,Sales & Marketing,region_12,Bachelors,m,sourcing,1,34,3.0,5,0,0,45
14778,Analytics,region_22,,m,other,1,29,5.0,2,1,0,84
41287,Sales & Marketing,region_5,Bachelors,m,sourcing,1,26,3.0,3,0,0,46
69223,Sales & Marketing,region_13,Bachelors,m,other,2,22,,1,0,0,48
68879,Operations,region_22,Bachelors,m,sourcing,2,40,5.0,5,1,0,60
24487,Technology,region_23,Masters & above,f,other,1,37,5.0,3,1,0,81
5206,Sales & Marketing,region_28,,m,sourcing,1,31,2.0,5,0,0,48
5255,Technology,region_7,Bachelors,m,other,1,29,,1,1,1,94
27535,Finance,region_7,Bachelors,f,sourcing,1,24,4.0,2,1,0,53
71278,Procurement,region_14,Bachelors,f,other,1,32,5.0,4,1,0,67
23242,Operations,region_14,Bachelors,m,other,1,41,3.0,5,0,0,61
53781,Technology,region_7,Below Secondary,m,other,2,25,3.0,3,1,0,77
46390,HR,region_2,Bachelors,m,other,1,41,3.0,17,0,0,44
50985,Sales & Marketing,region_28,Masters & above,f,sourcing,1,34,5.0,8,1,0,51
21813,Sales & Marketing,region_3,Bachelors,m,sourcing,1,40,1.0,2,0,0,53
65786,Finance,region_13,Masters & above,m,sourcing,1,33,4.0,9,0,0,58
75647,Technology,region_2,Bachelors,m,other,2,49,4.0,6,0,0,75
75956,Analytics,region_22,Bachelors,f,sourcing,1,26,3.0,2,0,0,84
67200,Sales & Marketing,region_16,,m,other,1,22,,1,0,1,51
37943,Finance,region_2,Masters & above,m,sourcing,3,47,5.0,7,1,0,58
63203,Technology,region_2,Bachelors,m,other,2,32,3.0,10,1,0,81
27866,Analytics,region_7,Bachelors,m,other,1,30,5.0,2,1,0,84
22906,Operations,region_13,Bachelors,f,other,1,33,3.0,2,1,0,55
76015,Procurement,region_15,Masters & above,m,other,1,34,1.0,5,0,0,71
64925,Sales & Marketing,region_2,Bachelors,m,other,2,41,1.0,5,1,0,49
32584,Finance,region_26,Bachelors,m,other,2,33,4.0,6,1,0,62
30495,Sales & Marketing,region_17,Bachelors,m,sourcing,2,31,4.0,6,0,0,52
7791,Sales & Marketing,region_7,Bachelors,m,sourcing,1,40,5.0,6,0,0,50
8767,Sales & Marketing,region_15,Bachelors,m,other,1,30,2.0,7,0,0,56
15205,Sales & Marketing,region_4,Bachelors,f,other,2,27,5.0,3,1,0,48
34062,Operations,region_28,Masters & above,m,other,1,35,1.0,9,0,0,62
64486,Finance,region_29,Bachelors,m,sourcing,1,30,4.0,7,0,0,61
37960,Analytics,region_11,Bachelors,m,other,1,31,5.0,4,0,0,84
69749,Technology,region_26,Below Secondary,m,sourcing,1,24,,1,1,0,76
11736,Sales & Marketing,region_7,Bachelors,m,other,1,38,1.0,4,0,0,51
26978,Operations,region_15,Bachelors,f,other,1,35,3.0,4,1,0,61
74553,Sales & Marketing,region_13,Bachelors,m,other,1,54,3.0,17,0,0,54
64397,Analytics,region_8,Bachelors,m,other,1,28,5.0,3,1,0,84
54969,Sales & Marketing,region_4,Masters & above,m,other,1,38,3.0,5,0,0,51
62933,Procurement,region_2,Bachelors,m,other,1,26,2.0,2,0,0,66
27588,Sales & Marketing,region_34,Bachelors,m,sourcing,1,27,3.0,4,0,0,49
17751,Analytics,region_13,Bachelors,m,sourcing,1,46,3.0,7,0,0,85
77152,Sales & Marketing,region_7,Masters & above,m,sourcing,2,45,1.0,14,0,0,49
57440,Sales & Marketing,region_4,Masters & above,f,other,1,38,5.0,2,1,0,52
63405,Sales & Marketing,region_29,Bachelors,m,sourcing,1,32,5.0,4,1,0,49
20843,Sales & Marketing,region_2,Masters & above,f,other,1,43,5.0,6,1,0,52
65701,Sales & Marketing,region_11,Bachelors,m,other,1,36,3.0,7,1,0,49
71692,Sales & Marketing,region_14,Bachelors,m,sourcing,1,29,4.0,3,0,0,43
22821,Sales & Marketing,region_13,Masters & above,m,other,1,37,1.0,5,0,0,47
10923,Procurement,region_15,Bachelors,m,other,1,29,4.0,3,0,0,71
77492,HR,region_26,Bachelors,f,other,1,26,,1,0,0,47
57564,Sales & Marketing,region_22,Bachelors,f,other,1,30,,1,0,0,49
16960,Sales & Marketing,region_28,Bachelors,m,other,1,25,5.0,3,1,0,49
31886,Procurement,region_23,Bachelors,m,other,2,36,3.0,9,0,0,66
9878,Sales & Marketing,region_22,Masters & above,m,other,3,34,3.0,6,1,1,47
50861,Operations,region_22,Masters & above,m,referred,1,34,4.0,10,0,0,63
227,Analytics,region_23,Bachelors,m,sourcing,1,34,4.0,3,1,0,84
15247,Operations,region_7,Bachelors,f,sourcing,1,32,3.0,6,0,0,58
57638,Analytics,region_28,Bachelors,m,sourcing,1,28,5.0,2,0,0,84
57916,Finance,region_2,Bachelors,m,other,1,43,3.0,3,0,0,57
4206,Analytics,region_31,Bachelors,m,other,2,26,3.0,2,0,0,84
52017,Analytics,region_22,Bachelors,m,other,3,26,5.0,2,1,0,87
2343,Analytics,region_2,Masters & above,m,other,2,50,5.0,4,0,0,81
10742,Sales & Marketing,region_19,Bachelors,m,sourcing,1,42,3.0,3,0,0,57
11058,Legal,region_30,Bachelors,m,sourcing,1,28,5.0,4,1,0,57
43365,Operations,region_22,Bachelors,m,sourcing,1,27,3.0,3,0,0,70
46913,Analytics,region_22,Bachelors,m,referred,2,33,5.0,5,1,0,88
77276,Sales & Marketing,region_13,Bachelors,m,other,1,43,3.0,13,0,0,46
6473,Procurement,region_11,Masters & above,m,other,1,46,3.0,17,0,0,69
4073,Technology,region_2,Bachelors,m,other,2,50,4.0,5,0,0,83
75590,Sales & Marketing,region_2,Bachelors,m,other,2,51,1.0,19,0,0,48
57723,Analytics,region_21,Bachelors,f,other,2,28,,1,1,0,81
43122,Finance,region_30,Bachelors,m,other,1,27,3.0,3,0,0,63
27077,Analytics,region_2,Bachelors,m,other,1,45,3.0,12,0,0,83
10361,HR,region_2,Masters & above,m,other,1,37,5.0,9,1,0,53
71271,Technology,region_13,Masters & above,f,other,1,37,4.0,7,1,0,81
30926,Sales & Marketing,region_11,Bachelors,m,sourcing,1,33,2.0,4,0,0,45
14509,Sales & Marketing,region_4,Bachelors,m,other,1,49,1.0,7,0,0,50
42718,Analytics,region_2,Bachelors,m,sourcing,1,36,4.0,10,1,0,89
19088,R&D,region_7,Masters & above,m,sourcing,1,31,4.0,4,0,0,94
3964,Sales & Marketing,region_16,Bachelors,m,other,1,36,2.0,7,1,0,49
57081,Technology,region_2,Masters & above,m,sourcing,3,38,3.0,8,0,0,77
50386,Sales & Marketing,region_16,Bachelors,m,other,1,26,5.0,2,0,0,48
60957,Finance,region_2,Bachelors,m,other,4,24,,1,0,0,58
69735,Procurement,region_22,Bachelors,f,other,1,26,,1,1,0,69
43880,Operations,region_19,Bachelors,m,sourcing,1,46,3.0,3,0,0,54
31517,Sales & Marketing,region_13,Masters & above,m,other,1,37,3.0,10,1,0,44
29094,Technology,region_7,Bachelors,m,other,1,35,5.0,6,1,1,77
47956,Technology,region_25,Masters & above,f,other,1,34,3.0,7,0,0,77
8250,Sales & Marketing,region_12,Bachelors,m,other,1,39,4.0,7,0,0,47
2669,Technology,region_13,Masters & above,f,other,2,37,4.0,7,0,0,82
72520,Sales & Marketing,region_21,,m,other,1,35,5.0,9,0,0,49
68289,Sales & Marketing,region_22,Bachelors,m,sourcing,1,30,3.0,8,1,0,46
19436,Sales & Marketing,region_27,Bachelors,m,other,2,38,3.0,10,0,0,54
45289,Operations,region_4,Bachelors,m,other,1,38,4.0,4,1,0,59
18894,Legal,region_13,Bachelors,m,other,1,25,,1,1,0,59
642,Sales & Marketing,region_22,Bachelors,f,other,1,28,,1,1,0,52
65027,Procurement,region_24,Masters & above,m,other,2,32,3.0,7,0,0,71
71756,Operations,region_15,Bachelors,m,sourcing,1,23,1.0,2,0,0,58
22721,Analytics,region_2,Masters & above,m,sourcing,1,46,1.0,2,0,0,83
76057,Finance,region_2,Bachelors,f,other,1,34,3.0,9,1,0,61
67089,Operations,region_23,Bachelors,m,sourcing,1,34,3.0,8,0,0,57
1667,Procurement,region_6,Bachelors,m,other,2,28,3.0,4,0,0,64
4175,Sales & Marketing,region_4,Masters & above,m,sourcing,1,41,4.0,12,0,0,50
19879,Sales & Marketing,region_22,Bachelors,m,other,2,25,,1,0,0,50
57509,Operations,region_29,Bachelors,m,other,1,31,3.0,5,0,0,69
339,Sales & Marketing,region_13,Bachelors,m,other,1,36,5.0,10,1,0,46
38435,Legal,region_2,Bachelors,m,other,1,48,4.0,16,0,0,60
34061,Technology,region_33,Masters & above,m,sourcing,1,40,3.0,15,0,0,76
3188,Procurement,region_26,Bachelors,m,sourcing,1,30,5.0,3,1,0,65
44723,Sales & Marketing,region_13,Masters & above,m,sourcing,1,42,5.0,5,0,0,46
73573,Legal,region_2,Bachelors,m,sourcing,1,35,3.0,5,0,0,58
38292,Sales & Marketing,region_5,Masters & above,m,other,1,43,5.0,4,0,0,48
56858,Sales & Marketing,region_22,Masters & above,f,sourcing,1,33,5.0,5,0,0,57
27399,Legal,region_7,Bachelors,m,other,1,34,5.0,5,1,0,63
25564,Analytics,region_4,Masters & above,m,sourcing,1,37,3.0,7,1,0,89
63777,Sales & Marketing,region_22,Bachelors,f,sourcing,1,30,3.0,3,1,0,51
7406,Technology,region_2,Bachelors,m,other,1,35,3.0,7,0,0,77
12144,Sales & Marketing,region_7,Bachelors,m,sourcing,1,45,2.0,7,1,0,45
44539,Sales & Marketing,region_2,Bachelors,m,referred,1,37,3.0,2,1,0,49
35373,Operations,region_23,Masters & above,m,sourcing,2,39,3.0,14,0,0,62
5424,Sales & Marketing,region_23,Masters & above,f,sourcing,1,35,1.0,2,0,0,52
39897,Procurement,region_17,Masters & above,f,other,1,56,3.0,4,1,0,74
21863,Sales & Marketing,region_22,Bachelors,f,other,1,25,,1,0,0,48
68719,Legal,region_7,Bachelors,m,other,1,30,2.0,1,0,0,56
23766,Analytics,region_10,Bachelors,m,other,1,27,3.0,2,1,0,82
4950,Analytics,region_1,Masters & above,m,sourcing,1,32,3.0,7,0,0,82
76736,Procurement,region_15,Bachelors,m,other,1,31,5.0,2,1,0,68
39269,Technology,region_22,Bachelors,m,other,1,28,1.0,4,0,0,77
42135,Operations,region_19,Bachelors,m,other,2,38,3.0,11,0,0,59
41203,Technology,region_7,Masters & above,f,other,1,39,3.0,12,0,0,76
64703,Legal,region_2,Bachelors,m,other,1,28,2.0,2,0,0,62
41069,Sales & Marketing,region_13,Bachelors,m,other,1,52,3.0,2,1,0,49
68853,Technology,region_2,Bachelors,f,sourcing,1,31,1.0,4,1,0,80
18781,Technology,region_33,Masters & above,m,sourcing,2,40,3.0,10,0,0,78
45328,Sales & Marketing,region_2,Bachelors,m,sourcing,1,45,5.0,16,1,0,52
12974,Sales & Marketing,region_22,Bachelors,m,other,2,29,5.0,3,1,0,49
52771,Sales & Marketing,region_25,Bachelors,f,other,1,27,4.0,3,0,0,46
56307,Analytics,region_22,Bachelors,m,other,1,30,3.0,2,1,0,85
20861,Procurement,region_5,Bachelors,m,other,2,31,3.0,7,0,0,70
54982,Sales & Marketing,region_31,,m,sourcing,1,27,4.0,3,1,0,48
59490,Sales & Marketing,region_26,Bachelors,m,sourcing,1,33,3.0,8,0,0,48
13458,Procurement,region_10,Masters & above,f,sourcing,1,36,3.0,3,0,0,70
34249,Sales & Marketing,region_15,Bachelors,m,sourcing,1,28,3.0,2,0,0,53
75069,Operations,region_20,Bachelors,m,other,1,29,5.0,6,1,0,57
5897,Procurement,region_2,Masters & above,f,sourcing,1,43,5.0,10,1,0,68
24703,Sales & Marketing,region_28,,m,other,1,34,5.0,10,0,0,55
27986,Sales & Marketing,region_15,Masters & above,m,other,1,33,3.0,4,1,0,50
21246,Finance,region_22,Masters & above,f,sourcing,1,32,3.0,4,0,0,62
67800,Analytics,region_15,Bachelors,m,other,1,44,4.0,12,0,0,85
76195,Procurement,region_2,Bachelors,m,other,1,20,,1,0,0,76
54988,Operations,region_2,Masters & above,m,other,1,49,4.0,18,1,0,60
48241,Procurement,region_6,Bachelors,m,sourcing,2,28,3.0,2,1,0,69
41535,Technology,region_2,Bachelors,m,other,1,50,3.0,16,0,0,77
25036,Sales & Marketing,region_22,Masters & above,f,sourcing,1,33,4.0,2,1,0,50
66850,Operations,region_26,Bachelors,f,other,1,42,1.0,4,0,0,61
77467,HR,region_22,Bachelors,m,other,1,26,4.0,3,1,0,48
53287,Operations,region_22,Masters & above,m,other,2,38,5.0,6,1,0,61
67812,Sales & Marketing,region_7,Masters & above,m,other,1,32,,1,1,0,52
37966,Finance,region_11,Bachelors,m,other,1,30,4.0,5,0,0,59
24061,Technology,region_13,Masters & above,m,sourcing,2,33,5.0,2,1,0,78
53821,Technology,region_2,Bachelors,f,sourcing,3,29,,1,1,0,80
63438,Sales & Marketing,region_2,Masters & above,m,sourcing,1,37,3.0,10,1,0,50
60624,Sales & Marketing,region_7,Masters & above,f,other,1,41,1.0,2,0,0,47
7679,Technology,region_27,Bachelors,m,other,2,33,4.0,8,0,0,83
77763,Technology,region_17,Bachelors,f,other,1,31,3.0,5,1,0,76
8650,Procurement,region_22,Bachelors,m,referred,2,27,5.0,3,1,0,71
70107,Procurement,region_7,Bachelors,m,sourcing,1,31,3.0,7,0,0,71
59421,Operations,region_22,Bachelors,m,other,1,48,5.0,15,1,0,59
25953,Finance,region_2,Bachelors,f,other,1,36,1.0,9,0,0,59
40493,Sales & Marketing,region_19,,m,other,1,30,1.0,8,0,0,48
4948,Operations,region_27,,m,other,1,26,5.0,4,1,0,56
52096,Analytics,region_2,Bachelors,m,other,1,29,3.0,3,1,0,85
45888,Operations,region_22,Bachelors,m,other,1,33,3.0,7,0,0,56
7080,Sales & Marketing,region_7,Bachelors,m,other,1,50,3.0,18,0,0,49
77675,Technology,region_2,Bachelors,f,other,2,52,3.0,4,1,0,78
21333,Operations,region_7,Below Secondary,f,other,1,26,5.0,3,0,0,63
58651,Operations,region_23,Bachelors,f,other,1,37,3.0,2,0,0,54
28039,Sales & Marketing,region_15,Bachelors,m,other,1,49,3.0,8,0,0,51
41610,Procurement,region_1,Bachelors,m,other,3,28,3.0,2,0,0,70
25180,Sales & Marketing,region_11,Bachelors,f,sourcing,1,30,1.0,4,0,0,46
732,Analytics,region_2,Masters & above,m,sourcing,1,55,3.0,15,0,0,90
73535,Sales & Marketing,region_13,Bachelors,m,other,1,33,3.0,6,0,0,48
11699,Operations,region_22,Masters & above,m,other,2,39,3.0,5,1,0,53
48834,Procurement,region_2,Bachelors,m,sourcing,1,41,5.0,10,1,0,74
28322,HR,region_22,Bachelors,f,other,1,27,4.0,5,1,0,51
53414,Sales & Marketing,region_13,Masters & above,m,other,1,31,1.0,5,0,0,49
46315,Technology,region_13,Bachelors,m,other,1,32,3.0,2,0,0,75
12556,Sales & Marketing,region_2,Bachelors,m,sourcing,2,47,3.0,2,1,0,51
57667,Analytics,region_2,Masters & above,m,other,1,47,5.0,13,1,1,84
39622,Operations,region_31,Bachelors,f,other,2,27,,1,0,0,57
77530,Sales & Marketing,region_32,Bachelors,m,other,2,26,,1,0,0,47
1809,Operations,region_2,Bachelors,m,sourcing,1,38,3.0,4,1,0,64
12448,Analytics,region_20,Bachelors,m,sourcing,2,43,3.0,12,1,0,89
23745,Technology,region_7,Below Secondary,m,other,1,25,,1,1,0,76
78092,Sales & Marketing,region_33,Bachelors,f,sourcing,1,31,1.0,2,0,0,50
738,Procurement,region_2,Masters & above,f,other,1,37,2.0,8,0,0,71
2326,Procurement,region_26,Bachelors,m,sourcing,1,34,5.0,8,1,0,72
21339,Finance,region_27,Bachelors,m,sourcing,1,31,3.0,6,0,0,62
46675,Operations,region_2,Bachelors,m,sourcing,1,49,5.0,5,0,0,61
52375,Operations,region_34,Bachelors,f,other,1,34,4.0,7,1,0,64
13678,HR,region_2,Bachelors,f,other,1,31,5.0,7,0,0,50
28376,Operations,region_22,Bachelors,f,other,1,28,,1,0,0,60
73245,Sales & Marketing,region_6,Bachelors,m,sourcing,1,59,1.0,29,0,0,49
50492,Sales & Marketing,region_2,Masters & above,m,other,1,34,4.0,10,0,0,46
50996,Sales & Marketing,region_11,Bachelors,m,sourcing,1,28,5.0,3,0,0,50
3905,Analytics,region_7,Masters & above,m,other,1,42,4.0,6,0,0,87
22589,Sales & Marketing,region_16,Bachelors,m,sourcing,1,47,3.0,7,0,0,55
13557,Sales & Marketing,region_15,Bachelors,m,sourcing,1,30,4.0,4,0,0,45
77163,Operations,region_7,Bachelors,f,other,1,30,5.0,6,0,1,59
39706,Operations,region_22,Bachelors,m,sourcing,1,37,3.0,3,0,1,91
35232,Sales & Marketing,region_33,Masters & above,m,sourcing,1,36,3.0,4,0,0,49
26596,Operations,region_11,Bachelors,m,other,1,29,5.0,2,1,0,57
26828,Legal,region_31,Bachelors,m,sourcing,1,29,3.0,3,0,0,56
44404,Sales & Marketing,region_7,Masters & above,m,referred,1,36,5.0,5,0,0,49
68604,Operations,region_2,Bachelors,f,sourcing,1,44,4.0,7,0,0,61
25807,Analytics,region_26,Bachelors,m,other,1,28,,1,1,0,83
19853,Finance,region_7,Masters & above,m,other,1,40,4.0,5,0,0,56
2130,Sales & Marketing,region_2,Bachelors,m,sourcing,1,42,4.0,4,0,0,48
64832,Finance,region_2,Bachelors,m,sourcing,1,56,4.0,17,0,0,58
57270,HR,region_22,Bachelors,f,referred,1,27,5.0,4,0,0,49
23205,Operations,region_27,Bachelors,m,sourcing,1,39,5.0,4,0,0,61
40395,Procurement,region_2,Bachelors,f,referred,1,31,4.0,5,0,0,73
64902,Analytics,region_13,Masters & above,m,other,1,34,1.0,3,1,0,84
68305,Operations,region_22,Masters & above,m,referred,1,36,4.0,4,1,0,61
23326,Analytics,region_2,Bachelors,m,other,2,33,4.0,4,1,0,85
77703,Analytics,region_22,Bachelors,m,sourcing,2,32,3.0,9,0,0,83
706,Sales & Marketing,region_3,Masters & above,m,sourcing,1,42,5.0,10,1,0,53
1122,Finance,region_15,Bachelors,m,other,1,36,4.0,7,0,0,59
70426,Sales & Marketing,region_11,Bachelors,m,other,1,39,2.0,10,0,0,52
22771,Operations,region_26,Bachelors,m,other,1,40,5.0,13,0,0,57
50382,Procurement,region_23,Masters & above,f,other,1,33,5.0,5,1,0,64
76292,Technology,region_1,Masters & above,m,sourcing,1,32,4.0,7,0,0,80
52926,Procurement,region_7,Bachelors,f,other,1,32,3.0,2,1,0,66
17601,Analytics,region_31,Bachelors,m,sourcing,2,29,3.0,2,0,0,87
61934,Procurement,region_30,Bachelors,f,other,1,29,5.0,3,1,0,68
9696,Technology,region_20,Bachelors,m,sourcing,1,31,1.0,6,0,0,77
8477,Sales & Marketing,region_6,Bachelors,m,sourcing,1,24,2.0,2,1,0,53
39482,Analytics,region_22,Bachelors,m,sourcing,1,29,5.0,3,1,0,81
17415,Procurement,region_33,Masters & above,m,other,1,38,3.0,2,1,0,67
2847,Sales & Marketing,region_26,Bachelors,m,other,1,34,5.0,8,0,0,53
77124,Sales & Marketing,region_11,Bachelors,m,other,1,49,4.0,7,1,0,45
22847,Technology,region_5,Bachelors,m,sourcing,3,28,,1,0,0,83
3754,Sales & Marketing,region_23,Masters & above,m,sourcing,1,49,3.0,8,0,0,51
54415,Sales & Marketing,region_9,Bachelors,m,other,1,25,,1,0,0,51
7932,Analytics,region_31,Bachelors,m,sourcing,1,43,3.0,6,1,0,86
17777,Sales & Marketing,region_4,Masters & above,m,other,1,39,3.0,6,0,0,53
23757,Sales & Marketing,region_1,Masters & above,m,other,1,42,4.0,6,0,0,48
77836,Operations,region_12,Bachelors,m,other,1,37,3.0,3,1,0,60
48888,Sales & Marketing,region_15,,f,other,1,29,4.0,2,1,0,49
17580,Technology,region_2,Masters & above,m,other,1,50,4.0,17,0,0,80
15100,Technology,region_16,Bachelors,f,sourcing,1,28,,1,0,0,84
66534,Operations,region_29,Bachelors,m,other,1,28,2.0,2,0,0,60
19699,Sales & Marketing,region_9,Bachelors,f,other,1,29,1.0,7,0,0,51
53891,Technology,region_16,Bachelors,m,other,1,29,3.0,4,0,0,78
41249,Sales & Marketing,region_6,Bachelors,m,other,1,40,5.0,14,0,0,50
8221,Operations,region_15,Bachelors,m,other,1,41,5.0,4,1,0,56
15184,Finance,region_26,Bachelors,m,sourcing,1,38,5.0,2,0,0,59
26849,Sales & Marketing,region_23,Masters & above,m,other,1,38,3.0,3,0,0,63
35386,Procurement,region_23,Masters & above,m,other,2,35,3.0,3,0,0,71
64019,Analytics,region_22,Bachelors,f,other,2,26,5.0,5,1,0,85
45057,Technology,region_22,Bachelors,m,referred,2,26,3.0,5,1,0,81
48725,Procurement,region_2,Bachelors,m,other,2,31,1.0,5,0,0,68
13827,HR,region_23,Masters & above,f,other,2,33,3.0,8,0,0,52
66952,Finance,region_4,Masters & above,m,other,2,31,4.0,6,1,0,58
69939,Analytics,region_22,Bachelors,m,referred,1,28,3.0,4,0,0,83
32488,Procurement,region_22,Below Secondary,m,other,2,20,2.0,2,0,0,69
64953,Procurement,region_2,Masters & above,f,other,1,44,5.0,7,1,0,74
33359,Operations,region_2,Bachelors,f,sourcing,1,35,5.0,3,0,0,70
64504,Technology,region_27,Bachelors,f,other,1,28,3.0,3,0,0,81
8018,Operations,region_14,Bachelors,m,other,1,33,3.0,6,1,0,57
32080,Analytics,region_2,Bachelors,m,other,2,40,3.0,16,0,0,88
21380,Sales & Marketing,region_17,Masters & above,m,other,1,40,5.0,10,0,0,49
17524,Technology,region_19,Bachelors,m,other,2,40,1.0,10,0,0,85
15161,Technology,region_2,Masters & above,f,other,1,43,3.0,6,1,0,80
46703,Finance,region_15,Masters & above,m,other,2,32,1.0,5,0,0,65
8717,Procurement,region_2,Masters & above,f,sourcing,1,43,4.0,9,0,0,68
50729,Sales & Marketing,region_2,Masters & above,m,sourcing,2,39,5.0,2,0,0,47
55193,Analytics,region_22,Masters & above,m,other,2,35,5.0,4,1,0,87
18516,Analytics,region_31,Bachelors,f,sourcing,1,27,3.0,4,0,0,94
34693,Procurement,region_12,Bachelors,f,sourcing,1,36,4.0,3,1,0,68
65401,Operations,region_7,Bachelors,m,other,1,55,5.0,7,1,0,59
4022,Analytics,region_14,Bachelors,m,sourcing,1,27,5.0,4,1,0,81
38090,Sales & Marketing,region_11,Bachelors,m,other,1,43,5.0,7,0,0,50
33692,R&D,region_26,Bachelors,m,other,1,31,3.0,6,0,0,86
18532,HR,region_2,Bachelors,m,other,1,31,3.0,2,0,0,48
1518,Procurement,region_16,Bachelors,m,other,1,36,3.0,3,1,0,70
78112,Operations,region_15,Bachelors,m,sourcing,1,45,5.0,13,1,0,57
71037,Legal,region_22,Bachelors,m,other,1,30,5.0,4,0,0,60
23271,Finance,region_4,Masters & above,m,other,1,38,4.0,4,0,0,72
11124,Operations,region_15,Bachelors,f,sourcing,1,36,2.0,10,0,0,62
68324,Sales & Marketing,region_13,Bachelors,m,other,2,37,3.0,2,0,0,46
33716,Operations,region_11,Masters & above,m,other,2,37,4.0,4,1,0,55
60191,Operations,region_22,Masters & above,m,other,1,46,5.0,15,0,0,60
67737,R&D,region_7,Masters & above,m,sourcing,1,37,3.0,6,0,0,87
54731,Sales & Marketing,region_20,Bachelors,m,other,1,37,3.0,3,1,0,47
23628,Procurement,region_26,Bachelors,f,sourcing,1,47,3.0,15,0,0,68
9669,Sales & Marketing,region_7,Masters & above,m,sourcing,1,36,3.0,3,1,0,47
26416,Sales & Marketing,region_2,Bachelors,m,other,1,31,5.0,5,1,0,47
29098,Procurement,region_16,Masters & above,f,other,1,33,1.0,5,0,0,69
72104,Sales & Marketing,region_2,Masters & above,m,other,2,36,5.0,7,1,0,53
32235,Technology,region_7,Bachelors,m,other,1,42,2.0,14,0,0,79
75833,Sales & Marketing,region_7,Masters & above,m,other,2,37,1.0,10,0,0,49
50863,Finance,region_27,Bachelors,m,sourcing,1,26,1.0,2,0,0,60
30623,Sales & Marketing,region_16,Bachelors,m,other,1,32,2.0,4,1,0,53
26871,Procurement,region_2,Masters & above,m,other,2,40,3.0,4,0,0,69
5135,Operations,region_22,Bachelors,f,other,3,29,,1,0,0,58
26316,Operations,region_15,Masters & above,f,other,1,38,5.0,4,1,0,58
65534,Operations,region_11,Masters & above,f,other,1,42,5.0,16,1,0,60
62243,Operations,region_24,Bachelors,f,other,2,31,3.0,5,0,1,58
32398,Sales & Marketing,region_7,Masters & above,m,sourcing,1,36,4.0,8,1,0,55
24306,Sales & Marketing,region_19,Bachelors,m,sourcing,1,32,1.0,6,0,0,50
41942,Operations,region_16,Bachelors,f,other,1,28,5.0,4,1,0,60
36858,Technology,region_26,Bachelors,m,referred,3,26,4.0,3,1,0,79
54018,HR,region_26,Bachelors,f,other,1,27,,1,1,0,49
55319,HR,region_11,Bachelors,m,other,1,27,5.0,6,1,0,51
75793,Finance,region_7,Masters & above,f,sourcing,1,41,5.0,10,1,0,57
54657,Operations,region_13,Bachelors,f,sourcing,1,34,3.0,6,1,0,57
9344,Sales & Marketing,region_20,Masters & above,m,sourcing,1,36,3.0,7,0,0,48
3052,Finance,region_22,Bachelors,m,other,1,28,,1,0,0,61
33054,Technology,region_24,Bachelors,m,other,2,30,2.0,6,0,0,79
20431,Operations,region_17,Masters & above,m,sourcing,1,43,2.0,5,1,0,56
18100,Procurement,region_22,Bachelors,m,other,1,33,4.0,7,1,0,71
56059,Sales & Marketing,region_2,Bachelors,m,sourcing,1,45,5.0,17,1,0,48
76477,Operations,region_8,Bachelors,f,other,1,29,5.0,6,1,0,61
35829,Analytics,region_2,,m,other,2,28,3.0,4,0,0,85
73073,Sales & Marketing,region_2,Masters & above,m,other,2,32,1.0,2,0,0,48
36266,Sales & Marketing,region_13,Bachelors,m,sourcing,1,39,4.0,5,0,0,47
15427,Procurement,region_17,Bachelors,f,other,1,46,3.0,7,0,0,68
538,Sales & Marketing,region_29,Bachelors,m,other,1,44,5.0,7,0,0,51
44816,Procurement,region_2,Below Secondary,m,sourcing,2,25,3.0,2,1,1,73
10318,Operations,region_21,Masters & above,f,other,1,40,3.0,7,1,0,57
51208,Sales & Marketing,region_2,Masters & above,f,sourcing,1,39,5.0,2,1,0,50
4735,Operations,region_22,Masters & above,m,sourcing,1,31,3.0,5,1,0,61
55558,Operations,region_6,Bachelors,m,sourcing,1,34,5.0,8,1,0,61
45569,Procurement,region_2,Bachelors,m,sourcing,1,28,,1,1,0,73
27732,Procurement,region_28,Bachelors,m,other,1,30,3.0,3,1,0,69
19934,Operations,region_6,Bachelors,m,other,1,36,4.0,10,0,0,63
33946,Technology,region_2,Masters & above,f,other,1,47,3.0,20,0,0,81
36812,HR,region_2,Bachelors,m,sourcing,1,33,5.0,6,1,0,56
8712,Operations,region_2,Bachelors,m,sourcing,1,31,3.0,3,0,0,59
72076,Sales & Marketing,region_29,Bachelors,m,sourcing,1,43,3.0,15,0,0,54
11526,Sales & Marketing,region_18,Bachelors,m,other,1,34,5.0,6,1,0,50
74052,Sales & Marketing,region_11,Bachelors,m,sourcing,1,53,5.0,16,0,0,46
46141,Sales & Marketing,region_7,Masters & above,m,sourcing,2,48,4.0,4,0,0,48
42550,Operations,region_10,Bachelors,m,sourcing,1,30,5.0,5,1,0,61
30448,Sales & Marketing,region_7,Masters & above,m,sourcing,3,39,1.0,6,0,0,47
71930,HR,region_28,Masters & above,m,sourcing,1,35,5.0,10,1,0,50
57026,Operations,region_3,Bachelors,f,other,1,31,,1,1,0,55
16030,Procurement,region_22,Bachelors,f,sourcing,2,28,4.0,2,0,0,67
4299,Sales & Marketing,region_12,,m,other,1,24,,1,0,0,49
14103,Finance,region_11,Bachelors,m,other,1,32,5.0,6,1,0,58
77801,Sales & Marketing,region_2,Masters & above,m,other,1,33,3.0,9,0,0,47
12777,Sales & Marketing,region_7,Bachelors,m,sourcing,1,43,5.0,3,0,0,54
22024,Procurement,region_6,Bachelors,f,other,1,32,3.0,4,0,0,67
18191,Technology,region_2,Below Secondary,m,other,2,24,,1,0,0,93
64600,R&D,region_22,Masters & above,m,sourcing,1,32,,1,0,0,90
15768,Sales & Marketing,region_2,,m,referred,2,25,5.0,3,1,0,46
43069,Operations,region_2,Masters & above,m,sourcing,1,41,5.0,3,0,0,62
68232,Operations,region_14,Bachelors,m,sourcing,1,28,3.0,2,0,0,58
20962,Analytics,region_10,Masters & above,m,other,2,35,3.0,2,1,0,85
56762,Operations,region_22,Bachelors,m,other,1,32,5.0,5,1,0,57
76920,Procurement,region_22,Masters & above,f,sourcing,1,36,4.0,8,0,0,70
6980,Operations,region_21,Masters & above,m,sourcing,2,46,3.0,12,0,1,68
49784,Operations,region_31,Bachelors,m,other,1,30,,1,0,0,63
38884,Sales & Marketing,region_7,Masters & above,f,other,1,31,1.0,4,0,0,50
47035,Procurement,region_2,Masters & above,m,other,1,50,3.0,4,0,0,74
49902,Analytics,region_25,Bachelors,m,other,1,32,3.0,3,0,0,82
53790,Procurement,region_2,Bachelors,f,sourcing,3,32,4.0,5,1,0,72
26930,Procurement,region_7,Bachelors,m,sourcing,1,27,,1,0,0,67
53607,Sales & Marketing,region_2,Bachelors,f,other,1,29,1.0,3,0,0,50
31902,Technology,region_28,Masters & above,f,other,2,32,3.0,2,0,0,80
68742,R&D,region_28,Masters & above,m,sourcing,1,35,5.0,5,1,0,86
43068,Procurement,region_2,Bachelors,m,sourcing,2,55,4.0,13,1,0,72
52095,Technology,region_22,Bachelors,f,other,1,27,4.0,3,1,0,78
14265,Procurement,region_10,Masters & above,f,other,1,37,3.0,9,0,0,71
63689,Sales & Marketing,region_13,Bachelors,m,other,1,52,3.0,16,0,1,97
65203,Sales & Marketing,region_2,Bachelors,m,sourcing,1,46,2.0,6,0,0,48
56000,Operations,region_24,Masters & above,m,sourcing,1,33,5.0,5,1,0,62
45635,Sales & Marketing,region_7,Bachelors,f,other,2,32,3.0,2,0,0,44
28405,Operations,region_11,Bachelors,f,sourcing,1,35,5.0,2,0,0,57
70506,Procurement,region_26,Bachelors,f,other,2,29,5.0,5,1,0,66
67283,HR,region_2,Bachelors,f,sourcing,1,56,3.0,8,0,0,52
26481,Finance,region_7,Bachelors,m,sourcing,1,32,5.0,5,0,0,60
22097,Operations,region_2,Bachelors,f,sourcing,1,45,5.0,12,1,0,58
12268,R&D,region_2,Bachelors,m,sourcing,1,32,5.0,4,1,0,86
52802,Procurement,region_26,Bachelors,m,sourcing,1,55,4.0,17,0,0,65
8468,HR,region_22,Bachelors,f,sourcing,2,32,1.0,5,0,0,50
72729,Technology,region_7,Bachelors,m,other,1,28,3.0,3,1,0,74
57068,Operations,region_4,Bachelors,m,other,2,35,3.0,8,1,0,64
56236,Sales & Marketing,region_7,Masters & above,m,sourcing,1,40,4.0,9,0,0,44
14056,Sales & Marketing,region_15,Bachelors,m,other,1,37,5.0,10,1,0,47
59500,Operations,region_16,Masters & above,m,other,1,44,4.0,14,0,0,63
6340,Sales & Marketing,region_22,,f,sourcing,2,29,1.0,6,0,0,47
17648,HR,region_6,Bachelors,m,sourcing,1,27,5.0,2,1,0,49
41770,HR,region_2,Bachelors,f,other,1,26,,1,0,0,48
12379,Operations,region_4,Bachelors,f,other,1,46,5.0,6,1,0,56
58057,Sales & Marketing,region_2,,m,sourcing,1,44,3.0,3,0,0,54
69027,Procurement,region_2,Bachelors,f,sourcing,3,34,4.0,7,0,0,71
60575,Sales & Marketing,region_4,Bachelors,f,sourcing,1,35,5.0,2,0,0,49
68935,Operations,region_22,Bachelors,m,sourcing,1,42,3.0,4,0,0,60
15199,Analytics,region_26,Bachelors,f,other,1,26,,1,0,0,89
8385,Analytics,region_11,Bachelors,m,sourcing,2,32,3.0,2,0,0,81
9205,HR,region_2,Masters & above,m,sourcing,1,44,3.0,15,0,0,50
36834,Sales & Marketing,region_8,Masters & above,m,other,1,30,3.0,2,1,0,55
39668,HR,region_26,Bachelors,m,sourcing,1,32,4.0,2,1,0,51
35716,Finance,region_11,Bachelors,f,sourcing,1,29,3.0,6,1,0,62
74855,Sales & Marketing,region_16,Masters & above,m,other,1,58,3.0,3,1,0,48
51474,Procurement,region_22,Masters & above,m,sourcing,1,52,4.0,7,0,0,71
17368,Operations,region_31,Bachelors,m,sourcing,2,30,3.0,4,1,0,61
11441,Operations,region_7,Below Secondary,m,other,1,25,4.0,3,0,0,56
7110,Technology,region_27,Masters & above,m,sourcing,2,42,3.0,5,0,0,80
26168,Sales & Marketing,region_11,Bachelors,m,other,1,30,3.0,5,1,0,47
69593,HR,region_2,Bachelors,m,other,1,38,2.0,7,0,0,53
30037,Procurement,region_7,Masters & above,f,sourcing,1,32,4.0,5,1,0,72
47056,Sales & Marketing,region_7,Masters & above,m,other,1,44,1.0,5,1,0,53
63239,Procurement,region_28,Bachelors,m,other,3,29,,1,1,0,66
44282,Procurement,region_11,Bachelors,m,other,1,29,1.0,2,0,0,71
40070,Operations,region_19,Bachelors,m,other,2,32,5.0,6,1,0,57
33897,Operations,region_22,Masters & above,f,other,2,34,3.0,4,0,0,60
61153,Operations,region_7,Masters & above,m,sourcing,2,39,1.0,7,0,0,57
70692,Procurement,region_31,Bachelors,m,other,2,35,4.0,5,1,0,71
1135,Operations,region_8,Bachelors,f,other,1,30,5.0,8,1,0,63
53364,Sales & Marketing,region_8,Bachelors,m,other,1,34,4.0,3,1,0,46
47594,Operations,region_20,Bachelors,f,other,1,29,5.0,3,1,0,61
68752,Operations,region_27,Bachelors,f,other,1,30,5.0,3,1,0,60
64809,Analytics,region_22,Bachelors,m,sourcing,1,28,4.0,5,1,0,87
18145,Procurement,region_2,Bachelors,m,other,7,30,3.0,4,0,0,68
12007,Sales & Marketing,region_2,Bachelors,f,other,2,28,3.0,6,0,0,51
9618,Analytics,region_31,Bachelors,m,other,1,32,5.0,8,0,0,86
73040,Procurement,region_2,Masters & above,f,other,1,33,5.0,6,0,0,70
30025,Technology,region_22,Masters & above,f,other,2,35,3.0,3,0,0,79
15695,Operations,region_15,Bachelors,f,sourcing,1,40,3.0,10,1,1,58
56452,Procurement,region_31,Masters & above,f,other,1,32,2.0,7,0,0,72
14390,Technology,region_23,Masters & above,f,sourcing,1,35,3.0,8,0,0,78
27267,Operations,region_7,Bachelors,m,sourcing,2,31,5.0,5,1,0,61
30159,R&D,region_13,Masters & above,m,sourcing,2,38,4.0,7,0,0,84
7182,HR,region_28,Masters & above,f,sourcing,1,30,5.0,5,0,0,59
53303,Operations,region_2,,f,sourcing,1,58,4.0,5,1,0,64
37853,Technology,region_7,Masters & above,f,sourcing,2,33,4.0,5,0,1,88
28395,Legal,region_2,Bachelors,m,referred,1,30,3.0,1,1,0,58
38730,Sales & Marketing,region_13,Bachelors,m,other,2,31,3.0,4,0,0,51
26292,Finance,region_6,Bachelors,m,other,1,31,5.0,6,0,0,60
9677,Operations,region_19,Bachelors,m,sourcing,1,36,5.0,4,0,0,60
44865,R&D,region_2,,m,sourcing,4,27,,1,0,0,82
50994,Procurement,region_2,Masters & above,m,sourcing,3,33,3.0,4,1,0,73
68278,Sales & Marketing,region_22,Bachelors,m,sourcing,3,27,,1,0,0,51
43102,Sales & Marketing,region_32,Bachelors,f,sourcing,1,29,3.0,3,0,0,50
69800,Technology,region_7,Masters & above,m,other,1,49,5.0,19,1,0,79
40684,Operations,region_15,Bachelors,m,sourcing,2,44,5.0,6,1,0,55
64308,Procurement,region_2,Masters & above,m,sourcing,1,43,4.0,10,0,0,66
12409,Finance,region_2,,m,sourcing,1,31,3.0,3,0,0,63
51822,Operations,region_2,Bachelors,f,sourcing,1,49,5.0,2,0,0,70
70730,Sales & Marketing,region_3,Bachelors,m,sourcing,1,25,5.0,1,1,0,50
75254,Sales & Marketing,region_17,Bachelors,m,sourcing,1,33,3.0,10,0,0,52
41131,Operations,region_22,Bachelors,m,other,1,49,5.0,19,1,0,60
75935,Sales & Marketing,region_14,Bachelors,m,other,1,32,3.0,7,0,0,50
32685,Sales & Marketing,region_12,Bachelors,m,sourcing,1,35,3.0,7,0,0,47
53723,Operations,region_16,Masters & above,f,sourcing,1,36,4.0,8,0,0,61
1908,Analytics,region_4,Masters & above,m,other,1,38,4.0,7,1,0,88
11761,Operations,region_13,Bachelors,m,other,1,27,5.0,5,1,0,57
35267,Finance,region_7,Masters & above,m,other,1,33,3.0,6,0,0,65
20753,Operations,region_2,Bachelors,m,sourcing,1,31,3.0,5,0,0,61
6607,Analytics,region_25,Bachelors,m,other,1,31,3.0,7,1,1,86
55016,Operations,region_2,Bachelors,m,other,2,39,3.0,12,0,0,56
13405,HR,region_7,Bachelors,m,sourcing,1,28,5.0,4,1,0,51
8786,Sales & Marketing,region_12,Bachelors,m,other,1,28,3.0,6,1,0,51
36611,Procurement,region_27,Bachelors,m,sourcing,1,30,5.0,5,1,0,70
23158,Technology,region_14,Masters & above,m,other,1,42,4.0,7,0,0,82
65355,Sales & Marketing,region_2,Bachelors,m,other,2,35,3.0,7,0,0,48
51644,Finance,region_4,Masters & above,m,other,1,35,5.0,7,0,0,55
72881,Sales & Marketing,region_16,,m,other,1,23,3.0,2,0,0,49
48543,Operations,region_7,Bachelors,m,other,1,26,3.0,2,1,0,60
31137,Sales & Marketing,region_7,,m,other,1,29,3.0,2,0,0,56
56105,Operations,region_15,Masters & above,f,other,1,34,5.0,2,1,0,60
56738,Operations,region_2,Bachelors,f,other,1,34,1.0,6,0,0,63
14739,Technology,region_5,Bachelors,m,other,1,27,3.0,3,1,0,78
23683,Sales & Marketing,region_17,Bachelors,m,other,1,33,5.0,9,1,0,47
24163,Sales & Marketing,region_2,Bachelors,m,sourcing,6,32,3.0,7,0,0,50
68576,Operations,region_13,Bachelors,m,sourcing,1,32,5.0,6,1,0,57
30321,Sales & Marketing,region_3,Bachelors,m,other,1,28,5.0,4,1,0,49
25471,Technology,region_16,Bachelors,f,other,1,32,4.0,6,0,0,79
22603,Operations,region_26,Bachelors,m,other,1,29,3.0,7,0,0,59
29791,Sales & Marketing,region_19,Bachelors,m,sourcing,1,36,1.0,2,0,0,48
11175,Operations,region_26,Bachelors,f,sourcing,1,30,4.0,9,1,0,60
54842,Sales & Marketing,region_2,,f,sourcing,1,23,5.0,2,0,0,42
57898,Procurement,region_17,Bachelors,f,other,2,46,3.0,13,1,0,71
59128,Sales & Marketing,region_22,Bachelors,m,sourcing,1,36,5.0,9,0,0,49
71886,Technology,region_5,Below Secondary,m,other,1,22,,1,1,0,79
42332,Sales & Marketing,region_13,Bachelors,m,other,1,34,5.0,8,0,0,60
15294,Sales & Marketing,region_9,Bachelors,m,other,2,29,1.0,4,1,0,52
17014,Sales & Marketing,region_4,Masters & above,m,other,1,43,1.0,14,0,0,53
38711,Analytics,region_31,Bachelors,m,other,1,35,3.0,5,0,0,86
68446,Operations,region_11,Bachelors,m,sourcing,1,31,5.0,3,1,0,58
61937,HR,region_15,Bachelors,m,other,1,27,2.0,4,1,0,52
42974,Procurement,region_7,Masters & above,m,other,1,38,2.0,5,0,0,64
43607,Analytics,region_31,Bachelors,m,other,2,28,4.0,3,1,0,83
16100,Sales & Marketing,region_2,Bachelors,m,other,2,28,1.0,6,0,0,50
8190,Technology,region_7,Bachelors,f,referred,1,30,4.0,4,0,0,77
64165,Operations,region_2,Bachelors,m,other,1,49,3.0,16,0,0,63
22238,Sales & Marketing,region_2,Masters & above,m,other,3,55,3.0,13,0,0,47
21146,R&D,region_22,Masters & above,m,sourcing,1,40,4.0,12,0,0,84
29954,Analytics,region_31,Bachelors,m,sourcing,2,28,4.0,2,0,0,85
73281,Sales & Marketing,region_22,Masters & above,m,other,2,40,3.0,10,0,0,53
62030,Operations,region_13,Bachelors,f,other,1,36,4.0,8,0,0,59
64572,Sales & Marketing,region_23,Bachelors,m,other,2,31,3.0,9,0,0,48
26171,Analytics,region_2,Bachelors,m,other,2,30,5.0,5,1,0,85
56884,Sales & Marketing,region_23,Masters & above,m,other,2,42,3.0,4,0,0,50
77024,HR,region_2,Masters & above,m,sourcing,1,39,3.0,13,0,0,42
11445,Sales & Marketing,region_2,,f,sourcing,1,23,3.0,2,0,0,50
59345,Technology,region_25,Masters & above,m,other,1,34,3.0,3,0,0,76
63986,Operations,region_20,Masters & above,f,other,1,32,3.0,5,0,0,57
9602,Analytics,region_15,Masters & above,m,other,3,31,3.0,3,1,0,87
12949,Operations,region_32,Bachelors,f,other,1,41,4.0,7,1,0,63
68227,Sales & Marketing,region_9,Bachelors,m,sourcing,1,30,4.0,2,1,0,48
71371,Operations,region_16,Bachelors,m,other,1,51,3.0,5,1,0,56
49506,Procurement,region_2,Below Secondary,m,sourcing,3,24,,1,1,0,70
49204,Sales & Marketing,region_7,Bachelors,m,sourcing,1,31,3.0,6,0,0,52
9323,Procurement,region_29,Bachelors,m,other,2,31,2.0,6,0,0,65
17486,Operations,region_2,Masters & above,m,other,2,35,3.0,4,0,0,63
62795,Procurement,region_22,Masters & above,m,other,2,37,5.0,4,1,0,74
69056,Sales & Marketing,region_2,Bachelors,m,other,4,27,3.0,3,0,0,48
25861,Sales & Marketing,region_31,Bachelors,f,other,1,28,3.0,3,0,0,49
24188,Technology,region_2,Bachelors,f,referred,1,39,3.0,10,0,0,80
72136,Sales & Marketing,region_22,Bachelors,f,other,1,32,1.0,8,0,0,51
48635,Sales & Marketing,region_31,Bachelors,f,sourcing,1,26,3.0,3,0,0,52
49004,R&D,region_7,Bachelors,m,sourcing,1,31,,1,0,0,84
40258,Operations,region_27,Bachelors,m,sourcing,2,26,4.0,1,1,0,61
23703,Finance,region_31,Bachelors,m,sourcing,1,27,4.0,4,1,0,57
64720,Sales & Marketing,region_13,Masters & above,m,other,3,38,3.0,4,0,0,53
61598,HR,region_28,Bachelors,m,other,1,34,4.0,10,0,0,53
65161,Analytics,region_7,Masters & above,m,other,1,44,4.0,4,1,0,85
51928,Sales & Marketing,region_28,Masters & above,f,other,1,34,3.0,3,0,0,49
36850,Operations,region_4,Bachelors,m,sourcing,1,42,5.0,11,1,0,60
37589,Sales & Marketing,region_28,Bachelors,m,sourcing,1,39,1.0,9,0,0,51
53989,Analytics,region_22,,m,other,1,24,,1,0,0,86
76116,Analytics,region_21,Bachelors,m,other,1,26,1.0,2,0,0,88
71104,Sales & Marketing,region_2,,m,other,1,49,3.0,19,0,0,46
48297,Technology,region_2,Masters & above,f,other,1,60,3.0,5,0,0,76
30320,HR,region_17,Bachelors,m,sourcing,1,28,,1,0,0,56
46353,Operations,region_32,Bachelors,f,sourcing,1,37,3.0,5,1,0,60
30463,Sales & Marketing,region_9,,m,other,1,28,5.0,2,1,0,51
7959,Sales & Marketing,region_17,Bachelors,m,sourcing,1,28,4.0,5,1,0,45
35361,Operations,region_2,Bachelors,m,sourcing,1,41,3.0,10,0,0,61
74895,Sales & Marketing,region_2,,m,sourcing,1,26,,1,0,0,47
36557,Analytics,region_28,Bachelors,m,other,1,31,3.0,5,0,1,84
66419,Technology,region_26,Bachelors,m,other,1,30,2.0,5,0,0,76
22459,Legal,region_2,Bachelors,f,other,1,31,5.0,7,0,0,60
78005,Operations,region_22,Bachelors,f,other,2,34,5.0,4,0,0,72
58000,Operations,region_7,Masters & above,m,other,1,43,3.0,15,0,0,63
4910,Operations,region_32,Bachelors,m,other,1,28,3.0,7,0,0,59
13400,Sales & Marketing,region_14,Masters & above,m,sourcing,1,39,4.0,4,1,0,56
19920,Operations,region_22,Bachelors,m,other,4,28,1.0,8,0,0,63
6650,Operations,region_23,Bachelors,f,other,2,31,3.0,8,0,0,59
45956,Procurement,region_15,Bachelors,m,other,2,35,2.0,7,1,0,71
68826,Sales & Marketing,region_7,Bachelors,m,other,1,42,1.0,11,0,0,51
65352,Sales & Marketing,region_19,Bachelors,m,other,1,34,1.0,5,0,0,48
56661,Operations,region_2,Bachelors,f,sourcing,1,33,3.0,2,0,0,58
8593,Operations,region_22,Bachelors,m,other,1,40,5.0,10,1,0,60
38787,Sales & Marketing,region_29,,m,sourcing,1,22,3.0,2,0,0,51
52464,Operations,region_6,Bachelors,f,other,1,31,3.0,3,0,0,58
2296,Operations,region_27,Bachelors,m,sourcing,1,30,4.0,1,0,0,59
61988,Operations,region_27,Bachelors,f,other,1,37,3.0,13,0,0,57
38446,Procurement,region_15,Bachelors,f,other,1,33,4.0,4,1,0,65
66338,Operations,region_22,Masters & above,m,other,1,54,4.0,16,1,0,61
45991,Sales & Marketing,region_2,Bachelors,f,sourcing,1,47,1.0,3,0,0,49
9548,Analytics,region_22,Bachelors,m,sourcing,2,38,4.0,13,0,0,87
40689,Operations,region_6,Bachelors,f,other,1,29,5.0,7,1,0,59
12124,Sales & Marketing,region_26,Bachelors,m,other,1,50,2.0,5,0,1,58
33505,Procurement,region_12,Bachelors,m,sourcing,2,29,4.0,2,0,0,71
8044,Operations,region_19,Bachelors,m,sourcing,1,42,3.0,3,0,0,64
17198,HR,region_32,Bachelors,m,other,2,26,5.0,2,0,0,49
62548,Operations,region_27,Bachelors,m,other,1,33,4.0,9,0,0,62
52456,Operations,region_2,Below Secondary,f,sourcing,1,23,,1,0,0,59
55291,Technology,region_2,Bachelors,f,other,1,59,2.0,19,0,0,79
26306,Sales & Marketing,region_3,Masters & above,m,sourcing,1,31,5.0,3,1,1,50
24662,Sales & Marketing,region_12,Bachelors,f,sourcing,1,27,5.0,4,0,0,49
74347,Procurement,region_17,Bachelors,f,other,1,41,3.0,3,0,0,71
19592,Operations,region_28,Masters & above,m,other,1,32,3.0,6,1,0,63
11510,Sales & Marketing,region_14,Bachelors,m,sourcing,1,44,5.0,6,1,0,48
32443,Technology,region_26,Bachelors,m,other,1,23,,1,0,0,84
52000,Finance,region_20,Bachelors,m,other,1,27,5.0,3,1,0,59
66605,Sales & Marketing,region_19,Bachelors,m,other,2,34,1.0,6,0,0,50
6232,Technology,region_19,Bachelors,m,sourcing,1,29,,1,0,0,78
23937,Operations,region_2,Bachelors,m,other,1,36,1.0,9,0,0,56
62378,Finance,region_31,Bachelors,m,other,1,25,5.0,2,1,0,62
64957,Analytics,region_2,Bachelors,m,sourcing,1,28,3.0,2,0,0,84
51027,Operations,region_31,Bachelors,f,sourcing,1,46,4.0,9,0,0,59
60232,Operations,region_14,Bachelors,m,other,1,35,4.0,5,0,0,59
74211,Sales & Marketing,region_9,Bachelors,m,other,3,27,1.0,2,0,0,49
27048,Sales & Marketing,region_27,Bachelors,m,sourcing,1,26,5.0,3,1,0,55
71370,Operations,region_34,Bachelors,m,other,1,28,3.0,5,0,0,59
2194,Sales & Marketing,region_25,Bachelors,f,sourcing,1,29,,1,0,0,50
17023,Technology,region_27,Bachelors,m,sourcing,1,26,5.0,2,1,0,82
61104,Finance,region_22,Bachelors,m,sourcing,4,26,,1,0,0,62
29555,Procurement,region_17,Bachelors,f,other,1,37,5.0,8,1,0,70
67592,Technology,region_25,Bachelors,f,other,2,28,,1,1,0,79
72427,Sales & Marketing,region_34,Bachelors,m,other,1,27,3.0,5,1,1,53
7643,Technology,region_22,Bachelors,f,other,2,28,3.0,6,0,0,83
76923,Analytics,region_28,Bachelors,m,sourcing,1,33,3.0,8,0,0,81
11774,Procurement,region_20,Bachelors,f,other,1,30,5.0,4,1,0,71
51054,Technology,region_2,Bachelors,m,other,1,50,1.0,5,0,0,76
3088,HR,region_2,Masters & above,m,other,1,33,3.0,7,1,0,54
30898,Sales & Marketing,region_11,Masters & above,m,other,1,36,1.0,4,0,0,50
72878,Procurement,region_17,Masters & above,f,other,1,56,3.0,4,0,0,70
62137,Sales & Marketing,region_22,Masters & above,m,other,1,34,1.0,4,0,0,46
8263,Technology,region_2,,f,other,1,30,5.0,3,1,0,77
74602,Sales & Marketing,region_13,Masters & above,m,other,1,38,5.0,14,0,0,50
8154,Operations,region_24,Bachelors,f,other,1,31,4.0,5,1,0,57
50135,Sales & Marketing,region_22,Bachelors,m,sourcing,1,27,3.0,2,1,0,53
38215,Analytics,region_34,Bachelors,m,other,1,28,,1,1,0,81
61832,Sales & Marketing,region_2,Bachelors,f,other,2,25,3.0,3,0,0,46
56922,Sales & Marketing,region_13,Bachelors,m,other,1,50,3.0,3,1,0,47
64112,Sales & Marketing,region_2,Bachelors,m,other,2,27,3.0,3,0,0,48
73014,Analytics,region_26,Bachelors,m,other,1,30,2.0,5,0,0,84
10304,Procurement,region_2,Masters & above,m,sourcing,1,60,2.0,17,1,0,70
77013,Sales & Marketing,region_13,Masters & above,m,sourcing,1,51,3.0,7,0,0,53
62110,Finance,region_13,Bachelors,m,sourcing,1,27,,1,1,0,57
69190,Sales & Marketing,region_24,Masters & above,m,other,1,39,4.0,3,1,0,49
64671,Sales & Marketing,region_20,Bachelors,f,other,1,30,,1,0,0,46
12116,Operations,region_15,Bachelors,m,other,1,32,4.0,6,0,0,62
64934,Sales & Marketing,region_2,,f,sourcing,1,24,,1,0,1,53
77449,Operations,region_29,Masters & above,m,other,1,33,4.0,4,1,0,57
34110,Sales & Marketing,region_2,Bachelors,m,other,1,34,1.0,9,0,0,44
20588,Finance,region_32,Bachelors,f,sourcing,1,31,5.0,5,1,0,62
56333,Analytics,region_22,Bachelors,f,other,1,27,4.0,2,0,0,81
35617,Finance,region_15,Bachelors,m,other,1,30,3.0,2,1,0,63
64678,Sales & Marketing,region_16,Bachelors,m,other,1,37,4.0,10,0,0,54
8536,Sales & Marketing,region_32,Bachelors,f,other,1,28,5.0,4,0,0,50
31310,Operations,region_22,Bachelors,m,referred,1,30,5.0,6,1,0,59
28072,Sales & Marketing,region_26,Bachelors,m,sourcing,2,29,3.0,7,0,0,47
70408,Sales & Marketing,region_26,Bachelors,f,other,1,30,4.0,2,0,0,53
4516,Technology,region_2,Masters & above,f,other,1,44,4.0,13,1,0,82
46389,Legal,region_31,Masters & above,m,sourcing,1,35,3.0,7,0,0,60
30008,Procurement,region_30,Bachelors,m,other,1,36,3.0,10,0,0,72
69124,Sales & Marketing,region_11,Bachelors,m,sourcing,1,30,1.0,6,1,0,49
64172,Sales & Marketing,region_2,Bachelors,m,sourcing,1,39,1.0,8,0,0,54
47207,Procurement,region_26,Bachelors,m,other,1,33,4.0,2,0,0,73
42182,Analytics,region_29,Bachelors,f,other,1,31,4.0,3,1,0,81
33349,Operations,region_22,Bachelors,m,other,1,28,5.0,4,1,0,61
23819,Sales & Marketing,region_22,Bachelors,f,sourcing,1,28,2.0,2,0,0,45
48628,Sales & Marketing,region_2,,m,other,3,25,,1,0,0,51
37373,Procurement,region_6,Bachelors,f,sourcing,1,25,3.0,2,0,0,68
42467,Procurement,region_7,Bachelors,f,other,2,33,3.0,6,1,0,68
76892,Technology,region_2,Bachelors,f,other,1,37,3.0,5,1,0,77
39506,Operations,region_4,Bachelors,m,other,1,26,3.0,3,1,0,56
50433,Procurement,region_22,Masters & above,m,sourcing,1,35,5.0,9,0,0,71
61717,Sales & Marketing,region_16,Bachelors,m,other,2,53,1.0,5,1,0,48
31643,Operations,region_32,Bachelors,m,sourcing,1,30,3.0,4,1,0,61
3214,Technology,region_2,Masters & above,m,sourcing,1,50,3.0,7,0,0,80
42850,Sales & Marketing,region_2,Bachelors,m,other,1,46,1.0,16,0,0,47
37786,Operations,region_13,Bachelors,m,other,1,30,1.0,5,0,0,56
34022,Operations,region_2,Bachelors,m,other,1,40,3.0,12,1,0,60
23601,Procurement,region_15,Bachelors,f,other,1,31,5.0,3,1,0,72
19020,Operations,region_19,Bachelors,m,other,2,40,5.0,14,1,0,59
55624,Technology,region_31,Masters & above,f,other,2,33,3.0,4,1,0,78
15363,Sales & Marketing,region_2,Bachelors,m,other,2,25,1.0,3,0,0,52
57330,Technology,region_7,Masters & above,f,sourcing,2,34,3.0,4,1,0,78
77397,Sales & Marketing,region_1,Bachelors,m,other,1,29,5.0,4,1,0,49
28625,Operations,region_7,Bachelors,f,other,1,35,3.0,10,0,0,64
72938,Operations,region_2,Bachelors,m,other,1,59,2.0,6,0,0,60
32110,Sales & Marketing,region_28,Bachelors,f,sourcing,1,26,2.0,4,0,0,48
43563,Sales & Marketing,region_22,Bachelors,f,sourcing,1,28,,1,0,0,49
11875,Procurement,region_8,Masters & above,f,sourcing,1,36,3.0,4,1,0,67
61419,Technology,region_2,Masters & above,f,sourcing,1,36,4.0,9,1,0,82
53290,Sales & Marketing,region_2,Masters & above,f,other,1,45,2.0,18,0,0,45
7593,Operations,region_22,Bachelors,f,sourcing,1,30,2.0,4,0,0,59
77460,Sales & Marketing,region_2,Bachelors,f,sourcing,1,35,3.0,3,1,0,52
27402,Procurement,region_2,Masters & above,f,other,1,58,3.0,16,0,0,68
5056,Operations,region_2,Masters & above,m,sourcing,1,42,2.0,9,0,0,59
14150,Operations,region_2,Bachelors,m,sourcing,1,39,3.0,8,0,0,58
34431,Sales & Marketing,region_2,,m,other,1,22,,1,0,0,51
23714,Technology,region_7,Masters & above,m,sourcing,2,40,3.0,6,0,0,81
53658,Technology,region_1,Masters & above,m,other,1,31,3.0,5,0,0,77
48245,Finance,region_2,Masters & above,m,sourcing,1,60,1.0,8,0,0,62
52265,Sales & Marketing,region_7,Bachelors,m,sourcing,1,32,5.0,2,1,0,53
42524,Sales & Marketing,region_31,Bachelors,m,sourcing,1,26,4.0,5,0,0,45
56948,HR,region_7,Bachelors,m,sourcing,2,28,3.0,4,0,0,48
5005,Procurement,region_19,Bachelors,m,other,1,35,2.0,3,0,0,71
69245,Operations,region_22,Masters & above,m,sourcing,1,43,3.0,17,0,0,70
48877,Sales & Marketing,region_30,Bachelors,m,other,2,28,4.0,5,0,0,49
23063,Analytics,region_15,Bachelors,m,other,1,25,3.0,5,0,0,86
17033,Operations,region_13,Bachelors,m,sourcing,1,35,4.0,4,0,0,62
67571,Technology,region_14,Bachelors,f,other,1,31,1.0,6,0,0,84
42657,HR,region_28,Bachelors,m,other,1,30,2.0,2,0,0,53
18454,Sales & Marketing,region_2,Masters & above,m,sourcing,1,38,5.0,9,1,0,48
73089,R&D,region_7,Masters & above,m,sourcing,1,42,5.0,5,1,0,83
55925,Operations,region_22,Bachelors,f,sourcing,1,30,5.0,7,0,0,58
4533,Sales & Marketing,region_7,,m,sourcing,1,21,5.0,2,1,0,49
36221,Analytics,region_22,,f,other,1,28,5.0,4,0,0,84
31831,Technology,region_20,Masters & above,m,other,1,55,3.0,4,0,0,74
20674,Sales & Marketing,region_7,Bachelors,f,sourcing,1,25,,1,1,0,50
59825,Finance,region_14,Bachelors,m,other,1,29,5.0,3,1,0,59
14590,Operations,region_27,Bachelors,f,other,1,26,4.0,3,0,0,58
26714,Operations,region_32,Bachelors,f,other,1,41,5.0,3,1,1,62
3635,Finance,region_23,Bachelors,m,other,1,34,3.0,7,0,0,58
34165,Technology,region_2,,m,other,1,43,3.0,17,0,0,77
74462,Operations,region_7,Masters & above,m,other,3,36,4.0,7,1,0,61
41966,Operations,region_15,Masters & above,f,other,1,31,2.0,4,0,0,53
66880,Technology,region_22,Bachelors,m,referred,2,34,4.0,6,0,0,81
77532,Sales & Marketing,region_9,Bachelors,m,sourcing,1,28,,1,0,0,53
77914,Sales & Marketing,region_33,Bachelors,m,sourcing,1,30,1.0,4,0,0,50
59733,Operations,region_8,Masters & above,f,sourcing,1,40,5.0,3,1,0,56
73842,Operations,region_16,Bachelors,m,other,1,34,2.0,8,1,0,59
44091,Operations,region_22,Masters & above,m,other,1,34,3.0,7,1,0,59
43680,Sales & Marketing,region_24,Bachelors,m,other,2,30,1.0,8,1,0,53
9890,Finance,region_2,Bachelors,m,other,3,25,,1,0,0,60
56210,Operations,region_16,Bachelors,f,other,1,33,3.0,5,0,0,59
34549,R&D,region_26,Masters & above,m,other,1,35,1.0,6,0,0,85
69619,HR,region_10,Bachelors,m,other,1,29,4.0,2,1,0,57
19346,Sales & Marketing,region_11,Bachelors,m,other,1,26,,1,1,0,49
14053,Finance,region_7,Masters & above,m,sourcing,1,32,4.0,5,1,0,61
38699,Procurement,region_6,Bachelors,f,other,1,29,,1,0,0,67
74344,Technology,region_2,Below Secondary,m,referred,1,25,3.0,2,0,0,85
76531,Sales & Marketing,region_11,Bachelors,m,sourcing,1,33,1.0,4,1,0,46
61645,Sales & Marketing,region_2,Masters & above,f,sourcing,1,39,5.0,4,1,0,50
18109,Sales & Marketing,region_13,,m,other,1,21,,1,0,0,48
72357,Operations,region_2,Masters & above,m,other,1,40,4.0,7,1,0,58
16940,Sales & Marketing,region_13,Bachelors,m,other,1,30,4.0,8,0,0,46
13188,HR,region_16,Bachelors,m,other,1,31,2.0,4,0,0,54
19322,R&D,region_2,Bachelors,m,other,1,37,3.0,8,0,0,78
60787,Procurement,region_13,Bachelors,f,sourcing,1,40,3.0,13,0,0,67
24287,Sales & Marketing,region_7,Bachelors,m,sourcing,2,38,3.0,3,0,0,52
8823,Operations,region_7,Bachelors,m,sourcing,1,38,3.0,3,0,0,56
62596,Technology,region_2,Bachelors,f,sourcing,2,34,3.0,5,0,0,82
27039,Technology,region_15,Bachelors,f,sourcing,1,28,3.0,2,0,0,83
26331,Sales & Marketing,region_23,Bachelors,m,other,1,28,3.0,4,0,0,50
74667,Sales & Marketing,region_2,,f,sourcing,1,36,3.0,7,0,0,49
52946,Sales & Marketing,region_2,Bachelors,f,other,1,24,3.0,3,0,0,61
70316,Legal,region_2,Bachelors,m,sourcing,1,59,4.0,12,0,0,60
72443,Sales & Marketing,region_2,Masters & above,m,sourcing,1,38,3.0,10,0,0,47
26131,Sales & Marketing,region_31,Bachelors,m,sourcing,3,31,3.0,5,0,0,47
50540,Procurement,region_6,Bachelors,m,sourcing,2,27,1.0,3,0,0,67
3139,Operations,region_15,Bachelors,m,other,1,49,1.0,11,0,0,56
69182,Analytics,region_2,Bachelors,m,other,2,39,5.0,7,0,0,87
1670,Analytics,region_22,Masters & above,m,other,1,26,3.0,2,1,0,86
49444,Operations,region_10,Masters & above,m,other,1,44,3.0,2,1,0,56
58405,Technology,region_2,Bachelors,f,other,2,28,1.0,4,0,0,81
40026,Operations,region_8,Masters & above,f,sourcing,1,37,3.0,10,0,0,61
32277,Operations,region_16,Bachelors,m,sourcing,2,33,5.0,7,1,1,58
66866,Technology,region_30,Bachelors,m,sourcing,1,29,4.0,3,1,0,83
26262,Sales & Marketing,region_14,Bachelors,m,other,1,35,3.0,7,0,0,56
29295,Technology,region_28,Masters & above,m,sourcing,1,31,5.0,3,1,0,80
32185,Procurement,region_8,Bachelors,m,sourcing,1,32,3.0,3,0,0,68
25886,Technology,region_15,Masters & above,m,other,1,37,1.0,3,1,0,74
47044,Technology,region_4,Bachelors,m,sourcing,1,30,,1,0,0,77
7534,Procurement,region_27,Bachelors,f,other,1,34,5.0,3,1,0,73
23808,Operations,region_13,Masters & above,f,sourcing,1,48,4.0,19,0,0,61
63388,Operations,region_2,Bachelors,f,other,1,32,4.0,7,1,0,60
74020,Sales & Marketing,region_22,Bachelors,f,sourcing,2,32,5.0,6,0,0,50
70362,Technology,region_20,Masters & above,m,other,1,38,3.0,4,1,1,81
12553,Sales & Marketing,region_1,Bachelors,m,sourcing,1,29,2.0,2,0,0,55
4488,Technology,region_7,Below Secondary,m,other,2,25,3.0,2,0,0,80
21265,Finance,region_2,Bachelors,f,sourcing,1,34,4.0,3,0,0,57
43684,HR,region_2,Masters & above,m,other,1,30,5.0,8,1,0,48
59144,Analytics,region_1,Masters & above,m,other,1,31,5.0,10,0,0,89
19241,Operations,region_19,Bachelors,m,other,1,31,3.0,6,1,0,59
18341,Analytics,region_26,Masters & above,m,other,1,39,5.0,12,0,0,84
71082,Sales & Marketing,region_13,Bachelors,m,other,1,47,1.0,4,0,0,53
56576,Technology,region_7,Bachelors,m,sourcing,1,28,1.0,2,0,0,80
11160,Procurement,region_10,Bachelors,f,sourcing,1,34,3.0,7,0,0,72
21630,Sales & Marketing,region_6,Bachelors,m,other,1,28,,1,0,0,52
73939,Sales & Marketing,region_31,Bachelors,m,other,1,50,2.0,12,0,0,52
70144,Technology,region_2,Bachelors,f,other,3,51,5.0,12,1,0,81
20943,Operations,region_11,Bachelors,f,sourcing,1,29,3.0,2,0,0,57
21449,Operations,region_19,Bachelors,f,sourcing,1,40,5.0,8,0,0,58
62028,Procurement,region_8,Bachelors,m,sourcing,1,28,3.0,5,0,0,70
39519,Sales & Marketing,region_4,Bachelors,m,sourcing,1,31,5.0,10,1,0,50
65556,Procurement,region_19,Bachelors,m,sourcing,1,32,4.0,7,1,0,67
289,Sales & Marketing,region_22,Bachelors,f,other,2,37,1.0,2,1,0,54
8909,Operations,region_6,Bachelors,m,other,1,26,5.0,4,1,0,62
16611,Operations,region_22,Bachelors,m,other,1,33,5.0,6,0,0,60
69940,Operations,region_16,Bachelors,f,sourcing,1,27,,1,0,0,59
56519,Sales & Marketing,region_2,Masters & above,m,other,1,57,2.0,7,0,0,48
77792,Operations,region_13,Masters & above,f,other,1,43,2.0,10,1,0,62
73938,Sales & Marketing,region_2,Bachelors,f,sourcing,1,43,1.0,10,0,0,51
53688,Procurement,region_30,Bachelors,f,other,1,33,5.0,3,1,0,70
47884,Technology,region_22,Bachelors,f,other,1,29,4.0,2,0,0,93
72586,Sales & Marketing,region_15,Bachelors,m,other,1,35,2.0,7,0,0,54
64033,Technology,region_31,Masters & above,m,other,1,41,2.0,12,0,0,78
58585,Operations,region_2,Bachelors,m,other,1,33,1.0,8,0,0,56
50393,Operations,region_4,Bachelors,m,sourcing,1,37,4.0,3,0,0,60
28183,Legal,region_13,Bachelors,m,other,1,32,,1,0,0,59
29553,Sales & Marketing,region_22,Bachelors,m,other,1,30,4.0,6,1,0,51
148,Sales & Marketing,region_6,Bachelors,f,other,1,35,2.0,7,1,1,47
10193,HR,region_31,Bachelors,f,other,1,29,5.0,6,0,0,57
36605,Technology,region_26,Masters & above,f,other,1,32,4.0,9,0,0,83
46563,Technology,region_22,Bachelors,m,other,3,30,4.0,4,0,0,83
10663,Legal,region_6,Bachelors,m,sourcing,2,28,,1,1,0,58
62570,Sales & Marketing,region_26,Bachelors,m,sourcing,1,49,3.0,8,0,0,49
33676,Technology,region_27,Bachelors,m,sourcing,1,34,4.0,3,1,0,85
22794,Sales & Marketing,region_2,,m,sourcing,2,33,1.0,4,0,0,56
22682,Analytics,region_4,Masters & above,m,sourcing,1,38,3.0,10,1,0,89
40226,Analytics,region_22,Bachelors,m,referred,1,28,3.0,6,0,0,97
39526,Analytics,region_22,Masters & above,m,other,1,27,3.0,5,0,0,81
69803,Operations,region_31,Bachelors,m,sourcing,1,26,5.0,3,1,0,59
60785,Sales & Marketing,region_1,Bachelors,m,sourcing,1,30,,1,0,0,48
22203,Technology,region_29,Bachelors,m,other,1,29,3.0,4,0,0,80
25655,Sales & Marketing,region_7,Bachelors,m,other,1,37,3.0,8,0,0,46
30749,Procurement,region_12,Bachelors,f,other,2,25,3.0,2,1,0,67
26863,Sales & Marketing,region_6,Bachelors,m,other,1,37,5.0,10,0,0,51
51240,Procurement,region_2,Masters & above,m,other,1,33,4.0,9,0,0,68
75010,Sales & Marketing,region_17,Masters & above,m,sourcing,1,35,1.0,3,1,0,45
51902,Finance,region_13,Bachelors,m,other,1,31,5.0,3,0,0,59
34725,Operations,region_23,,m,sourcing,1,29,3.0,7,0,0,55
52587,Procurement,region_2,Bachelors,m,other,1,44,2.0,16,0,0,70
42399,Operations,region_2,Bachelors,m,other,3,31,5.0,5,1,0,58
71321,HR,region_7,Bachelors,m,other,2,27,3.0,4,0,0,51
649,Technology,region_7,Masters & above,f,other,3,40,3.0,7,0,0,78
4511,Operations,region_15,Masters & above,m,other,1,41,4.0,2,0,0,60
71224,Operations,region_16,Bachelors,m,sourcing,1,29,4.0,5,0,0,59
50374,Procurement,region_7,Masters & above,m,sourcing,1,34,4.0,7,1,0,69
29812,Operations,region_32,Bachelors,m,other,1,31,1.0,5,0,0,60
22353,Finance,region_31,Bachelors,m,other,1,26,2.0,2,0,0,59
6130,Sales & Marketing,region_24,Bachelors,m,other,1,27,2.0,2,0,0,50
22606,Operations,region_2,Bachelors,m,sourcing,1,56,1.0,14,0,0,61
46808,Legal,region_26,Bachelors,m,other,1,30,1.0,2,0,0,59
60316,Sales & Marketing,region_16,Bachelors,m,other,1,24,3.0,2,0,0,57
34787,Finance,region_2,Bachelors,m,other,1,41,4.0,8,1,0,65
34118,Operations,region_19,Bachelors,m,other,1,38,5.0,7,0,0,57
19894,Technology,region_22,Bachelors,m,referred,2,27,,1,1,0,81
17532,Procurement,region_2,Masters & above,f,other,1,60,5.0,10,1,0,75
31896,Operations,region_21,Bachelors,m,sourcing,1,34,5.0,3,0,0,58
67886,Operations,region_27,Bachelors,f,other,1,42,5.0,5,1,0,63
9535,Procurement,region_2,Bachelors,m,sourcing,1,31,3.0,5,1,0,70
8348,Sales & Marketing,region_9,Bachelors,m,other,2,26,3.0,5,0,0,48
39818,Technology,region_33,Bachelors,m,other,1,35,5.0,8,1,0,81
9646,Finance,region_2,Masters & above,m,sourcing,2,38,5.0,8,0,0,61
4554,Technology,region_16,Bachelors,m,sourcing,2,39,5.0,8,0,0,77
47564,Sales & Marketing,region_26,Masters & above,m,sourcing,1,40,3.0,10,0,0,51
68209,Procurement,region_2,Bachelors,f,other,1,51,1.0,9,0,0,72
20030,Sales & Marketing,region_2,Bachelors,f,other,1,28,1.0,4,0,0,44
59752,Sales & Marketing,region_2,Masters & above,f,sourcing,1,38,5.0,8,0,0,48
307,Finance,region_2,Bachelors,m,sourcing,1,33,4.0,4,0,0,60
39801,HR,region_2,Masters & above,f,other,1,36,3.0,5,1,1,92
6575,Technology,region_23,Bachelors,f,other,1,32,5.0,7,0,0,76
38115,Analytics,region_15,Bachelors,m,sourcing,1,30,3.0,6,0,0,93
44744,Sales & Marketing,region_30,Bachelors,m,other,1,30,3.0,4,0,0,50
61360,R&D,region_22,Bachelors,f,other,1,31,4.0,3,0,0,87
55476,Sales & Marketing,region_3,Masters & above,m,sourcing,1,41,3.0,12,0,0,46
51005,Sales & Marketing,region_13,Masters & above,m,sourcing,1,35,3.0,4,0,0,48
41731,Operations,region_19,Bachelors,m,sourcing,1,41,2.0,15,0,0,59
69357,Sales & Marketing,region_7,Bachelors,m,other,1,26,,1,0,0,45
53621,HR,region_2,Bachelors,f,sourcing,1,39,3.0,13,0,0,54
71599,Technology,region_7,Masters & above,m,other,1,35,1.0,7,0,0,81
21215,Sales & Marketing,region_2,Masters & above,f,sourcing,1,52,4.0,16,0,0,50
32310,Operations,region_15,Masters & above,f,other,1,41,3.0,13,0,0,60
66559,Sales & Marketing,region_6,Bachelors,m,sourcing,1,32,4.0,7,0,0,52
26996,Sales & Marketing,region_25,Bachelors,m,other,1,34,3.0,6,0,0,54
54095,Analytics,region_23,Bachelors,m,other,1,26,5.0,3,1,0,83
57146,Sales & Marketing,region_23,Masters & above,m,sourcing,1,35,1.0,2,0,0,50
66608,Sales & Marketing,region_14,Masters & above,m,other,1,33,1.0,3,1,0,49
2675,Technology,region_15,Bachelors,m,other,3,48,3.0,7,0,0,82
78254,Operations,region_7,Bachelors,m,other,1,32,5.0,3,1,0,59
32880,Sales & Marketing,region_28,,m,other,1,32,3.0,6,0,0,56
46235,Legal,region_3,Bachelors,m,other,1,29,,1,1,0,59
56579,HR,region_7,Bachelors,m,other,1,40,5.0,10,1,0,51
36243,Sales & Marketing,region_2,Bachelors,m,sourcing,1,36,4.0,4,0,0,64
76430,Sales & Marketing,region_31,Bachelors,m,other,1,41,4.0,9,0,0,54
50116,Sales & Marketing,region_10,Bachelors,m,sourcing,1,33,5.0,10,0,0,54
32727,Technology,region_17,Bachelors,f,sourcing,1,33,3.0,6,0,0,78
168,Procurement,region_1,Bachelors,m,sourcing,1,25,5.0,3,1,0,72
31515,Sales & Marketing,region_2,,m,other,2,30,3.0,4,0,0,45
46270,Finance,region_2,Bachelors,f,other,2,26,,1,0,0,59
17866,Sales & Marketing,region_4,Masters & above,m,other,1,35,1.0,2,0,0,52
64269,HR,region_2,Bachelors,f,referred,1,30,5.0,8,1,0,52
68071,R&D,region_2,Bachelors,m,sourcing,1,29,3.0,3,0,0,83
31832,Operations,region_22,Bachelors,m,other,2,34,3.0,3,0,0,64
39360,Sales & Marketing,region_26,Bachelors,m,other,1,30,1.0,5,0,0,48
72636,Procurement,region_22,Masters & above,m,other,1,39,3.0,5,0,0,70
48800,Procurement,region_22,Bachelors,f,sourcing,1,27,3.0,5,1,0,69
25322,Procurement,region_11,Bachelors,m,sourcing,2,28,4.0,5,1,0,70
6971,Operations,region_15,Bachelors,m,other,1,41,4.0,12,0,0,64
67875,Sales & Marketing,region_7,Masters & above,m,other,1,41,2.0,10,1,0,52
56511,Sales & Marketing,region_22,Masters & above,m,other,1,50,3.0,3,1,0,47
70405,Operations,region_2,Bachelors,m,sourcing,2,30,3.0,7,1,0,60
65519,Technology,region_5,Bachelors,m,other,1,27,2.0,4,0,0,80
38295,Sales & Marketing,region_15,Bachelors,m,sourcing,1,35,3.0,5,0,0,52
29885,Analytics,region_32,Bachelors,m,other,3,26,5.0,2,1,0,86
42675,Sales & Marketing,region_28,,m,other,1,28,3.0,3,0,0,51
36114,Sales & Marketing,region_19,Bachelors,m,sourcing,1,42,3.0,3,0,0,50
69210,Procurement,region_7,Masters & above,m,other,3,37,3.0,4,0,0,64
42552,Sales & Marketing,region_7,Masters & above,m,other,6,40,3.0,4,0,0,52
78058,HR,region_27,Masters & above,m,other,1,46,3.0,6,1,0,52
7993,Sales & Marketing,region_29,Bachelors,m,other,1,26,5.0,2,0,0,49
13186,Analytics,region_25,Masters & above,m,other,1,37,3.0,3,0,0,84
5744,Sales & Marketing,region_7,Bachelors,m,sourcing,1,43,2.0,13,0,0,54
2310,Analytics,region_22,Bachelors,m,other,1,29,3.0,4,1,0,86
771,Sales & Marketing,region_23,Bachelors,m,sourcing,1,31,3.0,7,1,0,53
48788,Technology,region_28,Masters & above,f,other,1,32,5.0,3,1,0,82
53537,Operations,region_30,Masters & above,m,sourcing,1,37,3.0,5,0,0,60
21158,Technology,region_13,Masters & above,m,sourcing,2,34,5.0,7,1,0,72
33538,Technology,region_25,Masters & above,m,sourcing,1,34,5.0,3,0,0,77
70218,Technology,region_4,Masters & above,m,sourcing,1,37,3.0,4,1,0,80
749,Sales & Marketing,region_4,Masters & above,m,sourcing,1,40,5.0,10,1,0,50
49305,Operations,region_2,Bachelors,m,other,1,36,3.0,10,0,0,59
29931,Operations,region_15,Bachelors,m,sourcing,1,40,1.0,6,0,0,54
42488,Sales & Marketing,region_13,,m,sourcing,2,31,3.0,3,0,0,48
12917,Procurement,region_16,Bachelors,f,sourcing,1,27,3.0,4,0,0,69
29834,Finance,region_22,Bachelors,m,other,1,30,3.0,1,1,0,58
32458,Technology,region_33,Bachelors,m,sourcing,1,35,5.0,2,1,0,78
47019,Procurement,region_13,Masters & above,f,other,1,32,3.0,5,1,0,67
2052,Finance,region_8,Bachelors,f,other,1,28,5.0,3,1,0,63
5393,Operations,region_2,Bachelors,f,sourcing,2,30,5.0,5,1,0,55
22260,Sales & Marketing,region_2,Masters & above,f,other,1,46,1.0,6,0,0,51
37751,Sales & Marketing,region_26,Bachelors,m,other,1,33,5.0,9,0,0,49
62951,Procurement,region_26,Bachelors,m,other,5,32,3.0,8,0,0,67
50170,Procurement,region_15,,f,sourcing,1,53,4.0,7,0,0,69
50644,R&D,region_7,Masters & above,m,sourcing,1,37,5.0,4,1,1,87
1055,Sales & Marketing,region_2,Bachelors,m,other,2,23,3.0,2,0,0,59
3318,Legal,region_22,Bachelors,m,other,1,27,3.0,4,0,0,61
29386,Procurement,region_2,Bachelors,f,other,1,60,4.0,20,0,0,65
23011,Sales & Marketing,region_16,Bachelors,f,sourcing,1,40,4.0,5,0,0,52
43190,Analytics,region_6,Bachelors,f,sourcing,2,32,5.0,3,0,0,89
58443,Technology,region_5,Bachelors,m,other,1,25,1.0,2,0,0,80
16693,Operations,region_20,Bachelors,m,sourcing,1,40,3.0,9,1,0,64
67671,Sales & Marketing,region_21,,m,sourcing,1,39,1.0,9,0,0,49
47438,Operations,region_21,Bachelors,m,sourcing,1,26,5.0,4,1,0,57
23575,Procurement,region_17,Bachelors,f,other,1,35,4.0,3,1,0,69
50237,Finance,region_2,Below Secondary,m,sourcing,2,25,,1,0,0,61
36444,Technology,region_15,Bachelors,m,sourcing,2,35,5.0,3,1,1,79
20301,Technology,region_2,Masters & above,f,other,1,41,3.0,10,0,0,75
30296,Sales & Marketing,region_26,Bachelors,m,other,1,35,5.0,7,1,0,46
15644,Procurement,region_7,Masters & above,f,sourcing,3,40,3.0,4,0,0,68
48938,HR,region_22,Masters & above,m,other,1,35,1.0,8,0,0,49
76860,Sales & Marketing,region_15,Bachelors,m,sourcing,1,43,3.0,14,0,0,46
37084,Legal,region_7,Bachelors,m,sourcing,1,37,3.0,9,0,0,58
72658,Procurement,region_17,Bachelors,m,other,3,32,2.0,5,0,0,70
44047,Sales & Marketing,region_19,Bachelors,m,sourcing,1,28,4.0,5,0,0,53
41074,Operations,region_31,Masters & above,f,sourcing,1,48,4.0,9,0,0,59
59963,Procurement,region_16,Bachelors,m,other,1,35,3.0,5,1,0,69
28008,Procurement,region_26,Bachelors,m,other,2,32,3.0,8,0,0,66
60795,HR,region_2,Masters & above,f,sourcing,1,49,2.0,18,0,0,50
65951,Analytics,region_26,Bachelors,m,other,1,28,4.0,3,1,0,93
16918,Analytics,region_2,Masters & above,m,sourcing,2,42,5.0,13,0,0,82
64782,Sales & Marketing,region_7,,m,other,3,31,3.0,3,0,0,51
35790,R&D,region_2,Bachelors,m,sourcing,2,33,5.0,10,1,0,85
49445,HR,region_31,Bachelors,m,other,1,32,,1,0,0,47
36356,Sales & Marketing,region_20,Masters & above,m,other,1,36,1.0,4,0,0,46
31887,Technology,region_23,Bachelors,m,other,3,29,3.0,3,0,0,81
56104,Procurement,region_4,Masters & above,m,other,4,36,3.0,6,0,0,71
59299,Operations,region_22,Bachelors,m,other,1,42,4.0,14,1,0,61
3909,Operations,region_19,Bachelors,f,other,1,39,5.0,4,1,0,59
71202,Technology,region_26,Masters & above,m,sourcing,1,47,1.0,5,0,0,79
55855,Finance,region_6,Bachelors,m,sourcing,1,25,2.0,2,0,0,61
48900,Technology,region_7,Bachelors,f,other,1,25,4.0,2,1,0,82
20271,Sales & Marketing,region_15,Bachelors,m,sourcing,1,40,4.0,10,0,0,49
35761,Procurement,region_5,Bachelors,m,other,1,40,2.0,9,0,0,70
43285,HR,region_26,Bachelors,f,sourcing,1,33,1.0,2,1,0,48
28104,Procurement,region_26,Bachelors,m,sourcing,1,27,,1,0,0,66
26615,Sales & Marketing,region_27,Masters & above,m,other,1,37,4.0,10,1,0,49
30146,Sales & Marketing,region_30,Masters & above,m,other,1,38,3.0,3,1,0,48
50066,Analytics,region_23,Bachelors,m,sourcing,1,27,5.0,2,1,0,86
44024,Sales & Marketing,region_19,Bachelors,m,other,1,42,2.0,5,0,0,52
4994,Operations,region_2,Masters & above,f,other,1,52,5.0,14,1,0,60
16600,Technology,region_2,Bachelors,f,sourcing,1,58,5.0,17,1,0,76
72838,Sales & Marketing,region_13,Bachelors,m,other,1,40,5.0,7,1,0,47
66008,Operations,region_22,Masters & above,f,sourcing,1,41,5.0,12,0,0,73
2125,Sales & Marketing,region_2,Bachelors,f,other,1,42,4.0,12,0,0,48
44987,Procurement,region_15,Masters & above,m,other,3,32,3.0,7,0,0,67
58208,Analytics,region_2,Bachelors,m,other,1,43,5.0,4,1,0,83
8934,Sales & Marketing,region_16,Bachelors,m,other,2,39,3.0,9,0,0,47
13960,Sales & Marketing,region_22,Masters & above,m,sourcing,1,32,2.0,10,0,0,49
53393,Procurement,region_33,Bachelors,m,other,3,30,3.0,3,1,0,69
269,Sales & Marketing,region_2,Bachelors,m,other,1,38,2.0,8,0,0,47
48867,Sales & Marketing,region_4,Bachelors,m,other,1,46,5.0,13,0,0,54
14215,Technology,region_23,Masters & above,m,sourcing,2,35,3.0,4,1,0,80
12492,Operations,region_32,Bachelors,m,other,1,28,,1,0,0,60
3876,Finance,region_22,Bachelors,m,other,1,24,5.0,2,0,0,69
10809,Sales & Marketing,region_22,Masters & above,m,sourcing,1,37,1.0,4,0,0,48
40721,Analytics,region_11,Bachelors,m,other,1,39,5.0,3,0,0,87
75420,Technology,region_7,Bachelors,m,sourcing,1,36,3.0,10,0,0,84
65545,Finance,region_22,Masters & above,m,sourcing,1,38,4.0,5,1,0,69
71546,Sales & Marketing,region_32,Bachelors,f,sourcing,1,27,2.0,5,0,0,54
31008,Analytics,region_2,Masters & above,m,sourcing,1,41,3.0,5,1,0,83
65091,Technology,region_13,Bachelors,f,other,2,29,3.0,4,0,0,83
74618,Technology,region_7,Bachelors,m,sourcing,1,38,2.0,9,0,0,81
69418,Technology,region_2,Masters & above,m,sourcing,1,36,3.0,7,0,0,81
24168,Analytics,region_13,Masters & above,m,other,1,30,3.0,5,0,0,83
14243,Analytics,region_26,Bachelors,m,other,1,26,4.0,3,0,0,83
77965,Procurement,region_13,Bachelors,f,sourcing,1,32,4.0,7,0,0,70
76656,Finance,region_22,Masters & above,m,sourcing,1,33,4.0,6,0,0,58
21310,Sales & Marketing,region_28,Bachelors,m,other,1,31,3.0,3,0,0,53
31078,HR,region_28,Bachelors,m,other,1,30,4.0,6,0,0,55
4612,Technology,region_22,Bachelors,m,sourcing,1,30,,1,1,0,78
26054,Sales & Marketing,region_7,Masters & above,m,sourcing,1,38,4.0,4,0,0,50
39805,Finance,region_2,Bachelors,m,other,2,29,4.0,5,0,0,57
62212,Procurement,region_31,Masters & above,f,other,1,37,3.0,2,1,1,97
787,Procurement,region_7,Bachelors,f,other,1,28,,1,0,0,69
30270,Operations,region_2,Bachelors,f,sourcing,1,42,5.0,14,1,0,64
3555,Procurement,region_32,Bachelors,m,other,1,32,3.0,5,0,0,68
69109,Procurement,region_20,Bachelors,f,other,1,28,2.0,4,0,0,69
65599,Operations,region_2,Below Secondary,f,other,1,23,,1,1,0,61
52006,Finance,region_22,Masters & above,m,other,1,33,3.0,3,0,0,57
13728,Analytics,region_14,Bachelors,m,other,1,30,3.0,5,0,0,85
25959,Sales & Marketing,region_13,Bachelors,f,sourcing,1,29,3.0,6,0,0,51
46538,Sales & Marketing,region_7,Bachelors,m,other,1,34,2.0,2,0,0,49
20607,Procurement,region_16,Bachelors,f,other,1,33,5.0,5,1,0,73
44661,Technology,region_2,Bachelors,m,sourcing,3,25,3.0,3,0,0,82
16466,Operations,region_15,Bachelors,m,sourcing,1,33,5.0,6,0,0,63
3,Procurement,region_22,Masters & above,f,other,1,38,5.0,4,1,0,67
28730,Analytics,region_29,Masters & above,m,sourcing,1,34,5.0,7,1,0,90
71772,Procurement,region_34,Bachelors,m,sourcing,1,32,3.0,5,0,0,68
39372,Analytics,region_28,Bachelors,m,other,3,26,4.0,5,0,0,88
31761,Procurement,region_31,Bachelors,m,sourcing,1,26,3.0,3,0,0,72
720,Operations,region_27,Bachelors,f,other,1,31,5.0,2,1,0,59
8066,Legal,region_2,Bachelors,m,sourcing,1,37,1.0,10,0,0,55
20912,Sales & Marketing,region_2,Masters & above,m,sourcing,1,45,3.0,2,0,0,51
18700,Technology,region_2,Masters & above,f,sourcing,1,32,3.0,4,1,0,83
7424,HR,region_2,Masters & above,f,referred,1,53,5.0,5,0,0,51
11335,Operations,region_7,Bachelors,f,sourcing,2,39,1.0,8,0,0,65
55002,Analytics,region_2,Bachelors,m,other,1,59,4.0,7,0,0,84
29125,Technology,region_10,Masters & above,m,other,2,37,3.0,7,0,0,76
12499,Technology,region_33,Bachelors,m,other,1,38,3.0,7,0,0,77
42016,Analytics,region_9,Bachelors,m,other,2,28,1.0,4,0,0,87
55928,Sales & Marketing,region_13,Bachelors,m,other,1,46,5.0,16,1,0,51
22477,Sales & Marketing,region_22,Masters & above,f,sourcing,1,33,1.0,10,0,0,49
18295,Procurement,region_7,Bachelors,f,other,1,31,5.0,5,0,0,69
46211,Operations,region_24,Bachelors,f,sourcing,1,31,4.0,4,1,0,54
54807,Technology,region_27,Bachelors,m,sourcing,1,33,2.0,7,0,0,79
73851,Procurement,region_17,Masters & above,f,sourcing,2,35,3.0,3,1,0,69
3345,Operations,region_22,Masters & above,m,sourcing,1,29,,1,0,0,62
32530,Technology,region_2,Below Secondary,f,other,1,26,2.0,5,0,0,75
4090,Operations,region_2,Bachelors,m,sourcing,2,38,4.0,7,0,0,58
8824,Analytics,region_29,Bachelors,m,other,2,27,3.0,3,0,0,85
63614,Technology,region_2,Masters & above,f,sourcing,2,35,3.0,2,1,0,81
37341,Sales & Marketing,region_26,Bachelors,m,other,1,33,1.0,5,0,0,49
62674,Operations,region_28,Masters & above,m,sourcing,1,36,5.0,7,1,0,58
6882,Procurement,region_13,Masters & above,m,other,1,35,5.0,7,1,0,71
24530,Operations,region_34,Bachelors,m,other,3,36,2.0,7,0,0,63
47969,Sales & Marketing,region_2,,m,other,1,20,3.0,2,0,0,50
53246,Sales & Marketing,region_2,Bachelors,m,sourcing,2,47,3.0,15,0,0,47
31899,Procurement,region_31,Bachelors,m,other,1,37,5.0,7,1,0,73
34148,Procurement,region_13,Masters & above,m,other,1,33,4.0,3,1,0,70
67962,Operations,region_12,Bachelors,f,other,1,44,3.0,11,0,0,59
24586,HR,region_2,Masters & above,f,other,1,39,3.0,7,1,0,54
34970,Procurement,region_13,Bachelors,f,other,2,28,3.0,2,0,0,67
69474,Analytics,region_26,Bachelors,m,sourcing,1,29,3.0,8,0,0,83
4252,Procurement,region_19,Bachelors,m,sourcing,1,37,3.0,12,0,0,67
53361,Finance,region_22,Bachelors,f,sourcing,2,28,2.0,4,0,0,62
17852,Procurement,region_2,Below Secondary,f,sourcing,2,23,,1,1,0,70
11532,Technology,region_2,Masters & above,f,other,1,36,2.0,7,0,0,82
68566,Sales & Marketing,region_2,Masters & above,f,sourcing,1,33,3.0,3,1,0,50
32541,HR,region_16,Bachelors,f,other,1,33,3.0,3,1,0,49
19237,Technology,region_31,Masters & above,m,other,1,38,5.0,9,1,0,76
29830,Technology,region_1,Masters & above,m,other,1,34,3.0,7,0,0,81
67663,Operations,region_2,Bachelors,m,sourcing,1,27,3.0,2,1,0,64
70804,Operations,region_23,Masters & above,f,sourcing,1,35,3.0,8,0,0,58
12060,HR,region_3,Bachelors,f,other,1,27,3.0,4,1,1,90
47990,Sales & Marketing,region_2,Bachelors,m,other,2,26,,1,1,0,53
55286,Sales & Marketing,region_13,Bachelors,m,other,2,29,3.0,2,0,0,47
48143,Legal,region_22,Bachelors,m,sourcing,1,32,3.0,7,0,0,58
10009,Sales & Marketing,region_2,,m,sourcing,2,21,,1,0,0,52
21023,Analytics,region_32,Bachelors,m,sourcing,1,28,1.0,3,0,0,84
37133,Sales & Marketing,region_23,Bachelors,m,other,1,36,1.0,9,0,0,49
60850,Operations,region_30,Bachelors,f,sourcing,1,32,1.0,2,0,0,60
53273,Operations,region_15,Masters & above,m,sourcing,1,34,2.0,4,0,0,68
69430,Operations,region_2,Bachelors,m,other,1,25,2.0,2,0,0,55
76815,Operations,region_15,Masters & above,f,other,1,45,5.0,15,0,0,58
58669,Technology,region_2,Bachelors,f,referred,1,33,3.0,7,1,0,78
5211,Procurement,region_2,Masters & above,m,other,1,34,1.0,9,0,0,67
55720,HR,region_25,Masters & above,f,sourcing,1,32,5.0,3,1,0,50
47319,Operations,region_8,Masters & above,f,sourcing,1,42,3.0,6,0,0,62
2645,Operations,region_22,Masters & above,m,sourcing,1,42,3.0,13,0,0,60
8629,Sales & Marketing,region_14,Bachelors,m,sourcing,1,29,5.0,3,0,1,54
77650,Analytics,region_25,Bachelors,m,other,1,29,5.0,3,0,0,83
22733,R&D,region_7,Bachelors,m,other,2,33,5.0,6,1,0,86
36990,Sales & Marketing,region_2,Bachelors,f,other,2,35,1.0,7,0,0,48
18687,Sales & Marketing,region_22,,m,sourcing,1,30,4.0,3,1,0,54
77780,Sales & Marketing,region_23,Bachelors,f,sourcing,1,32,3.0,8,0,0,50
18577,Sales & Marketing,region_15,Bachelors,f,sourcing,1,35,4.0,4,1,0,49
18320,Sales & Marketing,region_7,Masters & above,m,other,1,33,1.0,8,0,0,48
25776,Technology,region_26,Bachelors,f,sourcing,1,25,3.0,2,0,0,77
68414,Analytics,region_14,Bachelors,m,other,1,29,4.0,5,0,0,85
27901,Finance,region_16,Below Secondary,m,other,1,25,,1,0,0,60
70697,Technology,region_2,Bachelors,m,sourcing,2,36,3.0,2,0,0,81
75724,Analytics,region_11,Bachelors,m,other,1,30,3.0,5,0,0,84
8185,Technology,region_10,Masters & above,f,other,2,39,3.0,11,0,0,78
7752,Operations,region_2,Bachelors,f,other,1,50,3.0,2,0,0,66
37124,Sales & Marketing,region_2,Bachelors,m,other,1,31,4.0,5,1,0,58
19209,Sales & Marketing,region_10,Masters & above,m,sourcing,1,45,3.0,7,0,0,54
52675,Technology,region_7,Masters & above,f,other,1,33,1.0,7,0,0,80
71326,R&D,region_11,Bachelors,m,other,1,36,2.0,4,1,0,84
31181,Procurement,region_4,Masters & above,f,other,1,35,1.0,3,0,0,66
63042,Sales & Marketing,region_22,Bachelors,m,other,1,20,2.0,2,1,0,51
20996,Operations,region_32,Bachelors,m,other,1,35,3.0,7,0,0,63
2591,Sales & Marketing,region_17,Bachelors,m,sourcing,1,37,4.0,4,1,0,54
29216,Operations,region_8,Bachelors,f,other,1,33,3.0,5,1,0,61
7581,Operations,region_30,Bachelors,f,sourcing,1,32,4.0,5,0,0,57
7811,Operations,region_2,Bachelors,m,other,1,44,5.0,13,0,0,56
7267,Technology,region_2,Masters & above,m,sourcing,2,30,3.0,8,0,0,82
14604,Sales & Marketing,region_7,Masters & above,f,other,1,39,1.0,10,0,0,55
44178,Technology,region_13,Bachelors,f,sourcing,1,29,3.0,7,0,0,75
33142,Sales & Marketing,region_10,Masters & above,m,other,1,44,4.0,16,0,0,50
50965,Legal,region_2,Bachelors,m,sourcing,1,40,1.0,8,0,0,54
11374,Analytics,region_10,Bachelors,m,sourcing,1,29,3.0,4,0,0,82
25518,Operations,region_15,Masters & above,m,sourcing,1,41,5.0,9,0,1,79
53579,Sales & Marketing,region_16,Bachelors,m,other,1,30,5.0,2,0,0,52
23780,Technology,region_22,Bachelors,m,sourcing,1,29,2.0,3,0,0,80
22008,Operations,region_27,Bachelors,m,sourcing,1,34,3.0,7,0,0,59
32287,Sales & Marketing,region_10,Bachelors,m,other,2,36,3.0,9,0,0,49
64585,Operations,region_13,Bachelors,m,sourcing,1,32,3.0,2,0,0,58
5082,Analytics,region_14,Bachelors,m,sourcing,1,28,2.0,3,0,0,83
69833,Procurement,region_2,Masters & above,f,sourcing,1,38,5.0,2,1,1,71
55172,Operations,region_26,Bachelors,m,sourcing,1,41,5.0,7,0,0,58
58115,Operations,region_26,Bachelors,f,other,1,30,4.0,7,1,0,57
2836,Sales & Marketing,region_3,Masters & above,f,sourcing,1,33,4.0,5,0,0,55
4657,Sales & Marketing,region_2,Bachelors,m,sourcing,2,42,1.0,3,0,0,46
72419,HR,region_20,Masters & above,f,sourcing,1,33,3.0,6,1,0,50
26263,Analytics,region_10,Masters & above,m,sourcing,1,35,5.0,7,1,0,86
23324,Technology,region_2,,f,sourcing,1,30,1.0,3,0,0,82
9903,Procurement,region_15,Bachelors,m,other,1,32,2.0,7,0,0,72
67540,Operations,region_21,Masters & above,m,other,2,33,4.0,3,0,0,58
72492,Operations,region_22,Bachelors,m,other,1,39,1.0,5,0,0,55
58772,Technology,region_13,Masters & above,f,other,1,40,3.0,7,0,0,76
470,Sales & Marketing,region_30,Bachelors,m,other,1,29,,1,0,0,52
21029,Sales & Marketing,region_2,Masters & above,f,other,3,51,4.0,5,0,0,52
58684,Technology,region_5,Masters & above,m,sourcing,1,38,1.0,2,0,0,79
48659,Technology,region_2,Masters & above,m,other,1,40,5.0,8,1,0,82
33860,Sales & Marketing,region_28,Bachelors,m,other,2,32,3.0,6,0,0,51
25026,Procurement,region_7,Masters & above,f,other,1,42,3.0,3,0,0,82
31709,Sales & Marketing,region_7,Masters & above,m,sourcing,2,36,2.0,10,0,0,45
74774,Procurement,region_2,Bachelors,m,other,1,60,5.0,30,0,0,72
66456,Operations,region_2,Bachelors,m,other,1,31,5.0,6,0,0,61
40518,Sales & Marketing,region_32,Bachelors,m,other,1,36,1.0,3,1,0,47
54270,Sales & Marketing,region_32,Bachelors,m,other,4,28,,1,0,0,51
53181,Procurement,region_10,Bachelors,m,other,1,32,3.0,3,0,0,69
67622,Sales & Marketing,region_7,Bachelors,f,other,1,38,3.0,8,0,0,45
65469,Sales & Marketing,region_25,Bachelors,m,other,3,31,1.0,3,0,0,48
5654,Procurement,region_15,Bachelors,m,other,1,36,2.0,7,0,0,69
69010,Technology,region_26,Masters & above,m,other,1,36,3.0,3,0,0,77
27877,Technology,region_13,Masters & above,m,other,1,35,3.0,7,1,0,80
69085,Procurement,region_8,Masters & above,m,other,1,38,4.0,11,0,0,71
59332,Operations,region_2,Bachelors,m,sourcing,1,33,3.0,5,0,0,57
75215,HR,region_2,Masters & above,m,sourcing,1,42,3.0,6,1,0,49
70423,Sales & Marketing,region_19,Bachelors,m,other,1,34,2.0,2,0,0,48
22220,Procurement,region_2,Bachelors,f,sourcing,1,33,1.0,9,0,0,66
65390,R&D,region_2,Masters & above,m,other,2,42,3.0,13,1,0,87
68579,Sales & Marketing,region_26,Bachelors,m,other,1,27,1.0,3,0,0,51
19008,Analytics,region_29,Masters & above,m,other,1,34,3.0,6,0,0,89
24161,Operations,region_7,Bachelors,f,other,1,43,3.0,12,1,0,59
21462,Operations,region_22,Masters & above,m,sourcing,2,36,3.0,8,0,0,58
37814,Sales & Marketing,region_16,Bachelors,m,other,1,36,1.0,7,1,0,48
77523,Analytics,region_11,Bachelors,m,sourcing,1,48,1.0,15,1,0,83
10637,Operations,region_21,Masters & above,m,other,1,40,3.0,7,0,0,65
25883,Legal,region_16,Bachelors,m,other,1,30,2.0,1,1,0,58
1708,Operations,region_3,Bachelors,m,other,1,27,3.0,3,0,0,62
4430,Sales & Marketing,region_28,Bachelors,f,sourcing,1,30,3.0,7,1,0,49
71702,R&D,region_13,Masters & above,m,other,1,34,4.0,5,1,0,86
35730,Operations,region_26,Bachelors,f,other,1,32,3.0,7,0,0,62
2925,Technology,region_2,Bachelors,f,other,1,42,3.0,7,1,0,80
15877,Operations,region_15,Bachelors,m,other,2,36,3.0,4,1,0,64
6199,Procurement,region_24,Bachelors,f,sourcing,1,31,3.0,5,0,0,69
49936,Operations,region_16,Bachelors,f,other,1,27,,1,0,0,62
31416,Technology,region_9,Bachelors,m,other,1,30,,1,1,0,77
23186,Sales & Marketing,region_22,Bachelors,m,other,1,25,5.0,1,0,0,50
58936,Operations,region_4,Masters & above,f,sourcing,1,31,5.0,4,1,0,61
65695,Operations,region_7,Bachelors,f,other,3,26,5.0,3,1,0,57
65410,R&D,region_15,Bachelors,m,other,1,36,3.0,6,0,0,86
63968,Procurement,region_2,Bachelors,f,sourcing,1,30,2.0,6,0,0,64
25736,Sales & Marketing,region_20,Bachelors,f,other,1,29,3.0,2,0,0,44
29179,Analytics,region_2,Bachelors,m,other,1,48,3.0,18,0,0,81
66799,Procurement,region_26,Bachelors,f,other,1,24,2.0,2,0,0,73
20040,Sales & Marketing,region_6,Bachelors,f,other,1,29,5.0,3,1,0,45
39380,Sales & Marketing,region_22,Masters & above,m,other,1,30,,1,0,0,51
36122,Procurement,region_17,Masters & above,m,other,1,43,3.0,13,0,0,70
71284,Operations,region_4,Bachelors,f,other,1,39,4.0,9,0,0,64
57910,Sales & Marketing,region_22,Masters & above,m,sourcing,1,28,3.0,2,0,0,50
16543,Technology,region_15,Bachelors,m,other,2,29,3.0,6,0,0,76
8071,Sales & Marketing,region_22,Bachelors,f,other,1,27,5.0,2,0,0,47
18558,Finance,region_26,Bachelors,f,other,1,31,2.0,4,0,0,57
13628,Analytics,region_29,Bachelors,m,sourcing,1,32,5.0,7,1,0,87
46677,R&D,region_7,Masters & above,m,other,4,36,5.0,3,1,0,84
37225,Operations,region_2,Bachelors,f,sourcing,1,58,4.0,5,0,0,56
17425,Technology,region_2,Masters & above,f,other,1,53,2.0,16,0,0,81
78187,Sales & Marketing,region_10,Bachelors,m,sourcing,3,28,2.0,6,1,0,45
22560,Sales & Marketing,region_25,Masters & above,m,other,2,35,2.0,2,0,0,46
68570,Operations,region_28,Bachelors,f,other,1,26,3.0,5,1,0,61
52660,Operations,region_22,Masters & above,m,sourcing,1,36,1.0,7,0,0,56
18377,Operations,region_31,Bachelors,m,other,1,38,3.0,9,0,0,61
43223,Legal,region_22,Bachelors,m,other,1,33,,1,1,0,59
7924,Legal,region_22,Masters & above,m,other,1,45,3.0,5,0,0,60
31825,Sales & Marketing,region_20,Masters & above,m,other,1,29,,1,1,0,51
68285,Finance,region_2,Masters & above,f,other,1,50,3.0,4,0,0,56
38792,Operations,region_13,Masters & above,f,other,1,51,3.0,8,0,0,59
53384,Operations,region_8,Bachelors,m,sourcing,2,26,1.0,4,1,0,53
52050,HR,region_2,Bachelors,f,sourcing,1,58,3.0,14,0,0,44
63396,Operations,region_16,Bachelors,f,sourcing,1,37,3.0,7,1,0,57
20875,Sales & Marketing,region_2,Bachelors,m,other,1,53,4.0,5,1,0,52
38480,Finance,region_32,Bachelors,m,sourcing,2,38,5.0,4,0,0,58
63420,Procurement,region_2,Masters & above,f,sourcing,1,41,4.0,11,1,0,71
28025,Procurement,region_22,Bachelors,m,sourcing,5,29,3.0,6,0,0,70
68026,Sales & Marketing,region_21,Bachelors,f,sourcing,1,25,4.0,2,1,0,49
9120,Analytics,region_22,Bachelors,m,other,2,31,5.0,6,1,0,85
66598,R&D,region_2,Masters & above,m,other,1,29,5.0,4,0,0,83
17792,HR,region_2,Masters & above,f,sourcing,1,42,5.0,5,0,0,44
64266,Procurement,region_11,Masters & above,f,other,1,38,5.0,4,1,0,70
9989,Operations,region_22,Bachelors,m,sourcing,1,29,4.0,2,1,0,59
61743,Analytics,region_22,Bachelors,m,other,2,27,4.0,2,1,0,83
21889,Sales & Marketing,region_32,Bachelors,m,other,2,30,3.0,3,1,0,52
56982,Sales & Marketing,region_4,Bachelors,m,other,1,44,5.0,15,1,0,48
46922,Finance,region_25,Bachelors,m,other,4,32,3.0,4,0,0,57
55032,Operations,region_19,Masters & above,m,other,1,47,3.0,5,0,0,61
117,Sales & Marketing,region_16,Masters & above,m,other,1,50,3.0,4,0,0,51
28142,Sales & Marketing,region_16,Masters & above,m,other,1,45,4.0,5,0,0,46
63471,Finance,region_26,Bachelors,m,other,1,38,3.0,4,0,0,59
8347,HR,region_2,Bachelors,f,sourcing,1,24,,1,1,0,52
10947,Procurement,region_2,Masters & above,m,other,3,46,3.0,4,0,0,70
28580,Sales & Marketing,region_13,Masters & above,m,sourcing,1,37,3.0,3,0,0,46
67784,Sales & Marketing,region_16,Bachelors,m,other,1,45,3.0,3,0,0,48
8639,Procurement,region_23,Masters & above,m,other,1,36,3.0,10,0,0,71
52529,Sales & Marketing,region_21,Bachelors,m,other,1,29,3.0,5,1,0,50
4347,Technology,region_25,Bachelors,f,other,1,30,4.0,7,1,0,84
24693,Finance,region_8,Masters & above,m,other,1,33,4.0,3,1,0,57
12312,Operations,region_28,Masters & above,m,other,1,30,5.0,4,0,0,57
29052,Technology,region_15,Bachelors,f,other,2,37,3.0,8,0,0,78
13191,Analytics,region_26,Masters & above,m,other,1,38,5.0,2,1,0,86
54928,Sales & Marketing,region_1,Bachelors,m,other,1,27,3.0,4,1,0,53
616,Operations,region_2,Below Secondary,f,sourcing,1,22,,1,0,0,62
28926,Analytics,region_27,Bachelors,m,other,1,27,3.0,3,0,0,85
64184,HR,region_2,Bachelors,m,sourcing,1,27,3.0,1,1,0,47
37652,HR,region_2,Masters & above,m,other,1,59,4.0,16,0,0,50
8165,Sales & Marketing,region_28,Masters & above,m,referred,1,32,5.0,7,0,0,63
48562,Operations,region_22,Masters & above,m,sourcing,1,37,5.0,4,0,0,61
6709,Analytics,region_31,Bachelors,m,other,1,27,3.0,3,1,0,84
24465,Sales & Marketing,region_25,Masters & above,m,sourcing,1,39,4.0,7,0,0,52
11910,Procurement,region_2,Bachelors,m,other,1,36,4.0,9,0,0,63
19476,Sales & Marketing,region_14,Masters & above,m,other,2,36,3.0,9,0,0,47
17921,Operations,region_7,Masters & above,f,other,1,35,3.0,8,1,0,60
52903,HR,region_22,Bachelors,f,other,1,28,3.0,3,0,0,54
13058,Operations,region_13,Masters & above,f,sourcing,2,49,5.0,20,1,0,60
46931,R&D,region_15,Masters & above,m,other,1,28,3.0,5,0,0,87
36116,Technology,region_23,Bachelors,m,sourcing,1,30,5.0,5,1,0,83
49688,Sales & Marketing,region_7,Bachelors,f,sourcing,1,44,3.0,16,0,0,49
39240,HR,region_13,Bachelors,f,other,1,25,1.0,2,0,0,52
7720,Sales & Marketing,region_31,Bachelors,m,other,1,33,1.0,6,0,0,50
11893,Sales & Marketing,region_3,Masters & above,m,other,1,48,5.0,8,0,0,49
51529,Technology,region_2,Bachelors,m,referred,1,28,4.0,4,0,0,79
63074,Operations,region_22,Masters & above,m,referred,1,33,3.0,4,1,0,57
10873,Procurement,region_27,Bachelors,m,sourcing,1,35,3.0,7,1,0,72
6388,Operations,region_4,Bachelors,m,other,1,28,3.0,4,0,0,63
25951,Technology,region_5,Bachelors,m,sourcing,1,31,3.0,6,0,0,76
3482,Operations,region_26,Bachelors,f,sourcing,1,23,4.0,1,0,0,62
49624,Sales & Marketing,region_5,Bachelors,m,other,1,37,4.0,9,0,0,50
11087,Procurement,region_10,Bachelors,m,other,1,30,3.0,4,0,0,68
64885,Sales & Marketing,region_4,Masters & above,m,other,1,33,3.0,7,0,0,50
28313,Finance,region_2,Masters & above,m,other,1,41,3.0,7,1,0,57
1843,Procurement,region_2,Masters & above,f,other,1,52,4.0,11,1,0,86
34184,Technology,region_26,Bachelors,m,other,2,33,3.0,5,0,0,81
69605,Technology,region_26,Bachelors,f,other,1,35,1.0,4,0,0,78
45236,Sales & Marketing,region_20,Bachelors,m,sourcing,1,34,3.0,5,1,0,51
46519,Sales & Marketing,region_14,Bachelors,m,other,1,36,4.0,6,0,0,47
14055,Procurement,region_2,Bachelors,f,sourcing,1,28,5.0,2,0,0,87
48127,Procurement,region_13,Bachelors,m,other,1,38,2.0,6,0,0,76
72946,Finance,region_7,Bachelors,m,other,2,31,3.0,4,0,0,62
25552,Operations,region_4,Bachelors,m,other,1,29,5.0,7,1,0,58
17919,Analytics,region_26,Bachelors,m,other,1,39,3.0,8,1,0,89
48238,Technology,region_2,Bachelors,m,sourcing,2,35,4.0,7,0,0,74
24264,Procurement,region_29,Masters & above,m,sourcing,1,34,3.0,8,0,0,72
47851,Operations,region_2,Bachelors,f,other,2,36,5.0,9,1,0,58
46395,Analytics,region_22,Masters & above,m,other,1,32,2.0,6,0,0,91
28459,Legal,region_22,Bachelors,m,sourcing,1,39,1.0,7,0,0,58
36176,Operations,region_15,Bachelors,m,referred,2,32,5.0,7,1,0,66
77309,Sales & Marketing,region_2,Masters & above,m,other,1,39,4.0,4,1,0,50
728,Sales & Marketing,region_21,Bachelors,m,sourcing,1,33,1.0,6,0,0,46
78209,Technology,region_16,Bachelors,m,other,1,38,3.0,4,0,0,77
44535,Operations,region_29,Bachelors,m,sourcing,1,39,4.0,5,0,0,60
45268,Procurement,region_2,Bachelors,m,other,1,54,3.0,13,0,0,77
72639,Procurement,region_26,Bachelors,m,sourcing,1,53,5.0,5,1,0,77
41220,Operations,region_2,Masters & above,f,sourcing,1,58,3.0,2,1,0,62
60526,Finance,region_22,Masters & above,m,sourcing,3,34,5.0,3,1,0,58
60707,Sales & Marketing,region_2,Bachelors,m,sourcing,2,32,4.0,3,1,0,64
39924,Sales & Marketing,region_7,Bachelors,m,other,2,44,5.0,8,0,0,49
74182,Procurement,region_4,Bachelors,f,other,1,32,5.0,6,0,0,84
73300,Technology,region_26,Bachelors,m,other,1,26,3.0,3,0,0,75
29594,Analytics,region_2,Bachelors,m,other,1,43,4.0,12,1,0,84
30160,Sales & Marketing,region_34,Bachelors,m,other,1,32,4.0,5,0,0,49
48700,HR,region_22,Masters & above,f,sourcing,1,33,3.0,5,0,0,46
15471,Sales & Marketing,region_28,Masters & above,m,sourcing,1,32,2.0,7,0,0,49
74352,Sales & Marketing,region_2,Bachelors,m,sourcing,2,30,5.0,5,1,0,47
48056,Operations,region_26,Bachelors,m,sourcing,1,31,1.0,3,0,0,61
12084,Analytics,region_15,Masters & above,m,sourcing,1,30,5.0,5,1,0,82
15640,Sales & Marketing,region_22,Bachelors,m,other,1,27,3.0,6,0,0,51
53298,Procurement,region_16,Bachelors,m,sourcing,1,31,2.0,2,0,0,70
64719,Operations,region_31,Bachelors,m,other,1,31,3.0,9,1,0,62
47588,Sales & Marketing,region_28,Masters & above,m,sourcing,1,40,3.0,10,0,0,50
5531,Operations,region_2,Bachelors,f,sourcing,2,29,5.0,2,1,0,62
16642,Sales & Marketing,region_23,Bachelors,m,other,2,37,1.0,8,0,0,54
71474,Sales & Marketing,region_27,,m,sourcing,1,26,4.0,5,0,0,49
65764,Finance,region_11,Bachelors,f,sourcing,1,31,4.0,6,0,0,58
24914,Sales & Marketing,region_26,Bachelors,f,sourcing,3,25,1.0,3,1,0,47
60400,Procurement,region_22,Bachelors,m,sourcing,1,27,,1,0,0,64
72062,HR,region_2,Masters & above,m,other,1,53,3.0,3,1,0,49
29414,R&D,region_20,Bachelors,m,other,1,29,5.0,4,1,0,87
28271,Operations,region_20,Masters & above,f,sourcing,1,35,3.0,7,0,0,59
3469,Technology,region_32,Bachelors,m,sourcing,1,27,3.0,2,1,1,76
23884,Sales & Marketing,region_2,Bachelors,f,sourcing,1,42,3.0,3,1,1,48
28603,Procurement,region_13,Bachelors,f,sourcing,1,31,2.0,3,0,0,73
62157,Technology,region_2,Masters & above,f,other,1,34,5.0,9,1,0,78
25944,Operations,region_26,Bachelors,m,other,1,34,3.0,4,1,0,59
63624,Sales & Marketing,region_2,Bachelors,m,sourcing,2,43,4.0,3,1,0,52
4371,Legal,region_2,Below Secondary,m,other,1,25,,1,1,0,57
40274,Procurement,region_13,Bachelors,m,sourcing,2,33,5.0,4,1,0,71
63168,Operations,region_2,Bachelors,f,sourcing,3,30,,1,1,0,63
64009,Procurement,region_22,Bachelors,m,other,3,29,2.0,4,1,0,70
61926,Technology,region_33,Bachelors,f,sourcing,1,36,1.0,9,0,0,83
32143,Procurement,region_11,Bachelors,f,other,2,31,3.0,5,0,0,72
33269,Operations,region_2,Below Secondary,f,sourcing,1,23,3.0,2,1,0,60
51065,Operations,region_7,Masters & above,m,other,1,43,1.0,5,0,0,65
65553,Sales & Marketing,region_12,Bachelors,m,other,3,26,3.0,2,0,0,53
68631,Technology,region_26,Bachelors,m,other,1,36,1.0,10,0,0,76
35651,Procurement,region_11,Bachelors,m,other,1,37,3.0,10,0,0,66
37103,Operations,region_32,Bachelors,f,other,1,41,3.0,6,0,0,61
625,Analytics,region_4,Bachelors,m,sourcing,1,35,3.0,6,1,0,81
21631,Operations,region_7,Bachelors,m,sourcing,1,30,5.0,8,1,0,59
32917,Sales & Marketing,region_31,Masters & above,f,sourcing,1,31,3.0,4,0,0,46
71346,R&D,region_31,Bachelors,m,sourcing,1,35,3.0,7,1,0,82
34476,Sales & Marketing,region_14,Bachelors,f,other,1,29,,1,1,0,47
18775,Operations,region_20,Bachelors,m,sourcing,1,27,3.0,3,0,0,58
74360,Technology,region_2,Bachelors,f,sourcing,1,42,2.0,10,0,0,82
19928,Finance,region_7,Masters & above,f,sourcing,1,36,3.0,9,0,0,55
7451,Procurement,region_2,Bachelors,f,other,1,43,3.0,6,0,0,72
24601,Sales & Marketing,region_20,Bachelors,m,other,1,38,4.0,4,1,0,47
12167,Sales & Marketing,region_18,Bachelors,m,other,1,34,3.0,2,1,0,43
11036,Analytics,region_22,Bachelors,m,sourcing,1,44,5.0,4,1,0,87
29731,Operations,region_32,Bachelors,f,sourcing,1,40,5.0,15,1,0,60
5629,Legal,region_26,Bachelors,m,other,1,35,4.0,3,0,0,59
12902,Sales & Marketing,region_17,Masters & above,m,sourcing,1,36,1.0,9,0,0,50
27426,Procurement,region_2,Bachelors,m,other,1,47,4.0,2,1,0,76
40263,Sales & Marketing,region_2,Masters & above,f,other,1,43,4.0,2,1,0,48
56759,HR,region_2,Bachelors,f,referred,1,32,5.0,7,1,0,50
63621,Sales & Marketing,region_27,Bachelors,m,other,1,29,4.0,6,0,0,52
70322,Sales & Marketing,region_29,Bachelors,m,other,1,34,5.0,5,0,0,50
42277,HR,region_2,Masters & above,f,other,1,50,3.0,8,0,0,53
37704,Finance,region_26,Bachelors,m,other,1,26,3.0,2,0,0,60
29623,Operations,region_16,Masters & above,f,other,1,38,3.0,8,0,0,62
16350,Operations,region_26,Bachelors,f,sourcing,2,29,,1,1,0,62
17870,Sales & Marketing,region_2,Bachelors,f,other,1,24,3.0,2,1,0,49
3060,Legal,region_4,Bachelors,m,sourcing,1,28,,1,1,0,61
31995,Operations,region_31,Bachelors,f,sourcing,1,27,5.0,2,0,0,62
61261,Sales & Marketing,region_31,Bachelors,f,other,1,39,2.0,3,0,0,45
40823,Technology,region_7,Masters & above,f,other,1,39,4.0,4,0,0,85
73580,Sales & Marketing,region_11,Bachelors,m,sourcing,1,29,2.0,2,0,0,45
51763,Sales & Marketing,region_16,Bachelors,f,other,1,35,3.0,7,0,0,50
6713,Technology,region_17,Bachelors,f,sourcing,1,29,4.0,4,0,0,83
54187,Sales & Marketing,region_14,Bachelors,m,other,1,34,3.0,8,0,0,53
21552,Procurement,region_2,Bachelors,m,other,1,35,4.0,5,0,0,73
18982,Sales & Marketing,region_7,Bachelors,m,sourcing,1,27,5.0,2,0,0,53
5846,Procurement,region_2,Bachelors,f,sourcing,1,35,3.0,3,1,0,65
34477,Technology,region_13,Bachelors,f,sourcing,1,30,5.0,2,1,0,82
60910,Finance,region_2,Bachelors,f,sourcing,1,47,3.0,7,0,0,58
37359,Sales & Marketing,region_22,Masters & above,m,sourcing,2,36,1.0,10,0,0,45
63183,Sales & Marketing,region_11,Bachelors,m,sourcing,1,34,4.0,6,0,0,48
28739,Operations,region_2,Bachelors,m,sourcing,1,36,5.0,9,0,0,55
77976,Sales & Marketing,region_23,Masters & above,m,other,1,36,3.0,4,1,0,48
24305,Sales & Marketing,region_22,Masters & above,m,other,1,34,4.0,9,0,0,49
75673,Procurement,region_17,Bachelors,f,other,1,30,4.0,4,1,0,70
21287,Technology,region_2,Below Secondary,f,sourcing,2,22,,1,0,0,84
77959,HR,region_2,Bachelors,f,other,1,47,4.0,7,0,0,44
67152,Analytics,region_7,Masters & above,m,sourcing,1,36,4.0,3,1,0,88
15734,Operations,region_15,Bachelors,m,sourcing,1,35,2.0,5,0,0,60
48248,Technology,region_25,Masters & above,f,other,1,33,4.0,3,1,1,79
53087,Analytics,region_2,Bachelors,m,other,1,55,3.0,12,0,0,81
70274,Procurement,region_27,Masters & above,f,sourcing,1,36,3.0,11,0,0,72
6808,Sales & Marketing,region_2,Bachelors,f,other,1,57,2.0,11,0,0,48
33954,Procurement,region_31,Bachelors,f,other,2,27,5.0,5,0,0,70
902,Finance,region_2,Masters & above,m,other,2,39,2.0,5,0,0,57
2809,Sales & Marketing,region_2,Masters & above,m,sourcing,1,38,1.0,10,0,0,41
54626,Analytics,region_3,Bachelors,m,other,2,29,,1,0,0,83
43695,Technology,region_8,Bachelors,m,sourcing,1,29,,1,0,0,76
1058,R&D,region_2,Masters & above,m,other,1,32,5.0,2,1,0,84
62344,Analytics,region_22,Bachelors,f,other,1,27,4.0,3,1,0,86
59805,Sales & Marketing,region_2,Bachelors,m,other,2,30,1.0,4,0,0,50
9225,Sales & Marketing,region_23,Masters & above,f,other,1,41,1.0,11,0,0,52
67273,Operations,region_7,Bachelors,m,other,2,38,3.0,5,1,1,65
69907,Technology,region_29,Masters & above,m,other,1,38,4.0,10,1,0,79
323,Technology,region_8,Masters & above,m,other,3,35,3.0,8,0,0,78
7659,Sales & Marketing,region_29,Masters & above,m,sourcing,1,30,1.0,5,0,0,45
43793,Technology,region_2,Masters & above,m,other,1,41,3.0,10,0,0,78
78117,Operations,region_11,Bachelors,f,sourcing,1,32,1.0,3,0,0,57
31179,Procurement,region_7,Bachelors,f,other,2,53,3.0,20,0,0,72
62917,Procurement,region_2,Below Secondary,m,other,3,25,3.0,4,0,0,70
8863,Analytics,region_10,Masters & above,m,other,1,43,5.0,13,0,0,87
50738,Sales & Marketing,region_2,,m,sourcing,1,28,,1,1,0,55
42131,Procurement,region_13,Masters & above,f,other,1,48,5.0,2,1,0,67
23068,Sales & Marketing,region_31,Bachelors,m,sourcing,1,25,5.0,3,1,0,47
52047,Operations,region_2,Bachelors,f,sourcing,2,37,3.0,3,0,0,52
54101,Analytics,region_22,Bachelors,f,other,1,25,3.0,2,0,0,86
70781,Operations,region_25,Bachelors,m,sourcing,1,28,5.0,2,0,0,61
41365,Analytics,region_2,Masters & above,m,sourcing,2,34,5.0,4,1,0,82
76676,Operations,region_22,Masters & above,m,other,1,60,4.0,3,1,0,60
67680,Procurement,region_26,Masters & above,m,sourcing,1,50,3.0,21,0,0,66
67688,Technology,region_2,Bachelors,m,sourcing,2,37,5.0,10,1,0,79
47852,Technology,region_22,Masters & above,f,other,2,47,3.0,19,0,0,84
69448,Finance,region_2,Masters & above,m,sourcing,1,44,3.0,13,0,0,56
51111,Sales & Marketing,region_1,Bachelors,m,sourcing,1,28,,1,0,0,48
51314,Sales & Marketing,region_7,Bachelors,m,other,1,34,3.0,3,0,0,45
77645,HR,region_12,Bachelors,m,sourcing,1,31,,1,0,0,49
73178,Sales & Marketing,region_2,,m,sourcing,1,25,4.0,2,1,0,50
65132,Sales & Marketing,region_7,Bachelors,m,other,1,44,4.0,3,1,0,51
38618,Sales & Marketing,region_7,Bachelors,m,sourcing,1,49,3.0,6,0,0,46
59445,HR,region_28,Bachelors,m,sourcing,1,29,5.0,5,1,0,47
61058,Analytics,region_22,Bachelors,m,other,1,30,4.0,7,1,0,82
9416,Technology,region_2,Bachelors,f,sourcing,1,45,3.0,4,1,0,78
69157,Operations,region_15,Masters & above,f,other,1,42,3.0,6,0,0,58
72633,Technology,region_7,Bachelors,f,sourcing,1,25,4.0,3,1,0,78
46705,Technology,region_28,Masters & above,f,other,1,31,1.0,7,0,0,81
38672,Finance,region_27,Bachelors,m,sourcing,2,37,1.0,5,0,0,58
48196,Procurement,region_31,Bachelors,f,other,1,33,5.0,5,1,0,68
14554,Legal,region_22,Bachelors,m,referred,1,29,3.0,2,0,0,60
27991,Analytics,region_22,Bachelors,m,other,2,29,4.0,3,1,0,80
48233,Sales & Marketing,region_15,Bachelors,m,sourcing,1,29,5.0,6,0,0,46
51260,Operations,region_14,Masters & above,m,sourcing,1,42,3.0,4,0,0,59
54498,Sales & Marketing,region_28,Bachelors,m,other,2,29,4.0,2,0,0,50
39810,HR,region_2,Masters & above,f,other,1,33,2.0,5,1,0,45
22013,Operations,region_26,Bachelors,f,sourcing,1,31,4.0,3,0,0,57
59659,HR,region_2,Bachelors,f,other,1,31,3.0,6,0,0,47
52852,Sales & Marketing,region_13,Bachelors,m,other,1,30,3.0,4,1,0,52
7831,Legal,region_26,Bachelors,m,other,1,31,3.0,5,0,0,61
18861,Analytics,region_20,Bachelors,m,other,1,29,3.0,6,0,0,85
793,HR,region_2,Bachelors,m,other,1,41,5.0,3,1,0,51
75657,Analytics,region_31,Bachelors,m,sourcing,1,27,5.0,4,1,0,89
67567,Analytics,region_2,Bachelors,m,other,1,34,1.0,6,0,0,83
37618,Finance,region_26,Bachelors,m,other,1,27,5.0,2,0,0,69
65821,Analytics,region_2,Bachelors,m,sourcing,1,29,5.0,2,0,0,84
74672,Technology,region_26,Bachelors,m,other,1,26,3.0,3,0,0,78
37482,Analytics,region_26,Masters & above,m,sourcing,1,40,3.0,11,1,0,80
30465,Sales & Marketing,region_2,Masters & above,m,sourcing,1,58,1.0,16,0,0,50
42260,Sales & Marketing,region_20,Masters & above,m,other,1,35,1.0,9,0,0,48
23244,HR,region_2,Bachelors,f,other,1,43,5.0,7,0,0,60
23668,Sales & Marketing,region_26,Masters & above,m,sourcing,1,40,5.0,4,0,0,48
56179,Procurement,region_24,Bachelors,f,other,1,27,,1,0,0,68
18626,Operations,region_15,Bachelors,m,sourcing,1,30,4.0,3,1,0,60
46094,Operations,region_26,Masters & above,f,sourcing,1,32,5.0,6,1,0,55
59145,Procurement,region_2,Masters & above,m,sourcing,1,48,2.0,18,0,0,72
45018,Sales & Marketing,region_7,Bachelors,m,sourcing,4,32,4.0,5,0,0,49
58209,Sales & Marketing,region_1,Bachelors,m,other,1,30,3.0,4,1,0,48
7313,Operations,region_4,Bachelors,f,other,1,38,5.0,8,1,0,58
43807,Sales & Marketing,region_2,Bachelors,m,other,3,42,3.0,18,0,0,53
7503,Operations,region_28,Bachelors,f,other,1,37,5.0,7,1,0,58
45199,HR,region_26,Bachelors,m,other,1,23,3.0,2,0,0,45
46898,Technology,region_22,Bachelors,m,other,1,28,3.0,7,0,0,77
63048,Sales & Marketing,region_28,Masters & above,f,sourcing,1,31,4.0,5,0,0,48
35955,Analytics,region_22,Bachelors,m,sourcing,1,28,2.0,5,0,0,89
55162,Analytics,region_2,Bachelors,m,other,2,35,3.0,10,0,0,82
70419,Analytics,region_4,Masters & above,m,sourcing,2,39,5.0,11,0,0,83
9515,Finance,region_23,Bachelors,m,other,1,35,3.0,3,0,0,61
71902,Operations,region_8,Bachelors,f,sourcing,1,31,5.0,5,0,0,55
42941,Sales & Marketing,region_2,Masters & above,f,sourcing,1,43,1.0,5,0,0,52
18022,Sales & Marketing,region_5,Bachelors,f,sourcing,1,34,3.0,6,0,0,50
31120,Sales & Marketing,region_7,Masters & above,m,other,1,40,3.0,7,0,0,48
15677,Analytics,region_9,Masters & above,m,sourcing,2,27,,1,0,0,86
66114,Sales & Marketing,region_22,Bachelors,f,other,2,26,2.0,3,1,0,51
76266,Procurement,region_23,Masters & above,m,sourcing,1,39,3.0,8,0,0,67
41049,Procurement,region_22,Bachelors,m,other,3,28,,1,0,0,69
493,Technology,region_11,Masters & above,m,other,1,43,3.0,12,0,0,80
45735,Operations,region_22,Bachelors,m,sourcing,1,51,4.0,5,0,0,59
47419,Sales & Marketing,region_22,Bachelors,m,other,1,49,2.0,6,0,0,50
10491,Operations,region_9,Bachelors,m,sourcing,1,26,,1,0,0,65
45749,Analytics,region_2,Masters & above,m,other,2,47,3.0,2,0,0,84
1312,Operations,region_21,Bachelors,f,sourcing,1,35,5.0,2,1,0,63
23129,HR,region_7,Bachelors,f,sourcing,1,27,,1,1,0,47
2967,Operations,region_22,Bachelors,f,other,1,28,3.0,5,0,0,60
33592,Sales & Marketing,region_2,Bachelors,m,other,1,31,4.0,5,0,0,51
67524,Sales & Marketing,region_25,Masters & above,m,other,2,43,3.0,12,0,0,49
65143,Sales & Marketing,region_26,Bachelors,m,sourcing,1,22,3.0,2,0,0,50
22229,Sales & Marketing,region_34,Bachelors,m,sourcing,2,30,1.0,3,0,0,51
73286,Legal,region_31,Bachelors,m,other,1,44,3.0,7,0,0,62
6333,Procurement,region_27,Bachelors,m,other,1,43,3.0,4,1,1,70
64729,Operations,region_7,Masters & above,m,sourcing,1,49,1.0,7,0,0,59
17241,Sales & Marketing,region_2,Bachelors,f,other,1,44,1.0,9,0,0,51
6525,Procurement,region_26,Bachelors,f,other,1,40,5.0,4,1,0,69
29632,HR,region_2,Bachelors,m,sourcing,3,60,5.0,11,0,0,50
16229,Analytics,region_10,Masters & above,m,sourcing,1,37,5.0,3,0,0,83
32723,Legal,region_11,Bachelors,m,other,1,28,,1,0,0,62
7169,Operations,region_7,Masters & above,m,other,1,33,4.0,3,1,0,57
62416,Operations,region_19,Bachelors,m,other,1,38,5.0,9,1,0,60
41368,Sales & Marketing,region_27,Bachelors,m,other,2,29,3.0,2,0,0,53
3518,Operations,region_11,Masters & above,m,other,1,43,4.0,3,0,0,56
35997,Procurement,region_2,Bachelors,m,other,1,30,1.0,3,0,0,67
22766,Analytics,region_23,Bachelors,m,sourcing,1,32,4.0,7,0,0,84
24422,R&D,region_4,Masters & above,m,sourcing,1,38,4.0,9,1,0,84
6393,Operations,region_22,Masters & above,f,other,1,40,3.0,7,1,0,57
20521,Technology,region_2,Bachelors,m,sourcing,1,55,4.0,5,1,0,74
10566,Sales & Marketing,region_15,Bachelors,m,other,1,37,5.0,2,0,0,51
65139,Sales & Marketing,region_2,Bachelors,m,other,1,53,5.0,4,1,0,47
15889,Procurement,region_2,Bachelors,f,other,1,33,2.0,3,0,0,69
70782,Technology,region_2,Masters & above,f,other,1,59,2.0,8,0,0,85
62509,Operations,region_28,Bachelors,m,other,1,39,3.0,10,0,0,61
18303,Procurement,region_4,Masters & above,m,sourcing,1,39,1.0,3,0,0,73
35216,Legal,region_6,Bachelors,m,other,1,30,,1,0,0,59
41216,Sales & Marketing,region_25,Bachelors,m,sourcing,1,33,2.0,5,0,0,51
46924,Procurement,region_7,Masters & above,m,sourcing,2,39,2.0,11,0,0,73
29038,Sales & Marketing,region_2,Masters & above,m,other,1,39,4.0,11,0,0,54
41700,Sales & Marketing,region_5,Masters & above,m,sourcing,1,43,1.0,11,0,0,48
64150,Procurement,region_15,Bachelors,f,sourcing,1,34,3.0,6,0,0,64
1620,Operations,region_21,Masters & above,m,other,1,48,4.0,8,1,0,61
8309,Sales & Marketing,region_22,Bachelors,m,other,3,24,3.0,2,0,0,53
28707,Sales & Marketing,region_7,Bachelors,m,other,1,31,3.0,5,1,0,50
67510,Procurement,region_17,Bachelors,f,other,2,27,,1,0,0,69
40083,Sales & Marketing,region_2,Masters & above,f,other,1,49,3.0,7,0,0,52
75439,Finance,region_2,Bachelors,m,other,1,35,5.0,7,1,0,58
31175,Technology,region_6,Bachelors,m,other,1,25,,1,0,0,83
62666,HR,region_29,Bachelors,m,sourcing,1,33,3.0,9,1,0,48
34678,Operations,region_2,Masters & above,m,sourcing,1,50,3.0,19,1,0,58
23412,Legal,region_5,Bachelors,m,sourcing,1,29,5.0,2,1,0,56
45585,Legal,region_22,Bachelors,f,sourcing,1,31,,1,1,0,58
38377,Sales & Marketing,region_15,,m,other,1,30,3.0,3,0,0,49
49049,Procurement,region_7,Masters & above,f,other,1,41,4.0,2,1,1,67
23881,Procurement,region_26,Masters & above,m,sourcing,1,39,4.0,8,0,0,73
50473,Sales & Marketing,region_17,Bachelors,m,other,1,35,3.0,11,0,0,89
58570,Procurement,region_2,Masters & above,f,other,1,31,4.0,10,1,0,71
56172,Operations,region_22,Bachelors,m,sourcing,1,34,3.0,9,0,0,59
20889,R&D,region_26,Bachelors,m,sourcing,1,28,5.0,4,1,0,83
31741,Operations,region_2,Bachelors,m,sourcing,3,51,5.0,8,1,0,55
19362,Sales & Marketing,region_25,Masters & above,m,sourcing,1,33,5.0,7,0,0,52
47014,Sales & Marketing,region_1,Masters & above,m,other,2,31,1.0,2,0,0,55
69160,Legal,region_20,Bachelors,m,other,1,31,1.0,5,0,0,59
44900,Technology,region_22,Bachelors,m,sourcing,1,28,4.0,5,1,0,76
49460,Operations,region_11,Bachelors,f,other,1,32,3.0,2,0,0,64
48079,Sales & Marketing,region_2,Bachelors,m,other,1,32,1.0,6,1,0,52
41138,Procurement,region_17,Masters & above,f,other,2,39,3.0,3,0,0,67
11802,Procurement,region_10,Bachelors,f,sourcing,1,28,5.0,4,1,0,66
51363,Analytics,region_31,Masters & above,m,other,1,37,3.0,9,0,0,83
54607,Sales & Marketing,region_11,Bachelors,m,sourcing,1,47,3.0,11,0,0,50
66606,Operations,region_27,Bachelors,m,other,1,34,3.0,8,0,0,72
8918,Sales & Marketing,region_26,Bachelors,m,sourcing,1,40,1.0,14,0,0,43
38018,Analytics,region_11,Bachelors,m,other,1,30,3.0,4,0,0,80
64796,Analytics,region_2,Bachelors,m,other,2,40,3.0,11,0,0,86
30622,Technology,region_16,Bachelors,m,sourcing,1,28,4.0,5,1,0,80
25817,Technology,region_2,Bachelors,f,sourcing,1,30,,1,1,0,79
14099,Operations,region_2,Bachelors,m,sourcing,3,29,,1,1,1,65
74588,Technology,region_6,Bachelors,m,other,1,31,5.0,8,1,0,79
63868,Sales & Marketing,region_27,,m,other,1,38,1.0,3,0,0,48
32700,Procurement,region_23,Masters & above,f,sourcing,1,38,5.0,9,1,0,69
29497,Technology,region_2,Masters & above,m,referred,1,47,3.0,8,0,0,79
32807,Analytics,region_29,Bachelors,m,other,2,32,1.0,7,0,0,87
27597,Analytics,region_31,Bachelors,m,other,1,30,3.0,3,0,0,81
1102,Sales & Marketing,region_4,Bachelors,m,sourcing,1,50,5.0,17,0,0,53
52197,Sales & Marketing,region_22,Bachelors,m,sourcing,5,31,3.0,6,1,0,52
10822,Sales & Marketing,region_7,Masters & above,m,other,2,46,3.0,6,0,0,52
64121,Sales & Marketing,region_7,,m,other,2,34,1.0,5,1,0,48
74900,Finance,region_2,Bachelors,m,sourcing,1,31,2.0,4,0,0,58
58048,Sales & Marketing,region_22,Bachelors,m,other,3,27,,1,0,0,45
16101,Technology,region_27,Masters & above,m,other,1,38,5.0,5,1,0,86
39574,Technology,region_29,Masters & above,f,sourcing,2,34,3.0,8,0,0,79
4840,Sales & Marketing,region_27,Bachelors,m,other,2,33,4.0,4,0,0,48
24707,Operations,region_19,Bachelors,f,other,1,36,4.0,8,1,0,60
55829,Technology,region_2,Masters & above,m,sourcing,1,58,3.0,15,1,0,82
71710,Operations,region_21,Bachelors,m,other,1,33,3.0,5,0,0,63
58123,Operations,region_26,Bachelors,m,other,1,33,3.0,5,0,0,61
12456,Technology,region_32,Bachelors,m,sourcing,1,29,,1,1,0,76
330,Operations,region_7,Bachelors,f,sourcing,2,29,,1,1,0,59
47915,Sales & Marketing,region_31,Bachelors,m,other,1,40,4.0,14,0,0,52
23076,Sales & Marketing,region_27,,m,other,2,31,3.0,4,1,1,51
60574,Procurement,region_10,Bachelors,f,other,1,29,3.0,4,1,0,72
46231,Procurement,region_28,Masters & above,f,sourcing,3,33,3.0,4,0,0,69
74619,Finance,region_2,Masters & above,m,other,1,57,3.0,14,0,0,56
21764,Operations,region_28,Bachelors,m,other,1,34,1.0,6,0,0,54
57421,Analytics,region_7,,m,sourcing,1,24,2.0,2,0,0,85
8198,Technology,region_7,Bachelors,f,sourcing,1,28,,1,1,0,75
68789,Operations,region_15,Bachelors,f,sourcing,1,27,5.0,2,1,0,60
34283,Sales & Marketing,region_22,Bachelors,m,sourcing,1,33,2.0,3,0,0,48
28734,Technology,region_14,Bachelors,m,other,1,33,3.0,7,0,0,79
31221,Operations,region_13,Bachelors,f,sourcing,1,41,3.0,6,1,0,59
38635,HR,region_2,Masters & above,f,sourcing,1,35,5.0,7,1,0,50
29274,Sales & Marketing,region_14,Masters & above,m,sourcing,2,33,1.0,6,0,0,51
14176,Sales & Marketing,region_2,,m,sourcing,1,41,3.0,2,0,0,57
51952,Operations,region_2,Bachelors,m,other,1,27,3.0,3,0,0,56
68561,Analytics,region_7,Bachelors,m,other,2,29,3.0,4,1,0,86
40254,Analytics,region_2,Bachelors,f,other,1,30,3.0,4,0,0,87
18582,Operations,region_4,Masters & above,m,other,1,43,4.0,10,0,0,60
60908,HR,region_31,Bachelors,m,other,2,30,4.0,4,0,0,49
42879,Sales & Marketing,region_27,Bachelors,m,other,1,32,3.0,4,1,0,45
38731,Sales & Marketing,region_2,Bachelors,m,other,1,32,4.0,4,1,0,51
39525,R&D,region_7,Bachelors,m,other,1,33,3.0,6,0,0,80
19426,Sales & Marketing,region_27,Bachelors,m,other,1,46,3.0,11,0,0,46
9668,Sales & Marketing,region_2,Bachelors,m,other,2,55,4.0,3,0,0,56
12353,Technology,region_7,Masters & above,f,sourcing,1,40,3.0,11,0,0,79
15047,Operations,region_15,Bachelors,f,other,1,34,5.0,9,1,0,61
38640,Operations,region_22,Bachelors,f,sourcing,3,29,5.0,2,1,0,57
16069,Technology,region_4,Masters & above,m,sourcing,1,52,4.0,6,1,0,83
65389,Sales & Marketing,region_30,Bachelors,m,sourcing,1,37,4.0,9,0,0,47
23630,Analytics,region_21,Bachelors,m,other,1,32,3.0,4,0,0,86
43855,Operations,region_15,Masters & above,f,other,1,37,5.0,10,0,0,65
6366,Technology,region_5,Bachelors,m,sourcing,1,25,,1,0,0,80
30017,Procurement,region_4,Masters & above,m,other,1,42,2.0,12,0,0,69
21613,Operations,region_15,Masters & above,m,other,1,44,3.0,4,0,0,60
44167,Finance,region_7,Bachelors,f,other,1,31,4.0,9,1,0,57
27518,Technology,region_7,Bachelors,m,sourcing,1,53,5.0,7,0,0,77
32426,Sales & Marketing,region_7,Bachelors,m,sourcing,1,36,4.0,4,0,0,44
77685,Operations,region_2,Bachelors,m,sourcing,2,32,5.0,6,1,0,65
22654,Operations,region_14,Bachelors,m,other,1,32,1.0,3,1,0,58
18539,Sales & Marketing,region_13,Bachelors,m,other,1,42,1.0,5,0,0,53
77565,Operations,region_2,Bachelors,f,sourcing,1,28,3.0,3,0,0,60
50169,Procurement,region_2,Masters & above,f,sourcing,1,33,3.0,7,1,0,76
52445,Sales & Marketing,region_1,Masters & above,m,other,1,37,5.0,4,1,0,49
19394,Analytics,region_22,,m,sourcing,3,28,4.0,4,1,0,87
38308,Sales & Marketing,region_2,Bachelors,m,other,1,51,3.0,12,0,0,47
17688,Operations,region_20,Bachelors,f,other,1,38,3.0,3,1,0,88
20597,HR,region_32,Below Secondary,m,other,1,24,4.0,2,0,0,51
34238,Sales & Marketing,region_2,,m,other,2,24,,1,0,0,49
60091,Sales & Marketing,region_13,Masters & above,m,other,1,34,4.0,9,0,0,51
939,Procurement,region_2,Masters & above,m,other,1,50,5.0,18,1,0,70
35305,Analytics,region_13,Masters & above,m,other,1,39,4.0,9,0,0,84
72717,Procurement,region_2,Masters & above,f,sourcing,1,59,2.0,7,0,1,69
41302,Sales & Marketing,region_2,Masters & above,m,other,2,45,3.0,7,1,0,49
35007,Operations,region_4,Bachelors,m,sourcing,1,27,,1,1,0,61
68512,Sales & Marketing,region_2,Bachelors,f,sourcing,1,47,3.0,14,0,0,51
35197,Sales & Marketing,region_34,Masters & above,m,sourcing,1,34,3.0,2,1,0,49
41427,Sales & Marketing,region_23,Bachelors,m,other,1,32,1.0,5,0,0,52
72963,Operations,region_22,Bachelors,f,other,2,30,3.0,6,0,0,57
38289,Operations,region_2,Bachelors,m,other,2,42,3.0,17,0,0,65
30188,Procurement,region_2,Masters & above,m,other,2,41,3.0,10,0,0,67
27197,HR,region_28,Masters & above,m,other,1,40,3.0,3,0,0,49
37443,Operations,region_6,Bachelors,f,other,1,25,5.0,3,1,0,62
37429,Sales & Marketing,region_1,Bachelors,m,other,1,33,1.0,3,0,0,48
53600,Sales & Marketing,region_2,Bachelors,m,sourcing,1,44,4.0,3,0,0,52
63543,Sales & Marketing,region_28,Bachelors,m,other,1,29,5.0,3,1,0,51
34180,Operations,region_4,Bachelors,m,sourcing,1,26,5.0,3,1,0,61
22290,HR,region_7,Masters & above,f,other,1,42,5.0,7,1,0,45
9251,Finance,region_2,Bachelors,m,sourcing,1,40,3.0,6,1,0,59
68326,Technology,region_26,Bachelors,m,other,1,36,4.0,2,1,1,78
69287,Procurement,region_7,Masters & above,f,sourcing,1,37,5.0,3,0,0,67
25689,Procurement,region_7,Bachelors,f,other,1,29,5.0,2,0,0,70
55751,Procurement,region_7,Below Secondary,m,other,3,23,,1,1,0,67
3108,Sales & Marketing,region_22,Bachelors,m,other,2,31,3.0,5,0,0,51
36184,Operations,region_27,Bachelors,m,other,1,31,1.0,7,0,0,63
32106,Operations,region_1,Masters & above,m,sourcing,1,37,1.0,3,0,0,65
38968,Procurement,region_27,Bachelors,m,other,1,34,3.0,10,0,0,68
19994,Finance,region_13,Bachelors,m,sourcing,5,27,5.0,3,0,0,61
71709,Sales & Marketing,region_9,Bachelors,m,sourcing,1,30,4.0,5,0,0,51
66664,Sales & Marketing,region_13,,m,other,1,30,3.0,5,0,0,47
25289,Procurement,region_27,Bachelors,m,other,2,33,1.0,5,0,0,73
67202,Sales & Marketing,region_28,Bachelors,m,sourcing,1,41,5.0,6,1,0,53
21667,Technology,region_33,Masters & above,m,sourcing,1,40,1.0,4,0,0,80
7093,Sales & Marketing,region_22,Bachelors,m,other,2,27,3.0,4,0,0,54
28245,Sales & Marketing,region_24,Masters & above,m,other,1,40,5.0,3,1,0,54
12336,Operations,region_2,Bachelors,m,sourcing,1,49,2.0,18,0,0,74
37330,Sales & Marketing,region_2,Bachelors,f,other,1,34,5.0,2,1,0,51
75865,Operations,region_12,Bachelors,m,sourcing,1,35,4.0,2,0,0,64
55108,Technology,region_7,Bachelors,f,sourcing,1,29,3.0,3,0,0,77
7866,Procurement,region_2,Masters & above,f,other,1,40,5.0,11,1,0,72
31879,R&D,region_23,Masters & above,m,sourcing,1,35,4.0,4,0,0,82
777,Technology,region_7,Bachelors,f,other,1,48,5.0,7,1,0,81
6061,Operations,region_15,Bachelors,f,sourcing,1,28,3.0,2,0,0,59
50366,Sales & Marketing,region_22,Bachelors,m,sourcing,1,30,,1,1,0,45
62567,Sales & Marketing,region_27,Masters & above,m,other,1,36,5.0,9,0,0,51
73593,HR,region_2,Bachelors,f,sourcing,1,33,4.0,7,1,0,50
53178,Sales & Marketing,region_11,Bachelors,m,other,2,27,5.0,3,0,0,47
29633,Procurement,region_2,Bachelors,m,other,1,47,3.0,6,0,0,71
8137,Sales & Marketing,region_2,Bachelors,m,other,1,21,3.0,2,0,0,50
35879,Procurement,region_2,Bachelors,m,other,2,38,3.0,7,1,0,72
13476,Sales & Marketing,region_16,Bachelors,m,other,1,55,5.0,6,0,0,48
73296,Sales & Marketing,region_19,Bachelors,m,sourcing,1,29,2.0,5,0,0,49
54505,Operations,region_13,Masters & above,f,sourcing,1,35,3.0,2,1,0,55
31989,Sales & Marketing,region_17,Bachelors,m,other,3,26,3.0,3,0,0,44
65948,Procurement,region_13,Bachelors,m,sourcing,1,39,3.0,5,0,0,65
28311,Technology,region_12,Bachelors,f,sourcing,1,26,,1,0,0,78
12199,Sales & Marketing,region_2,Bachelors,f,sourcing,1,34,5.0,2,0,0,50
3409,Sales & Marketing,region_15,Masters & above,m,sourcing,1,28,3.0,2,0,0,46
29920,Analytics,region_34,Bachelors,m,sourcing,1,28,3.0,5,0,0,77
12315,Technology,region_33,Bachelors,f,sourcing,1,44,5.0,13,1,0,77
40040,R&D,region_31,Bachelors,m,sourcing,1,32,3.0,6,0,0,83
55269,Operations,region_32,,m,other,1,30,5.0,6,0,0,58
15521,Procurement,region_2,Masters & above,m,sourcing,1,49,1.0,7,0,0,69
50096,Procurement,region_17,Bachelors,m,sourcing,2,41,3.0,8,0,0,69
45702,Sales & Marketing,region_6,Bachelors,f,other,1,30,1.0,5,0,0,48
28339,Sales & Marketing,region_23,Bachelors,m,other,1,34,5.0,7,0,0,48
57074,HR,region_2,Masters & above,m,other,1,47,5.0,4,1,0,47
52427,Operations,region_19,Bachelors,m,other,1,34,5.0,5,0,0,60
33819,Procurement,region_17,Masters & above,f,other,1,50,4.0,7,0,0,67
55454,Technology,region_2,Bachelors,m,referred,1,30,3.0,3,1,0,80
3800,R&D,region_22,Bachelors,m,other,1,29,5.0,4,1,0,90
49985,Technology,region_7,Masters & above,m,other,1,37,3.0,5,1,0,77
74776,Finance,region_2,Bachelors,m,other,2,26,4.0,2,0,0,61
59771,Sales & Marketing,region_15,Masters & above,m,sourcing,1,38,2.0,9,0,0,47
55005,Technology,region_7,Bachelors,m,sourcing,2,27,3.0,2,0,0,77
77101,Technology,region_2,Masters & above,f,sourcing,1,43,4.0,5,0,0,80
7425,Procurement,region_2,Masters & above,f,other,1,38,2.0,7,0,0,68
17582,Procurement,region_2,Bachelors,m,other,1,46,3.0,7,0,0,71
73113,Sales & Marketing,region_6,Bachelors,m,other,1,29,4.0,6,1,0,52
53240,Finance,region_2,Bachelors,m,sourcing,2,31,4.0,5,1,0,61
47667,Sales & Marketing,region_2,Masters & above,m,other,1,46,4.0,16,0,0,46
13170,Operations,region_31,Bachelors,m,sourcing,1,40,3.0,4,0,0,57
4143,Operations,region_11,Bachelors,f,sourcing,1,33,3.0,6,0,0,59
12232,Procurement,region_8,Bachelors,m,other,1,30,2.0,4,0,0,66
33941,Sales & Marketing,region_20,Masters & above,m,other,1,30,5.0,5,0,0,46
35146,Procurement,region_2,Bachelors,f,sourcing,1,39,3.0,5,0,0,70
10059,Analytics,region_34,Bachelors,m,sourcing,3,27,3.0,2,0,0,83
21100,Technology,region_2,Masters & above,f,sourcing,1,34,5.0,10,1,0,83
16133,Sales & Marketing,region_2,Bachelors,f,other,2,36,3.0,8,0,0,48
2891,Sales & Marketing,region_16,Bachelors,m,other,1,32,4.0,6,0,0,48
24569,Sales & Marketing,region_7,Masters & above,m,sourcing,1,35,3.0,9,0,0,51
37900,Sales & Marketing,region_22,Masters & above,m,sourcing,1,32,3.0,4,1,0,95
51385,Analytics,region_2,Bachelors,m,sourcing,2,27,5.0,2,0,0,85
57530,Sales & Marketing,region_20,Bachelors,m,sourcing,1,27,,1,0,0,46
71388,Sales & Marketing,region_31,Bachelors,f,sourcing,1,35,4.0,5,1,0,49
41604,Analytics,region_31,Bachelors,f,sourcing,1,27,4.0,2,0,0,86
25450,Technology,region_23,Bachelors,m,sourcing,1,26,5.0,2,1,0,78
24153,Operations,region_27,Bachelors,m,other,1,26,,1,0,1,69
65724,Analytics,region_22,,m,other,1,28,4.0,2,1,0,86
36113,Technology,region_22,Bachelors,m,sourcing,1,23,,1,0,0,80
14434,Analytics,region_29,Bachelors,m,other,2,28,3.0,3,0,0,86
28636,Procurement,region_16,Bachelors,m,sourcing,3,25,3.0,5,0,0,69
2010,Sales & Marketing,region_28,Bachelors,m,other,1,28,5.0,2,1,0,53
29298,Procurement,region_2,Bachelors,f,other,1,36,3.0,4,0,0,63
9520,Sales & Marketing,region_28,Bachelors,m,sourcing,2,28,3.0,6,0,0,52
62583,Sales & Marketing,region_6,Bachelors,m,other,3,41,1.0,10,0,0,50
40803,Sales & Marketing,region_13,Bachelors,m,sourcing,1,31,3.0,5,0,0,55
68782,Operations,region_14,Bachelors,m,sourcing,1,26,3.0,3,0,0,60
30739,HR,region_7,Masters & above,f,sourcing,1,48,5.0,4,1,0,47
35949,Sales & Marketing,region_27,Bachelors,m,sourcing,1,23,3.0,2,0,0,48
34986,Sales & Marketing,region_15,Bachelors,m,sourcing,1,33,3.0,4,0,0,52
14029,Finance,region_2,Masters & above,f,other,1,39,3.0,3,0,0,59
19338,Operations,region_27,Bachelors,m,sourcing,1,23,5.0,2,0,0,57
53000,Technology,region_17,Masters & above,f,sourcing,1,41,3.0,3,1,0,78
28874,Operations,region_7,,m,sourcing,1,31,3.0,5,0,0,61
15584,Operations,region_2,Bachelors,m,other,1,35,5.0,7,0,0,62
67422,Operations,region_19,Bachelors,m,other,1,37,5.0,2,1,0,60
42952,Technology,region_24,Bachelors,m,sourcing,1,33,3.0,10,0,0,84
23273,Analytics,region_31,Bachelors,m,sourcing,1,31,5.0,7,1,0,82
5845,Analytics,region_2,Bachelors,m,other,2,35,5.0,7,1,0,85
55523,Analytics,region_2,Masters & above,m,sourcing,2,58,5.0,6,1,0,81
56657,Sales & Marketing,region_19,Bachelors,m,other,1,44,3.0,3,0,0,49
12090,Procurement,region_17,Masters & above,m,other,2,44,1.0,3,0,0,74
29120,Sales & Marketing,region_8,Bachelors,m,sourcing,2,28,4.0,3,0,0,49
68913,Sales & Marketing,region_22,Bachelors,f,sourcing,1,34,5.0,10,0,0,51
21472,Sales & Marketing,region_28,Masters & above,m,sourcing,1,37,5.0,11,1,0,46
52973,Sales & Marketing,region_27,,m,other,1,30,4.0,3,0,0,53
11486,Procurement,region_15,Masters & above,m,other,1,34,4.0,2,1,0,72
44574,Sales & Marketing,region_19,Bachelors,m,other,1,41,1.0,2,0,0,43
41395,Sales & Marketing,region_22,Bachelors,f,sourcing,1,29,,1,0,0,62
66824,Operations,region_15,Bachelors,m,sourcing,2,39,5.0,7,0,0,71
55652,Sales & Marketing,region_2,Masters & above,m,other,1,53,2.0,5,1,0,50
5185,Operations,region_14,Masters & above,f,other,1,34,5.0,3,1,0,58
42222,Legal,region_2,Masters & above,f,sourcing,1,46,5.0,14,1,0,60
55408,Sales & Marketing,region_7,Bachelors,f,other,1,31,,1,0,0,45
55308,Operations,region_2,Bachelors,m,other,2,40,4.0,5,0,0,61
44519,HR,region_2,Masters & above,m,other,1,50,4.0,4,1,0,47
67079,Technology,region_23,Bachelors,m,other,1,25,,1,1,0,76
67497,Sales & Marketing,region_20,Bachelors,m,other,1,27,,1,0,0,51
41204,Procurement,region_2,Bachelors,m,other,1,43,3.0,12,1,0,71
45397,Sales & Marketing,region_13,Bachelors,m,sourcing,1,50,2.0,3,0,0,48
30443,Analytics,region_28,Masters & above,m,other,2,41,5.0,7,1,0,86
75248,Procurement,region_7,Bachelors,f,other,1,30,1.0,3,0,0,70
35486,Operations,region_34,Bachelors,f,sourcing,1,34,3.0,8,1,0,59
63340,Sales & Marketing,region_7,Masters & above,m,other,1,33,5.0,5,1,1,48
24458,HR,region_2,Masters & above,m,other,1,57,4.0,26,0,0,51
49163,Sales & Marketing,region_17,Masters & above,m,other,1,48,3.0,19,0,0,48
66300,Sales & Marketing,region_2,Bachelors,m,other,1,33,1.0,7,0,0,51
30372,HR,region_2,Bachelors,f,other,1,29,,1,0,0,48
44491,Finance,region_6,Bachelors,m,other,2,27,4.0,3,1,0,63
29519,Operations,region_30,Bachelors,f,other,1,38,4.0,4,0,0,64
53763,Sales & Marketing,region_2,Masters & above,m,other,1,42,4.0,3,1,0,65
42255,Procurement,region_22,Masters & above,f,other,1,37,3.0,9,0,0,71
59843,Operations,region_19,Bachelors,f,sourcing,1,38,3.0,8,0,0,58
9869,Sales & Marketing,region_7,Bachelors,m,other,1,44,4.0,5,1,0,47
2665,Sales & Marketing,region_4,Masters & above,m,other,1,44,3.0,12,1,0,44
9258,Sales & Marketing,region_22,Masters & above,m,other,1,38,3.0,10,0,0,51
68914,Operations,region_25,Bachelors,f,sourcing,1,27,5.0,3,1,0,60
12620,Procurement,region_7,Bachelors,f,other,1,41,3.0,4,0,0,70
20327,Sales & Marketing,region_32,Bachelors,m,sourcing,2,26,,1,0,0,49
72217,Technology,region_2,Below Secondary,m,sourcing,1,23,4.0,2,1,0,78
47556,Sales & Marketing,region_12,Bachelors,m,other,1,27,5.0,3,1,0,52
61160,Operations,region_7,Bachelors,f,sourcing,1,34,2.0,6,0,0,58
30940,Finance,region_2,Bachelors,m,other,2,35,3.0,6,1,0,58
38894,Legal,region_5,Bachelors,m,other,1,30,5.0,2,0,0,62
34263,Operations,region_31,Masters & above,f,other,1,33,3.0,8,0,0,65
30075,Sales & Marketing,region_2,Bachelors,f,other,3,31,2.0,5,0,0,50
47630,Procurement,region_22,Bachelors,m,other,3,34,3.0,6,1,0,69
2755,Operations,region_7,Masters & above,f,sourcing,1,45,5.0,14,1,0,58
56687,Sales & Marketing,region_10,Masters & above,f,sourcing,1,37,4.0,7,1,0,50
24945,Sales & Marketing,region_22,Bachelors,m,sourcing,6,27,3.0,3,0,0,57
19246,Sales & Marketing,region_20,Bachelors,m,other,1,27,5.0,3,0,0,48
23191,Analytics,region_15,Masters & above,m,other,1,42,5.0,6,1,0,82
68135,Sales & Marketing,region_2,Bachelors,m,referred,1,30,3.0,10,1,0,45
10499,Sales & Marketing,region_2,Bachelors,m,sourcing,1,34,1.0,3,0,0,48
39044,Operations,region_22,Bachelors,m,sourcing,1,39,1.0,3,0,0,62
16571,Operations,region_16,Bachelors,f,sourcing,1,35,4.0,2,0,0,59
4016,Operations,region_15,Bachelors,m,sourcing,1,40,5.0,8,0,0,64
59179,Sales & Marketing,region_22,Bachelors,m,other,4,25,4.0,3,0,0,48
14392,Technology,region_2,Below Secondary,m,sourcing,1,23,4.0,2,0,0,79
56137,Technology,region_2,Bachelors,m,other,1,49,4.0,17,0,0,81
11937,Sales & Marketing,region_12,Bachelors,f,other,1,28,,1,0,0,50
32453,Operations,region_7,Bachelors,m,sourcing,2,32,5.0,7,1,0,56
34293,Operations,region_19,Bachelors,f,other,1,38,4.0,10,0,0,60
19557,Operations,region_2,Masters & above,m,sourcing,1,36,4.0,7,1,0,59
58371,Procurement,region_2,Bachelors,m,sourcing,2,41,3.0,10,0,0,71
23775,Analytics,region_15,Bachelors,m,other,2,29,3.0,3,0,0,89
25398,Procurement,region_2,Bachelors,m,other,1,30,2.0,2,0,0,70
60617,Operations,region_14,Bachelors,m,sourcing,1,29,2.0,2,0,0,56
50093,Sales & Marketing,region_7,Masters & above,m,other,2,31,5.0,2,0,0,49
47401,Analytics,region_29,Bachelors,m,other,2,33,4.0,8,0,0,80
686,Operations,region_2,Masters & above,f,sourcing,2,37,5.0,11,1,0,58
36827,Sales & Marketing,region_2,Masters & above,m,other,3,41,1.0,4,0,0,51
7418,Legal,region_22,Bachelors,m,sourcing,1,29,2.0,3,0,0,56
7935,Technology,region_2,Bachelors,f,other,1,52,5.0,18,0,0,80
49734,Technology,region_17,Masters & above,f,other,3,35,3.0,7,0,0,81
1387,Sales & Marketing,region_11,Bachelors,m,other,1,38,5.0,8,1,0,49
35720,Procurement,region_2,Bachelors,f,sourcing,2,27,,1,1,0,65
73458,Analytics,region_29,Bachelors,m,sourcing,1,31,4.0,3,1,0,87
10665,Sales & Marketing,region_2,Masters & above,m,sourcing,1,45,2.0,15,0,0,46
72591,Technology,region_26,Bachelors,m,sourcing,1,47,3.0,6,0,0,84
59306,HR,region_10,Bachelors,m,sourcing,1,30,4.0,5,1,0,50
6999,Technology,region_1,Masters & above,f,sourcing,1,32,3.0,7,1,0,78
69262,Operations,region_14,Bachelors,m,other,1,40,3.0,5,0,0,63
8061,Sales & Marketing,region_26,Bachelors,m,sourcing,1,27,4.0,2,0,0,44
62189,Operations,region_6,Bachelors,f,sourcing,1,33,4.0,7,0,0,57
51057,Analytics,region_22,Bachelors,m,other,2,29,3.0,6,0,0,82
67198,Technology,region_21,Bachelors,m,sourcing,1,29,1.0,2,1,0,77
14255,Sales & Marketing,region_2,Masters & above,m,other,1,40,5.0,9,1,0,49
60020,Operations,region_2,Masters & above,f,other,1,44,5.0,5,1,0,57
64459,Procurement,region_13,Bachelors,m,other,2,29,3.0,3,1,0,72
63539,Operations,region_16,Bachelors,f,other,1,39,3.0,6,1,1,57
614,Operations,region_16,Bachelors,m,other,1,41,3.0,6,0,0,57
49707,Technology,region_15,Bachelors,f,sourcing,1,31,3.0,5,0,0,82
49623,Technology,region_24,Bachelors,m,other,2,27,3.0,3,1,0,79
5242,Sales & Marketing,region_22,,m,other,1,27,1.0,5,0,0,52
11073,HR,region_22,Bachelors,f,other,1,23,3.0,2,0,0,49
64986,Operations,region_7,Bachelors,f,other,1,36,5.0,5,1,0,62
5317,HR,region_2,Bachelors,m,other,1,48,2.0,15,0,0,49
27043,Analytics,region_9,Masters & above,m,other,1,32,3.0,7,1,1,86
35476,Technology,region_2,Masters & above,m,other,2,37,3.0,9,0,0,79
18168,Analytics,region_32,Bachelors,m,sourcing,1,29,3.0,3,0,0,82
14491,Operations,region_34,Masters & above,f,other,1,35,4.0,9,1,0,64
58375,Sales & Marketing,region_14,,m,other,1,24,,1,1,0,46
18137,Technology,region_15,Bachelors,m,other,1,35,2.0,9,0,1,77
62318,Sales & Marketing,region_2,Bachelors,m,other,2,47,4.0,3,0,0,56
56173,Operations,region_2,Bachelors,m,other,1,38,2.0,10,0,0,59
23335,Sales & Marketing,region_7,Masters & above,m,sourcing,1,35,5.0,3,1,0,52
69016,Sales & Marketing,region_15,Masters & above,m,sourcing,1,42,1.0,16,0,0,49
39886,Procurement,region_15,Bachelors,m,sourcing,1,35,1.0,9,0,0,71
63417,Procurement,region_21,Masters & above,f,sourcing,1,44,5.0,14,1,0,73
18489,Operations,region_22,Bachelors,m,other,1,44,4.0,14,1,0,60
36344,Sales & Marketing,region_11,,m,other,1,33,3.0,5,0,0,51
57703,Finance,region_2,Below Secondary,m,other,1,22,3.0,2,0,0,62
33033,Procurement,region_4,Bachelors,m,other,2,27,,1,0,0,73
38539,Sales & Marketing,region_22,Bachelors,m,other,2,28,,1,0,0,47
59678,Sales & Marketing,region_22,Bachelors,m,other,1,36,3.0,3,0,0,50
73994,R&D,region_2,Bachelors,m,sourcing,1,28,3.0,3,0,0,86
437,HR,region_13,Bachelors,f,other,1,33,3.0,7,0,0,65
37368,Finance,region_28,Masters & above,m,sourcing,1,35,3.0,3,1,0,96
9567,Sales & Marketing,region_1,Bachelors,m,sourcing,1,31,5.0,7,0,0,50
46128,Sales & Marketing,region_22,Masters & above,m,sourcing,1,54,5.0,5,0,0,50
12299,Sales & Marketing,region_14,Bachelors,m,other,1,50,1.0,19,0,0,53
44945,Sales & Marketing,region_7,Masters & above,m,other,2,34,5.0,6,0,0,48
55525,Sales & Marketing,region_2,Masters & above,m,sourcing,1,51,4.0,19,1,1,51
48204,Procurement,region_26,Bachelors,m,sourcing,2,37,3.0,2,1,0,68
20267,Analytics,region_29,Bachelors,m,sourcing,1,26,3.0,2,1,0,85
62884,Technology,region_23,Bachelors,f,sourcing,1,33,3.0,8,0,0,79
11881,Sales & Marketing,region_4,Bachelors,m,other,1,33,3.0,10,0,0,47
27560,R&D,region_11,Bachelors,m,other,1,31,,1,0,0,83
33636,R&D,region_7,Bachelors,m,sourcing,1,32,5.0,2,1,0,86
75086,Operations,region_22,Bachelors,f,sourcing,1,31,4.0,6,1,0,62
71693,Legal,region_31,Bachelors,m,sourcing,1,31,3.0,5,1,0,58
55484,Operations,region_15,Bachelors,f,sourcing,1,37,4.0,2,1,0,65
59695,Operations,region_15,Bachelors,m,other,1,33,4.0,7,1,0,57
60136,Operations,region_19,Bachelors,m,sourcing,1,40,5.0,4,0,0,58
65566,Operations,region_15,Bachelors,m,referred,1,41,4.0,17,0,0,62
34174,Operations,region_11,Bachelors,f,other,1,28,3.0,5,1,0,63
64598,Sales & Marketing,region_13,Bachelors,m,other,1,37,3.0,3,0,0,48
73166,Technology,region_27,Bachelors,f,sourcing,2,32,1.0,4,0,0,74
71014,Procurement,region_19,Bachelors,m,other,1,37,2.0,4,0,0,69
47461,Sales & Marketing,region_16,Bachelors,f,sourcing,1,36,3.0,3,0,0,53
65816,Operations,region_27,Bachelors,m,other,1,43,3.0,13,0,0,58
49150,R&D,region_4,Masters & above,m,other,2,36,2.0,4,1,0,83
583,Sales & Marketing,region_13,Bachelors,m,sourcing,1,32,4.0,5,0,0,50
5930,Procurement,region_17,Bachelors,f,other,1,36,5.0,3,0,0,66
33494,HR,region_34,Bachelors,m,other,1,31,1.0,8,0,0,51
26379,Finance,region_15,Masters & above,m,other,1,32,3.0,2,0,0,55
50216,Sales & Marketing,region_22,Bachelors,f,sourcing,2,25,,1,0,0,41
65648,Operations,region_27,Below Secondary,m,sourcing,1,23,4.0,2,0,0,60
72029,HR,region_2,Bachelors,m,sourcing,1,45,1.0,14,0,0,51
10050,Legal,region_2,Bachelors,m,sourcing,1,46,5.0,6,0,0,61
25707,Operations,region_2,Bachelors,f,sourcing,2,32,4.0,7,1,0,58
10380,Legal,region_22,Bachelors,m,other,1,32,1.0,4,0,0,57
3505,Operations,region_13,Bachelors,f,other,2,34,4.0,9,1,0,65
71828,Finance,region_22,Bachelors,m,sourcing,2,27,5.0,5,0,0,64
37823,Procurement,region_2,Bachelors,m,sourcing,1,47,2.0,18,0,0,71
11790,Analytics,region_25,Masters & above,m,other,1,35,4.0,7,1,0,82
74094,Operations,region_19,Masters & above,m,sourcing,1,35,3.0,9,0,0,57
8675,Operations,region_15,Bachelors,m,sourcing,1,45,4.0,4,1,0,73
56292,Sales & Marketing,region_28,Bachelors,m,other,1,36,5.0,8,1,0,47
25858,Analytics,region_32,Bachelors,m,other,1,34,2.0,8,0,0,83
53105,Sales & Marketing,region_4,Masters & above,m,sourcing,2,32,3.0,9,0,0,86
48823,Sales & Marketing,region_10,Masters & above,m,other,2,48,4.0,7,0,0,62
24572,Finance,region_2,Masters & above,m,sourcing,1,38,3.0,4,0,0,59
26019,Procurement,region_2,Bachelors,m,other,1,30,3.0,3,0,0,68
26788,Sales & Marketing,region_26,,m,sourcing,1,40,1.0,8,0,0,51
47870,Sales & Marketing,region_28,,m,other,1,33,3.0,6,1,0,49
57632,Operations,region_20,Bachelors,f,sourcing,1,31,5.0,10,1,0,57
26048,Sales & Marketing,region_30,Bachelors,m,other,2,39,2.0,8,0,0,52
517,HR,region_2,,f,sourcing,1,33,3.0,4,1,0,50
50857,Sales & Marketing,region_15,Bachelors,m,other,1,42,5.0,12,0,0,48
14815,Sales & Marketing,region_7,Bachelors,f,other,1,33,5.0,8,1,0,51
72440,Technology,region_10,Masters & above,m,sourcing,1,46,4.0,14,1,0,80
18026,HR,region_7,Masters & above,m,sourcing,2,35,3.0,10,0,0,51
70243,Sales & Marketing,region_1,Bachelors,f,sourcing,1,28,2.0,3,1,0,46
10343,Technology,region_26,Bachelors,m,other,1,32,5.0,6,1,0,77
77917,Operations,region_33,Bachelors,m,sourcing,1,38,5.0,10,0,0,61
29369,Analytics,region_19,Bachelors,m,sourcing,1,30,3.0,5,0,0,80
38156,HR,region_2,Masters & above,f,other,1,56,3.0,18,0,0,48
61370,Sales & Marketing,region_5,Masters & above,m,other,1,42,4.0,13,0,0,48
30134,Technology,region_26,Masters & above,m,sourcing,1,42,3.0,10,0,0,75
46033,Sales & Marketing,region_22,Bachelors,m,other,4,26,2.0,2,0,0,54
58329,Technology,region_13,Masters & above,m,sourcing,1,54,3.0,14,0,0,79
65125,Technology,region_26,Masters & above,m,other,1,35,3.0,6,1,0,80
25563,Technology,region_32,Bachelors,m,other,1,31,3.0,5,0,0,81
9709,Sales & Marketing,region_11,Bachelors,m,sourcing,1,31,1.0,4,0,0,48
62486,Sales & Marketing,region_13,Bachelors,f,sourcing,2,31,4.0,7,1,0,49
64878,Operations,region_15,Bachelors,f,other,1,35,2.0,10,1,0,61
23015,Analytics,region_29,,m,other,1,28,5.0,2,1,0,86
6835,Sales & Marketing,region_20,Masters & above,m,other,1,43,4.0,11,0,0,40
41802,Analytics,region_31,Bachelors,m,sourcing,1,28,5.0,3,1,0,83
17438,Operations,region_12,Bachelors,f,sourcing,1,43,3.0,10,1,0,65
30618,Sales & Marketing,region_2,Bachelors,m,referred,1,36,2.0,10,1,0,46
52424,Technology,region_22,Bachelors,f,sourcing,1,26,3.0,2,0,0,77
403,Finance,region_2,Bachelors,m,sourcing,1,32,3.0,6,0,0,61
42452,Procurement,region_17,Bachelors,f,sourcing,1,60,4.0,7,1,0,67
45438,Sales & Marketing,region_9,Masters & above,m,other,1,38,3.0,4,0,0,54
28411,Finance,region_26,Bachelors,m,sourcing,1,28,4.0,3,1,0,60
59297,Sales & Marketing,region_16,Bachelors,m,other,1,28,3.0,5,1,0,53
72626,Procurement,region_17,Bachelors,f,other,1,27,4.0,2,1,0,74
43100,Sales & Marketing,region_25,Bachelors,m,other,1,36,4.0,3,1,0,48
19257,Procurement,region_2,Bachelors,f,other,1,30,3.0,5,0,0,70
6141,Finance,region_32,Bachelors,m,sourcing,1,31,3.0,8,0,0,59
36739,Finance,region_6,Bachelors,f,sourcing,1,25,,1,1,0,59
32094,Sales & Marketing,region_16,Bachelors,m,other,1,31,4.0,7,0,0,50
27948,Procurement,region_2,Bachelors,m,sourcing,2,33,3.0,9,0,0,76
56351,Procurement,region_16,Bachelors,f,other,1,29,5.0,2,1,0,70
43609,Finance,region_2,,m,other,3,29,3.0,4,0,0,57
29745,Analytics,region_11,Bachelors,m,other,2,24,3.0,3,0,0,81
27739,Sales & Marketing,region_22,,m,sourcing,1,27,4.0,4,0,0,48
54717,Finance,region_22,Bachelors,m,other,1,34,3.0,7,0,0,60
16061,Sales & Marketing,region_15,Bachelors,f,other,1,28,,1,0,0,47
42739,Operations,region_2,Bachelors,m,other,1,42,3.0,6,1,0,64
5555,Procurement,region_2,Masters & above,f,other,2,37,4.0,6,1,0,71
75543,Sales & Marketing,region_13,Bachelors,m,other,2,43,2.0,18,0,0,47
34972,Technology,region_2,Masters & above,f,sourcing,1,33,4.0,7,1,0,77
1769,Sales & Marketing,region_28,Bachelors,m,sourcing,2,37,1.0,2,0,0,45
47768,Technology,region_8,Bachelors,f,sourcing,2,28,4.0,5,0,0,79
45093,Procurement,region_2,Below Secondary,m,sourcing,2,24,,1,1,1,65
14037,Sales & Marketing,region_12,Bachelors,m,other,1,29,3.0,2,0,0,47
37715,Procurement,region_17,Masters & above,m,other,1,51,3.0,24,0,0,69
54021,Operations,region_6,Bachelors,f,other,2,37,3.0,9,0,0,63
27106,Sales & Marketing,region_28,Bachelors,m,other,1,36,2.0,5,1,0,45
48698,Sales & Marketing,region_2,,m,other,1,27,3.0,5,0,0,52
7910,Sales & Marketing,region_2,Masters & above,m,other,1,59,3.0,29,1,0,48
60009,Analytics,region_16,Bachelors,m,other,1,37,5.0,8,0,0,81
29033,Analytics,region_31,Bachelors,m,sourcing,1,30,4.0,4,1,0,91
46997,Operations,region_22,Bachelors,f,sourcing,1,44,5.0,3,1,0,55
71266,R&D,region_22,Masters & above,m,sourcing,2,31,5.0,8,1,0,89
16478,Procurement,region_2,Bachelors,f,other,4,47,4.0,5,0,0,67
5243,HR,region_2,Bachelors,m,other,1,33,5.0,6,1,0,50
41178,Procurement,region_2,Bachelors,m,other,1,33,1.0,6,0,0,71
19465,HR,region_2,Bachelors,f,other,1,27,3.0,6,1,0,47
29590,Analytics,region_2,Bachelors,m,sourcing,1,58,4.0,13,1,0,88
39826,Procurement,region_2,Masters & above,f,sourcing,1,46,4.0,4,1,0,72
77007,Operations,region_22,Masters & above,m,sourcing,1,50,3.0,7,0,1,71
42372,Operations,region_13,Bachelors,m,other,1,26,5.0,5,1,0,63
52076,Sales & Marketing,region_15,,m,sourcing,1,45,1.0,14,0,0,55
39516,Sales & Marketing,region_27,Bachelors,m,sourcing,1,38,3.0,10,0,0,65
7045,Technology,region_7,Masters & above,m,other,1,45,2.0,18,0,0,80
49412,Procurement,region_2,Masters & above,m,sourcing,1,43,5.0,5,0,0,80
38333,Sales & Marketing,region_10,Masters & above,m,sourcing,2,33,1.0,7,0,0,48
77029,Sales & Marketing,region_31,Bachelors,f,other,1,25,2.0,2,0,0,47
46036,Technology,region_24,Masters & above,f,other,1,31,3.0,2,1,0,81
16075,Analytics,region_2,Masters & above,m,other,1,56,2.0,5,0,0,86
36618,Operations,region_8,Masters & above,f,sourcing,1,31,3.0,3,0,0,74
66156,Procurement,region_22,Bachelors,m,other,2,37,3.0,5,0,0,69
975,Technology,region_16,Bachelors,m,other,1,27,2.0,5,0,0,78
762,Analytics,region_22,Masters & above,m,other,1,31,2.0,6,0,0,81
12665,Sales & Marketing,region_7,Bachelors,m,sourcing,1,27,5.0,3,1,0,47
38296,Technology,region_23,Masters & above,f,sourcing,1,34,5.0,3,1,0,79
17896,Sales & Marketing,region_21,Bachelors,m,other,1,36,2.0,6,0,0,49
65118,Finance,region_15,Bachelors,m,other,2,28,3.0,3,0,0,59
46237,HR,region_11,Bachelors,m,other,1,33,2.0,7,0,0,50
3424,Technology,region_11,Bachelors,m,sourcing,1,29,5.0,5,1,0,77
74310,Sales & Marketing,region_4,Bachelors,m,other,2,26,1.0,3,0,0,52
10590,Procurement,region_14,Bachelors,f,sourcing,1,34,3.0,7,1,0,69
59187,Sales & Marketing,region_28,Bachelors,m,other,1,37,5.0,8,1,0,50
61096,Operations,region_19,Bachelors,f,other,2,36,3.0,7,0,0,57
3435,Sales & Marketing,region_2,Masters & above,m,sourcing,1,33,5.0,6,0,0,49
71411,Procurement,region_7,Masters & above,m,other,1,36,3.0,9,0,0,66
43593,Sales & Marketing,region_9,Masters & above,m,sourcing,1,31,3.0,4,0,0,49
60572,Sales & Marketing,region_2,Bachelors,f,other,1,40,1.0,10,0,0,50
18613,HR,region_2,Masters & above,m,other,1,57,2.0,29,0,0,50
25872,Technology,region_26,Bachelors,f,sourcing,2,35,1.0,5,0,0,78
28546,HR,region_27,Bachelors,m,other,1,28,5.0,4,1,0,49
19799,Sales & Marketing,region_27,Bachelors,m,other,1,28,3.0,2,0,0,51
35747,Technology,region_21,Bachelors,m,other,1,48,4.0,8,0,0,82
57185,Technology,region_22,Bachelors,m,sourcing,1,26,,1,0,0,83
38774,Procurement,region_7,Bachelors,m,other,2,36,1.0,9,0,0,69
34266,R&D,region_25,Masters & above,m,other,2,37,5.0,8,0,0,85
10378,Finance,region_23,Masters & above,m,sourcing,3,36,3.0,7,0,0,58
76264,Sales & Marketing,region_30,Bachelors,m,other,1,35,5.0,2,0,0,47
6601,Sales & Marketing,region_21,Bachelors,m,other,1,38,4.0,5,0,0,50
70533,Operations,region_32,Bachelors,m,sourcing,1,30,5.0,2,1,0,57
59662,Analytics,region_20,Bachelors,m,sourcing,1,33,2.0,6,0,0,85
69410,Procurement,region_2,Bachelors,f,sourcing,1,41,5.0,3,1,0,67
35922,Operations,region_2,Bachelors,f,other,1,41,3.0,5,0,0,60
73519,Legal,region_16,Bachelors,m,other,1,32,,1,1,0,63
17984,Sales & Marketing,region_22,Bachelors,m,sourcing,1,27,5.0,4,0,0,47
4619,Sales & Marketing,region_2,Masters & above,f,other,1,35,1.0,3,0,0,50
51241,Analytics,region_32,Bachelors,m,other,2,24,,1,0,0,82
34774,Procurement,region_27,Masters & above,m,other,1,43,1.0,7,0,0,69
56168,Operations,region_12,Bachelors,m,sourcing,1,26,3.0,3,1,0,58
35654,Technology,region_4,Masters & above,f,other,1,35,1.0,9,0,0,82
12773,HR,region_20,Masters & above,m,sourcing,1,36,3.0,5,0,0,56
8088,Analytics,region_29,Masters & above,m,sourcing,1,33,2.0,6,0,0,85
69046,Technology,region_26,Bachelors,f,other,1,29,2.0,5,0,0,82
20429,Sales & Marketing,region_30,Bachelors,m,other,1,26,3.0,4,0,0,49
59763,Sales & Marketing,region_7,Bachelors,f,other,1,31,3.0,10,0,0,52
6042,Analytics,region_22,Bachelors,f,other,1,26,2.0,1,1,0,86
43454,Sales & Marketing,region_5,Bachelors,m,sourcing,1,28,,1,0,0,49
62797,Analytics,region_28,Bachelors,m,sourcing,1,32,5.0,5,1,0,84
56745,HR,region_30,Bachelors,m,other,1,35,2.0,8,1,0,45
46263,Operations,region_15,Bachelors,m,other,2,31,5.0,4,1,0,55
17622,Procurement,region_2,Bachelors,f,other,1,40,3.0,6,0,0,68
23255,HR,region_20,Bachelors,f,sourcing,1,31,3.0,7,0,0,47
26667,Sales & Marketing,region_30,Bachelors,m,other,1,47,3.0,4,0,0,55
7353,Analytics,region_7,Bachelors,m,sourcing,2,35,1.0,7,0,0,88
13441,Sales & Marketing,region_29,Bachelors,m,other,2,29,3.0,4,0,0,50
63583,Procurement,region_5,Bachelors,f,sourcing,1,30,5.0,3,1,0,63
58731,Procurement,region_30,Masters & above,f,other,1,38,2.0,7,0,0,68
38411,Technology,region_8,Bachelors,m,other,1,32,3.0,2,0,0,83
77331,Sales & Marketing,region_34,Bachelors,m,other,2,29,,1,1,0,50
42492,Procurement,region_2,Bachelors,m,sourcing,1,27,5.0,3,0,1,93
20336,Analytics,region_29,Bachelors,m,sourcing,2,35,4.0,8,1,0,83
1001,Legal,region_2,Bachelors,m,other,1,31,,1,0,0,58
446,HR,region_15,Masters & above,m,sourcing,1,35,3.0,5,0,0,58
55219,Operations,region_22,Bachelors,m,sourcing,1,28,5.0,2,1,0,61
62425,Sales & Marketing,region_7,Bachelors,m,other,1,37,3.0,10,1,0,48
49676,Sales & Marketing,region_7,,m,other,2,28,3.0,5,0,0,53
29169,Procurement,region_2,Bachelors,f,sourcing,1,37,4.0,4,0,0,71
69139,Finance,region_7,Masters & above,m,sourcing,2,38,5.0,5,1,0,56
8837,Operations,region_22,Masters & above,m,other,1,37,3.0,10,1,0,61
32551,Operations,region_22,Bachelors,m,other,2,24,,1,0,0,57
5433,Sales & Marketing,region_14,Masters & above,f,sourcing,1,37,5.0,3,1,0,53
67083,Sales & Marketing,region_11,Bachelors,m,sourcing,1,31,4.0,4,0,0,52
31923,Sales & Marketing,region_23,Bachelors,m,other,1,27,3.0,2,0,0,63
38912,Procurement,region_26,Bachelors,m,sourcing,1,32,3.0,2,0,0,68
903,Technology,region_26,Bachelors,f,referred,1,25,5.0,3,1,0,80
69185,Operations,region_2,Bachelors,f,sourcing,1,46,4.0,5,1,0,58
497,Sales & Marketing,region_2,Bachelors,m,other,1,32,5.0,5,1,0,50
14835,Operations,region_27,Bachelors,f,other,1,32,5.0,8,1,0,58
66390,Operations,region_2,Bachelors,f,other,2,50,3.0,4,0,0,64
41628,Operations,region_16,Bachelors,f,other,2,30,2.0,7,0,0,59
70342,Sales & Marketing,region_16,,m,sourcing,1,27,3.0,2,0,0,49
606,Sales & Marketing,region_15,Bachelors,f,sourcing,1,30,3.0,2,1,0,52
36677,Technology,region_2,Bachelors,m,other,1,25,,1,0,0,81
5551,HR,region_29,Bachelors,m,other,1,35,5.0,10,1,0,49
74867,Analytics,region_31,,m,other,1,31,3.0,2,0,0,85
11959,Sales & Marketing,region_22,Masters & above,m,other,2,47,1.0,6,0,0,50
7407,Procurement,region_2,Below Secondary,m,sourcing,1,22,,1,0,0,68
11367,Sales & Marketing,region_31,Bachelors,m,sourcing,1,39,4.0,9,0,0,47
63289,Operations,region_7,Masters & above,m,sourcing,3,40,3.0,5,0,0,63
27873,Operations,region_2,Bachelors,m,sourcing,2,32,4.0,9,1,0,60
67480,Sales & Marketing,region_16,Masters & above,f,other,1,35,5.0,7,1,0,44
9617,Sales & Marketing,region_7,Masters & above,m,sourcing,2,36,3.0,4,0,0,49
20540,Operations,region_19,Masters & above,m,other,1,38,5.0,4,1,0,61
75433,Operations,region_27,Bachelors,m,other,1,51,3.0,6,0,0,53
47133,Technology,region_26,Bachelors,m,other,1,32,3.0,4,0,0,76
5964,Analytics,region_7,Masters & above,m,other,1,36,5.0,3,1,0,84
74771,Analytics,region_2,Bachelors,f,other,1,29,,1,0,0,85
10781,Sales & Marketing,region_4,Bachelors,f,other,1,29,1.0,6,0,0,55
71750,HR,region_7,Masters & above,m,other,1,42,3.0,6,0,0,46
40657,Analytics,region_28,Bachelors,m,other,4,28,3.0,2,0,0,88
21110,Procurement,region_22,Masters & above,m,other,1,39,4.0,13,0,0,72
74093,Operations,region_4,Masters & above,m,other,2,47,1.0,18,0,0,61
22557,Procurement,region_4,Masters & above,f,other,1,35,5.0,3,1,0,74
39219,Operations,region_15,Bachelors,m,other,1,34,3.0,6,0,0,64
63826,Operations,region_4,Bachelors,m,sourcing,1,25,4.0,2,1,0,58
26935,Procurement,region_2,Bachelors,f,other,2,34,3.0,7,0,0,70
36873,Technology,region_2,Bachelors,m,sourcing,1,30,1.0,2,0,0,80
19821,Technology,region_2,Masters & above,m,other,1,58,4.0,13,1,0,83
50396,Procurement,region_13,Bachelors,m,sourcing,3,28,3.0,4,0,0,64
68841,Analytics,region_22,Bachelors,m,sourcing,1,27,5.0,2,1,0,88
23116,Operations,region_1,Masters & above,m,other,1,36,3.0,7,0,0,62
1243,Technology,region_22,Bachelors,m,referred,2,31,5.0,4,0,0,82
30825,Technology,region_13,Bachelors,f,sourcing,1,31,3.0,3,0,0,80
56053,Analytics,region_22,Bachelors,m,other,1,27,2.0,3,1,0,84
62683,Operations,region_27,Bachelors,m,sourcing,1,37,3.0,5,0,0,57
12880,Technology,region_6,Bachelors,f,other,1,28,,1,0,0,78
12892,Sales & Marketing,region_25,Masters & above,m,sourcing,1,35,4.0,8,0,0,45
16798,Sales & Marketing,region_33,Bachelors,m,other,1,39,3.0,5,0,0,50
31289,Sales & Marketing,region_2,Masters & above,m,other,1,36,1.0,5,1,0,51
24827,Sales & Marketing,region_3,Bachelors,m,sourcing,1,28,4.0,3,0,0,47
6695,Sales & Marketing,region_4,Masters & above,f,sourcing,1,36,5.0,4,0,0,48
48402,Operations,region_25,Bachelors,m,other,1,32,3.0,8,0,0,63
65552,Sales & Marketing,region_2,Bachelors,m,other,1,30,5.0,8,1,0,50
60775,Sales & Marketing,region_25,Masters & above,m,other,3,34,3.0,6,0,0,52
30976,Sales & Marketing,region_25,Masters & above,m,other,2,32,1.0,7,0,0,50
50036,Technology,region_22,Bachelors,m,other,2,28,3.0,2,0,0,81
27541,Procurement,region_7,Bachelors,m,other,1,38,3.0,5,1,0,65
10860,R&D,region_7,Bachelors,m,other,1,32,3.0,2,1,0,85
77271,Sales & Marketing,region_12,Bachelors,f,sourcing,1,27,,1,1,0,49
66392,Sales & Marketing,region_1,Masters & above,m,other,1,37,1.0,3,0,0,50
20134,Operations,region_13,Bachelors,m,other,1,33,3.0,6,0,0,58
57338,Sales & Marketing,region_13,Bachelors,m,other,1,29,4.0,7,0,0,50
18862,Technology,region_1,Masters & above,m,other,2,37,4.0,5,0,0,80
8693,Sales & Marketing,region_31,Bachelors,f,sourcing,1,30,3.0,3,0,0,50
69243,Sales & Marketing,region_3,Bachelors,m,sourcing,1,38,1.0,6,1,0,46
57648,Operations,region_2,Bachelors,m,sourcing,1,20,4.0,2,0,0,56
38320,Legal,region_27,Bachelors,f,sourcing,3,26,5.0,2,1,0,64
4841,HR,region_16,Bachelors,f,sourcing,1,31,4.0,7,0,0,52
45251,Procurement,region_5,Bachelors,f,sourcing,2,30,2.0,4,0,0,65
40140,Technology,region_2,Bachelors,m,other,1,38,2.0,12,0,0,79
49981,Sales & Marketing,region_22,Bachelors,f,sourcing,1,25,3.0,2,0,0,51
5778,Sales & Marketing,region_2,Bachelors,f,other,2,27,1.0,1,0,0,47
48577,Procurement,region_2,Bachelors,m,sourcing,1,30,2.0,5,0,0,66
37428,Sales & Marketing,region_3,Bachelors,m,other,1,32,5.0,3,1,0,51
9780,Sales & Marketing,region_28,,m,other,1,27,,1,0,0,44
66600,Technology,region_13,Bachelors,f,other,1,34,3.0,2,0,0,72
34170,Operations,region_22,Masters & above,m,sourcing,2,35,5.0,6,1,0,57
63364,Legal,region_27,Bachelors,m,sourcing,1,35,2.0,9,0,0,61
8779,Sales & Marketing,region_17,Bachelors,m,sourcing,1,39,4.0,12,1,0,51
42708,R&D,region_27,Bachelors,m,sourcing,1,34,5.0,6,1,0,82
4779,Technology,region_5,Masters & above,m,other,1,46,1.0,7,0,0,78
7835,Procurement,region_14,Bachelors,f,other,1,35,3.0,4,0,0,66
10203,Technology,region_24,Bachelors,f,sourcing,1,31,1.0,6,0,0,80
20522,Sales & Marketing,region_2,Masters & above,m,other,1,35,5.0,7,1,0,48
12803,Operations,region_22,Bachelors,f,other,1,32,4.0,8,0,0,60
2008,Sales & Marketing,region_13,Masters & above,m,other,1,36,1.0,10,0,0,48
73581,Operations,region_23,Masters & above,f,sourcing,1,40,3.0,3,1,1,58
52125,Analytics,region_2,Bachelors,m,other,1,51,4.0,9,0,0,86
54684,Operations,region_26,Bachelors,f,sourcing,1,31,4.0,4,0,0,61
64753,Analytics,region_22,Bachelors,m,sourcing,1,26,4.0,4,0,0,87
31241,Sales & Marketing,region_2,Masters & above,m,referred,1,32,5.0,8,1,1,93
73870,Sales & Marketing,region_7,Bachelors,m,other,1,24,4.0,2,0,0,50
66423,Operations,region_31,Bachelors,f,sourcing,1,39,5.0,13,1,0,62
16371,Operations,region_22,Bachelors,m,sourcing,1,34,5.0,9,0,0,81
75082,Sales & Marketing,region_12,Bachelors,f,other,1,27,2.0,2,1,0,46
11232,Sales & Marketing,region_27,Bachelors,m,sourcing,1,30,3.0,7,1,0,46
28949,Operations,region_15,Bachelors,f,other,1,29,4.0,1,0,0,61
66943,R&D,region_22,Bachelors,m,other,1,28,4.0,3,1,0,87
76067,R&D,region_26,Masters & above,m,sourcing,1,31,3.0,3,0,0,84
74868,HR,region_22,Masters & above,f,sourcing,1,32,2.0,6,0,0,48
70355,Sales & Marketing,region_22,Bachelors,m,other,1,25,4.0,3,1,0,50
2028,Finance,region_14,Bachelors,m,other,2,31,2.0,3,0,0,65
58524,Operations,region_22,Bachelors,m,sourcing,2,25,,1,0,0,61
64854,Sales & Marketing,region_34,Bachelors,f,sourcing,1,31,1.0,7,0,0,50
19690,Operations,region_25,Bachelors,m,other,2,28,,1,1,0,58
11894,Operations,region_34,Bachelors,m,other,1,36,5.0,4,1,0,58
62714,Operations,region_26,Masters & above,f,sourcing,1,33,5.0,4,1,0,58
20139,Technology,region_19,Bachelors,m,other,1,34,3.0,5,0,0,81
28129,Technology,region_2,Bachelors,f,sourcing,2,26,3.0,4,0,0,73
27781,Analytics,region_22,Bachelors,m,sourcing,1,29,4.0,4,0,0,85
26908,Sales & Marketing,region_20,Masters & above,m,sourcing,1,43,2.0,4,0,0,54
1521,Procurement,region_15,Bachelors,f,other,1,32,4.0,5,0,0,68
5209,Sales & Marketing,region_2,Masters & above,f,sourcing,1,54,1.0,4,0,0,53
60352,Operations,region_19,Bachelors,m,sourcing,1,37,4.0,7,1,0,58
43853,Operations,region_22,Bachelors,f,other,1,42,2.0,15,0,0,62
19019,R&D,region_22,Bachelors,m,other,1,26,3.0,2,1,0,78
13048,Sales & Marketing,region_2,Masters & above,m,sourcing,1,44,3.0,7,0,0,54
64625,HR,region_2,Below Secondary,m,sourcing,1,21,5.0,2,1,0,49
20520,Sales & Marketing,region_26,Bachelors,m,other,1,34,4.0,4,0,0,52
22971,HR,region_7,Below Secondary,f,other,1,24,,1,0,0,46
7242,Technology,region_7,Bachelors,f,sourcing,1,46,1.0,18,0,0,80
24479,Technology,region_2,Bachelors,m,sourcing,1,23,1.0,2,0,0,82
22030,Sales & Marketing,region_11,Bachelors,m,other,1,47,1.0,4,0,0,50
33674,Sales & Marketing,region_7,Masters & above,f,sourcing,1,32,5.0,7,1,0,53
10435,Analytics,region_5,Bachelors,m,other,1,31,2.0,8,0,0,86
75127,Sales & Marketing,region_16,Bachelors,m,sourcing,1,51,3.0,23,0,0,48
26280,Operations,region_22,Masters & above,m,other,3,38,3.0,4,1,0,64
55807,Procurement,region_26,Bachelors,f,other,1,37,3.0,7,1,0,70
29747,Technology,region_17,Bachelors,m,other,1,25,,1,0,0,76
459,Operations,region_8,Bachelors,f,sourcing,1,28,5.0,4,1,0,57
25715,Analytics,region_22,Bachelors,f,other,1,28,,1,1,1,86
63199,Procurement,region_2,Bachelors,f,other,1,35,3.0,8,1,0,71
64471,Operations,region_4,Masters & above,m,other,1,47,3.0,6,1,0,58
4876,Finance,region_15,Bachelors,f,sourcing,1,29,1.0,4,0,0,59
35958,Operations,region_31,Bachelors,f,other,1,33,4.0,5,1,0,63
17674,HR,region_22,Masters & above,f,sourcing,1,31,3.0,6,0,0,45
2975,Analytics,region_22,Masters & above,m,sourcing,1,31,5.0,7,0,0,81
64072,Operations,region_2,Bachelors,f,other,3,30,,1,1,0,62
921,Sales & Marketing,region_6,Bachelors,m,sourcing,1,29,4.0,5,0,0,48
12535,Operations,region_11,Bachelors,f,other,1,34,5.0,6,1,0,57
30668,Technology,region_7,Bachelors,f,sourcing,1,40,3.0,4,0,0,81
48417,Operations,region_15,Bachelors,m,sourcing,1,29,3.0,7,0,0,58
31094,Procurement,region_2,Bachelors,f,other,1,45,1.0,15,0,1,74
51390,Technology,region_7,Bachelors,m,other,1,29,4.0,3,1,0,83
50681,Sales & Marketing,region_4,Bachelors,m,sourcing,1,39,1.0,2,0,0,47
1319,Procurement,region_2,Below Secondary,m,sourcing,2,25,,1,1,0,72
70738,Technology,region_7,Bachelors,f,other,1,42,3.0,5,1,0,80
67910,Sales & Marketing,region_7,Masters & above,m,other,2,32,1.0,9,0,0,43
54082,Sales & Marketing,region_28,Bachelors,m,other,1,28,4.0,5,0,0,50
5808,Analytics,region_27,Bachelors,m,sourcing,1,28,1.0,3,1,0,86
47205,Sales & Marketing,region_4,Bachelors,m,other,1,28,4.0,4,1,0,47
63356,Analytics,region_24,Bachelors,m,other,1,27,1.0,4,0,0,84
40814,Technology,region_31,Bachelors,m,other,1,45,3.0,11,0,0,77
22165,Analytics,region_22,Bachelors,m,other,2,25,,1,1,0,86
28217,Finance,region_2,Bachelors,f,other,2,27,3.0,3,0,0,62
31751,Operations,region_3,Masters & above,m,sourcing,1,32,3.0,5,0,0,63
37200,Operations,region_26,Bachelors,m,other,1,30,4.0,1,0,0,61
36688,Operations,region_2,Masters & above,m,other,1,43,3.0,2,0,0,59
50513,Sales & Marketing,region_7,Masters & above,f,other,1,32,3.0,5,1,0,44
37586,Procurement,region_7,Bachelors,f,other,2,32,5.0,6,1,0,68
18911,Sales & Marketing,region_4,Masters & above,m,sourcing,1,52,5.0,2,0,0,62
28189,Analytics,region_20,Bachelors,m,other,2,34,3.0,5,0,0,88
51099,Analytics,region_21,Bachelors,m,other,1,44,3.0,2,0,0,85
73299,R&D,region_26,Bachelors,m,other,1,34,2.0,4,1,0,84
25567,Finance,region_13,Bachelors,f,sourcing,1,34,3.0,7,0,0,57
28969,Technology,region_7,Bachelors,m,other,1,30,4.0,7,0,0,77
40769,Procurement,region_31,Bachelors,f,sourcing,2,24,,1,1,0,69
64344,Technology,region_34,Bachelors,m,other,1,31,3.0,5,0,0,81
2228,Technology,region_28,Bachelors,f,other,1,26,1.0,3,0,0,77
62391,Operations,region_7,Masters & above,m,other,2,35,3.0,7,0,0,75
48844,Sales & Marketing,region_13,Bachelors,f,sourcing,1,30,1.0,5,1,0,47
5824,Procurement,region_31,Masters & above,m,sourcing,1,39,3.0,10,0,0,68
63701,Sales & Marketing,region_4,Masters & above,f,sourcing,1,33,1.0,5,0,0,47
2398,Sales & Marketing,region_13,Bachelors,m,sourcing,1,40,3.0,7,0,0,52
59916,Analytics,region_7,Bachelors,m,sourcing,2,32,5.0,6,1,0,87
39830,Finance,region_15,Bachelors,m,other,3,29,,1,0,0,60
41417,Sales & Marketing,region_22,Bachelors,m,other,1,30,4.0,3,1,1,50
23352,Sales & Marketing,region_29,Bachelors,m,other,1,29,3.0,5,0,0,50
21937,Sales & Marketing,region_28,Bachelors,f,other,1,32,2.0,2,1,0,49
49723,Operations,region_22,Bachelors,f,sourcing,1,28,,1,1,0,58
50142,Sales & Marketing,region_28,Bachelors,f,other,1,26,5.0,2,0,0,53
68929,Operations,region_15,Masters & above,f,sourcing,1,39,2.0,6,0,0,63
28880,Operations,region_27,Bachelors,m,other,1,28,3.0,5,0,0,53
63996,Sales & Marketing,region_16,,m,other,1,31,4.0,4,0,0,51
66870,Analytics,region_26,Bachelors,m,other,1,24,,1,0,0,79
23893,Sales & Marketing,region_2,Bachelors,m,other,1,51,4.0,9,0,0,51
27933,Operations,region_22,Bachelors,m,referred,1,33,3.0,5,0,0,61
36823,HR,region_2,Below Secondary,m,other,1,22,,1,0,0,55
56784,Technology,region_2,Bachelors,m,other,1,32,4.0,3,1,0,80
42995,HR,region_22,Bachelors,m,other,1,30,,1,0,0,49
2897,Sales & Marketing,region_2,,m,sourcing,1,32,2.0,3,0,0,52
11523,Operations,region_4,Masters & above,m,sourcing,1,32,4.0,5,1,0,57
69557,Analytics,region_22,Bachelors,m,other,3,28,3.0,7,0,0,85
28737,HR,region_22,Masters & above,m,other,1,39,3.0,4,0,0,46
18066,Sales & Marketing,region_21,Masters & above,m,sourcing,2,35,3.0,4,0,0,50
47437,Sales & Marketing,region_4,Masters & above,m,other,2,50,4.0,16,0,0,51
18816,Sales & Marketing,region_10,Masters & above,m,sourcing,1,38,3.0,6,0,0,43
18570,Analytics,region_3,Bachelors,m,sourcing,1,32,5.0,5,1,1,85
50866,Operations,region_32,Bachelors,f,other,1,32,2.0,2,1,0,62
72904,HR,region_19,Bachelors,m,sourcing,1,33,3.0,5,0,0,54
49029,Operations,region_4,Masters & above,m,other,1,35,4.0,5,0,0,60
73475,Finance,region_2,Bachelors,f,other,1,29,,1,0,0,64
66654,Finance,region_26,Bachelors,m,sourcing,1,31,,1,0,0,57
45722,Procurement,region_2,Bachelors,m,sourcing,1,41,2.0,6,1,0,63
22348,Technology,region_2,Bachelors,f,sourcing,3,42,4.0,5,1,0,78
64742,Sales & Marketing,region_2,Masters & above,m,other,2,60,3.0,8,1,0,44
5809,Operations,region_2,Bachelors,m,other,1,58,3.0,26,1,0,64
67864,Operations,region_2,Bachelors,m,other,1,32,5.0,6,1,0,60
16287,Procurement,region_22,Bachelors,m,other,2,29,1.0,2,0,0,70
71272,Analytics,region_2,Masters & above,m,other,2,40,2.0,7,0,0,81
54291,Technology,region_2,Masters & above,m,sourcing,1,48,1.0,14,0,0,78
8341,Sales & Marketing,region_8,Bachelors,m,other,1,34,3.0,9,0,0,50
5320,Sales & Marketing,region_16,Bachelors,m,other,1,29,1.0,3,0,0,46
4452,Procurement,region_7,Masters & above,m,sourcing,1,48,4.0,4,0,0,72
5631,Procurement,region_10,Masters & above,m,other,1,39,5.0,4,0,1,89
21702,HR,region_2,Bachelors,m,sourcing,1,46,3.0,6,0,0,41
77540,R&D,region_4,Masters & above,m,sourcing,1,34,5.0,10,1,0,83
29159,Sales & Marketing,region_28,Bachelors,f,sourcing,1,31,3.0,7,0,0,49
32088,Sales & Marketing,region_13,,m,other,1,25,3.0,2,0,0,52
49079,Procurement,region_22,Bachelors,m,other,1,35,5.0,8,0,0,65
72672,Operations,region_15,Masters & above,f,other,1,30,3.0,8,1,0,56
17269,Procurement,region_2,,f,other,2,40,3.0,8,0,0,68
18893,Technology,region_26,Masters & above,m,sourcing,1,41,3.0,12,1,0,78
59509,Sales & Marketing,region_26,Masters & above,m,other,2,32,3.0,6,0,0,50
69012,Sales & Marketing,region_15,Bachelors,m,other,1,30,5.0,2,0,0,53
44159,Analytics,region_22,Masters & above,m,other,1,31,,1,1,0,84
53520,Operations,region_4,Bachelors,m,sourcing,1,29,3.0,3,0,0,57
51684,Legal,region_2,Bachelors,m,other,1,26,,1,0,0,63
60260,Sales & Marketing,region_5,Masters & above,m,other,1,32,5.0,4,0,0,51
4422,Sales & Marketing,region_2,Bachelors,f,sourcing,3,25,3.0,3,0,0,46
12489,Procurement,region_22,Masters & above,m,other,1,47,5.0,16,1,0,70
78121,Operations,region_2,Bachelors,m,sourcing,1,24,,1,0,0,61
69365,Analytics,region_31,Bachelors,m,other,1,43,3.0,17,0,0,86
7157,HR,region_32,Bachelors,m,sourcing,1,30,3.0,3,1,0,46
75632,Sales & Marketing,region_7,Bachelors,m,other,1,43,1.0,10,0,0,46
18021,Operations,region_26,Bachelors,m,other,1,30,4.0,2,0,0,60
20071,Sales & Marketing,region_22,Bachelors,m,other,1,30,5.0,3,0,0,45
27403,Sales & Marketing,region_19,Bachelors,m,sourcing,1,43,5.0,3,0,0,51
61026,R&D,region_26,Bachelors,m,sourcing,2,31,5.0,4,1,0,84
50430,Finance,region_2,Bachelors,m,sourcing,1,30,5.0,4,0,0,63
8540,Sales & Marketing,region_15,Bachelors,m,sourcing,1,30,4.0,5,0,0,50
53386,Sales & Marketing,region_22,Bachelors,f,sourcing,2,28,4.0,4,0,0,49
74398,Sales & Marketing,region_19,Bachelors,m,sourcing,1,42,5.0,13,0,0,48
47856,Procurement,region_2,Below Secondary,m,other,2,20,5.0,2,0,0,65
17568,Technology,region_10,Masters & above,f,other,2,34,5.0,8,0,0,78
69240,Operations,region_2,Masters & above,m,sourcing,1,46,5.0,8,1,0,57
47269,Operations,region_21,Bachelors,m,sourcing,1,27,1.0,3,0,0,60
40381,Operations,region_7,Bachelors,f,other,1,42,4.0,4,0,0,63
73677,Procurement,region_34,Bachelors,m,other,1,27,2.0,4,0,0,71
58805,Procurement,region_2,Masters & above,f,other,1,49,3.0,6,0,0,68
3727,Technology,region_2,Masters & above,m,other,2,51,3.0,22,0,0,80
24165,Analytics,region_32,Bachelors,m,sourcing,1,27,,1,0,0,90
48536,Finance,region_26,Bachelors,m,sourcing,1,26,1.0,3,0,0,59
77053,Operations,region_4,Masters & above,m,sourcing,1,46,3.0,14,0,0,62
48294,Legal,region_22,Bachelors,m,other,1,28,4.0,3,0,0,61
68357,Technology,region_4,Bachelors,f,other,1,30,3.0,3,0,0,77
14401,HR,region_2,Masters & above,f,other,1,46,3.0,10,0,0,47
24673,Procurement,region_15,Masters & above,f,sourcing,1,45,3.0,4,0,0,74
43387,Sales & Marketing,region_4,Masters & above,f,other,1,31,4.0,5,0,0,52
51102,Sales & Marketing,region_27,Bachelors,m,sourcing,1,30,5.0,5,0,0,44
49023,Operations,region_22,Bachelors,m,sourcing,1,29,3.0,5,1,0,62
33626,Operations,region_17,Masters & above,m,sourcing,1,39,2.0,3,0,0,54
3592,Sales & Marketing,region_22,Bachelors,m,sourcing,1,29,2.0,2,0,0,54
52068,Sales & Marketing,region_16,Masters & above,m,other,1,41,2.0,10,0,0,47
65721,Technology,region_13,Bachelors,m,other,1,40,4.0,4,0,0,75
19889,Procurement,region_15,Masters & above,f,other,1,41,3.0,5,0,0,73
72592,HR,region_22,Bachelors,m,sourcing,1,30,2.0,5,0,0,48
39179,Analytics,region_19,Bachelors,m,other,1,31,3.0,5,0,0,91
77440,Sales & Marketing,region_32,Bachelors,m,other,1,30,3.0,3,0,0,51
25939,Sales & Marketing,region_27,Bachelors,m,sourcing,3,29,5.0,2,1,0,47
1923,Operations,region_2,Masters & above,m,other,1,43,4.0,4,1,0,49
49399,Procurement,region_13,Masters & above,f,other,1,45,5.0,3,1,1,66
53450,Sales & Marketing,region_31,Masters & above,m,other,1,40,5.0,7,1,0,46
4202,Operations,region_16,Bachelors,m,other,2,32,4.0,3,1,0,59
28132,Analytics,region_2,Masters & above,m,other,1,43,4.0,14,0,0,82
41014,Sales & Marketing,region_2,Bachelors,m,other,1,37,5.0,4,1,0,45
23559,Procurement,region_2,Masters & above,f,other,1,40,,1,1,0,76
8323,Technology,region_2,Bachelors,f,sourcing,1,29,3.0,3,0,0,79
31095,Operations,region_15,Bachelors,f,other,1,35,5.0,7,1,0,60
11466,Operations,region_2,Below Secondary,m,sourcing,1,22,5.0,2,1,0,62
57409,Operations,region_27,Bachelors,f,other,3,32,5.0,7,1,0,56
12954,Operations,region_31,Bachelors,m,sourcing,1,32,3.0,5,1,0,62
4088,Procurement,region_2,Bachelors,m,sourcing,4,29,1.0,3,0,0,71
74285,Procurement,region_22,Bachelors,m,other,1,33,5.0,2,1,0,72
15038,Sales & Marketing,region_13,Bachelors,f,other,1,35,1.0,6,0,0,51
57239,Sales & Marketing,region_31,Bachelors,m,other,1,42,3.0,10,0,0,53
72724,Sales & Marketing,region_28,Bachelors,m,sourcing,1,26,1.0,4,0,0,51
70892,Finance,region_26,Bachelors,m,sourcing,1,38,3.0,7,0,0,62
6049,Sales & Marketing,region_25,,m,sourcing,1,26,,1,1,0,49
48971,Technology,region_27,Bachelors,m,other,1,26,5.0,2,1,1,84
1819,Operations,region_26,Bachelors,m,other,1,31,5.0,4,0,0,56
30730,Operations,region_7,Masters & above,m,other,1,40,4.0,10,1,0,59
30364,Finance,region_2,Bachelors,f,sourcing,1,33,3.0,2,1,0,57
10107,Analytics,region_22,Masters & above,m,other,2,37,1.0,2,0,0,82
52597,Technology,region_7,Bachelors,m,sourcing,1,32,2.0,5,0,0,79
40718,Sales & Marketing,region_19,Bachelors,m,sourcing,1,35,1.0,8,0,0,48
39877,Technology,region_13,Below Secondary,m,sourcing,2,23,5.0,2,0,0,92
70617,Operations,region_2,Bachelors,f,other,1,33,5.0,2,1,0,63
47912,Sales & Marketing,region_15,,m,other,1,35,4.0,7,0,0,49
8004,Finance,region_2,Bachelors,m,other,1,54,3.0,16,0,0,60
7768,Procurement,region_2,Masters & above,m,other,1,47,2.0,6,0,0,71
1400,Sales & Marketing,region_13,Bachelors,m,other,1,54,5.0,13,0,0,50
76077,Technology,region_2,Masters & above,f,sourcing,1,52,1.0,7,0,0,81
68327,Operations,region_16,Masters & above,f,sourcing,1,46,5.0,15,1,0,61
9042,Analytics,region_32,Bachelors,m,sourcing,2,36,4.0,8,0,0,85
33623,Analytics,region_7,Bachelors,m,sourcing,2,30,,1,0,0,86
11254,Finance,region_32,Bachelors,m,sourcing,1,34,1.0,4,0,0,57
71437,Operations,region_2,Bachelors,f,other,1,54,4.0,10,1,0,58
6117,Analytics,region_25,Bachelors,m,sourcing,2,28,4.0,3,1,0,85
68150,Operations,region_28,Bachelors,f,sourcing,2,26,3.0,2,1,0,60
31642,Sales & Marketing,region_4,Bachelors,m,other,1,30,2.0,7,0,0,51
71369,Operations,region_2,Bachelors,m,other,1,32,2.0,8,0,0,59
41534,Procurement,region_27,Masters & above,f,sourcing,1,40,1.0,9,0,0,70
76101,Operations,region_2,Bachelors,f,sourcing,1,41,5.0,13,0,0,64
10998,Operations,region_2,Bachelors,f,other,1,46,4.0,5,1,0,58
3455,Sales & Marketing,region_4,Bachelors,m,other,1,44,5.0,6,0,0,50
74908,Sales & Marketing,region_4,Masters & above,m,other,1,43,3.0,17,0,0,51
7232,Sales & Marketing,region_11,Bachelors,m,other,1,32,5.0,2,0,0,48
24073,Procurement,region_2,Masters & above,m,other,1,37,3.0,11,0,0,72
70383,Operations,region_32,Bachelors,m,other,1,40,2.0,6,1,0,62
23875,Operations,region_16,Bachelors,f,other,1,40,4.0,3,0,0,59
9274,Technology,region_13,Masters & above,m,other,1,43,5.0,14,1,0,83
35872,Sales & Marketing,region_4,Masters & above,f,other,1,34,1.0,7,0,0,50
60368,Technology,region_27,Below Secondary,m,other,3,23,5.0,2,1,0,76
13471,R&D,region_4,Bachelors,m,sourcing,3,32,4.0,3,1,0,89
59155,Operations,region_21,Bachelors,f,other,1,40,5.0,11,1,0,63
10090,Sales & Marketing,region_15,Masters & above,m,other,1,38,2.0,10,0,0,51
75779,HR,region_22,Bachelors,m,sourcing,1,27,4.0,2,0,0,54
19073,Technology,region_2,Masters & above,f,other,1,47,1.0,3,0,0,78
12530,Sales & Marketing,region_13,Masters & above,m,other,2,33,5.0,3,1,0,50
24018,Technology,region_11,Bachelors,f,other,1,29,4.0,3,0,0,79
34063,Sales & Marketing,region_32,Bachelors,m,other,4,32,3.0,6,0,0,47
9363,Sales & Marketing,region_22,Bachelors,m,other,1,35,2.0,3,0,0,46
44424,Operations,region_4,Masters & above,f,other,1,35,5.0,9,1,0,58
14096,Operations,region_5,Bachelors,f,sourcing,1,25,3.0,3,0,0,61
8623,Sales & Marketing,region_31,Bachelors,m,sourcing,1,34,1.0,10,0,0,44
35796,Operations,region_32,Bachelors,m,other,1,30,3.0,5,1,0,55
32954,Technology,region_7,Bachelors,m,other,4,33,1.0,7,0,0,76
64343,Sales & Marketing,region_15,Bachelors,f,sourcing,1,31,5.0,5,1,0,50
19375,Operations,region_22,Masters & above,m,other,1,36,5.0,3,1,0,56
35972,HR,region_23,Bachelors,m,sourcing,1,35,3.0,5,1,0,47
59042,Sales & Marketing,region_2,Bachelors,m,sourcing,1,37,4.0,10,1,0,46
23589,Technology,region_27,Bachelors,f,sourcing,1,28,1.0,2,0,0,80
8157,Sales & Marketing,region_25,,m,other,1,27,5.0,6,0,0,52
3191,Operations,region_14,Bachelors,m,other,1,34,3.0,7,1,0,63
67621,Sales & Marketing,region_31,Masters & above,m,sourcing,2,45,3.0,14,0,0,50
34151,Analytics,region_27,Masters & above,m,other,1,43,5.0,3,1,0,83
72010,Sales & Marketing,region_13,Bachelors,m,other,1,37,4.0,7,1,0,48
435,Legal,region_22,Bachelors,m,sourcing,1,29,3.0,5,1,0,57
51209,Sales & Marketing,region_8,Bachelors,m,sourcing,1,30,2.0,4,0,0,47
73855,Operations,region_15,Bachelors,m,other,2,40,5.0,7,1,0,57
66508,Procurement,region_2,Masters & above,f,other,1,54,3.0,11,0,0,70
15347,Sales & Marketing,region_34,Bachelors,f,other,1,31,3.0,4,0,0,48
62601,Sales & Marketing,region_26,Bachelors,m,other,1,35,3.0,3,0,0,49
37197,Sales & Marketing,region_9,Bachelors,m,other,1,24,3.0,3,0,0,45
5739,Sales & Marketing,region_13,Bachelors,m,sourcing,1,39,5.0,2,1,0,51
51713,Sales & Marketing,region_15,Bachelors,m,other,1,46,2.0,11,0,0,49
43409,Technology,region_17,Masters & above,f,sourcing,2,36,3.0,2,0,0,80
54941,Analytics,region_17,Bachelors,m,other,1,30,5.0,3,0,0,85
48255,Analytics,region_31,,m,other,2,30,1.0,3,0,0,81
16729,Sales & Marketing,region_22,Masters & above,m,other,2,28,,1,0,0,48
44838,Sales & Marketing,region_2,,f,sourcing,1,53,2.0,6,0,0,48
56303,Analytics,region_15,Bachelors,m,sourcing,1,35,3.0,4,0,0,86
18271,Sales & Marketing,region_7,Bachelors,m,other,1,35,4.0,2,0,0,51
59642,Procurement,region_2,Bachelors,f,sourcing,1,30,3.0,7,1,0,67
44216,Sales & Marketing,region_31,Bachelors,m,other,1,23,,1,0,0,53
73019,Sales & Marketing,region_20,Bachelors,m,sourcing,1,38,3.0,12,0,0,49
57229,Sales & Marketing,region_26,Bachelors,f,sourcing,2,28,1.0,3,0,0,50
30684,Sales & Marketing,region_2,Masters & above,f,other,2,38,1.0,7,0,0,48
24232,Technology,region_15,Bachelors,f,sourcing,3,34,4.0,7,0,0,77
21852,Analytics,region_28,Masters & above,m,sourcing,1,31,5.0,6,1,0,89
20671,Sales & Marketing,region_7,Bachelors,m,sourcing,1,28,,1,0,0,44
39684,Sales & Marketing,region_22,Masters & above,m,other,2,39,1.0,8,0,0,48
55332,Procurement,region_15,Masters & above,m,other,1,34,5.0,7,1,0,70
37462,Operations,region_12,Bachelors,f,other,1,32,3.0,4,0,0,59
11680,Sales & Marketing,region_34,Bachelors,f,sourcing,1,29,3.0,7,0,0,47
19627,Sales & Marketing,region_16,Bachelors,m,other,1,36,3.0,3,0,0,51
16743,Analytics,region_20,Bachelors,m,other,1,29,1.0,4,0,0,80
54303,Operations,region_26,Bachelors,f,other,1,34,3.0,8,0,0,62
49947,Analytics,region_2,Bachelors,m,sourcing,1,27,4.0,4,0,0,87
8977,Technology,region_22,Bachelors,f,other,1,38,3.0,3,1,0,82
59008,Sales & Marketing,region_29,Bachelors,m,sourcing,2,29,3.0,3,0,0,54
45458,Operations,region_8,Bachelors,f,other,1,36,4.0,7,0,0,59
69322,Sales & Marketing,region_31,Bachelors,m,other,4,33,1.0,3,1,0,49
20702,Operations,region_22,Bachelors,m,other,1,41,5.0,11,1,0,61
73957,Analytics,region_15,Bachelors,m,sourcing,1,31,3.0,4,0,0,89
47945,Operations,region_31,Bachelors,f,other,1,39,3.0,10,0,0,56
62208,Sales & Marketing,region_28,Masters & above,m,other,3,35,4.0,10,0,0,50
53083,Analytics,region_28,Bachelors,m,sourcing,1,37,5.0,10,1,0,86
3623,Analytics,region_10,Masters & above,m,other,1,33,4.0,7,1,0,85
55598,Procurement,region_17,Masters & above,f,other,1,43,5.0,4,1,0,62
19556,Analytics,region_20,Bachelors,m,other,1,29,3.0,3,0,0,88
24846,Analytics,region_32,Bachelors,m,other,1,27,,1,0,0,90
5189,Technology,region_2,Masters & above,m,other,1,52,3.0,10,0,0,80
24589,Procurement,region_2,Bachelors,m,sourcing,1,52,5.0,7,1,0,70
46528,Operations,region_32,Bachelors,f,sourcing,1,35,3.0,2,0,0,63
6556,Sales & Marketing,region_15,,f,other,1,32,1.0,7,0,0,51
10077,Sales & Marketing,region_22,Bachelors,m,sourcing,2,31,2.0,3,0,0,46
11593,HR,region_22,Masters & above,m,sourcing,1,38,5.0,12,0,0,50
719,Analytics,region_7,Masters & above,m,sourcing,2,34,3.0,8,0,0,83
66443,Operations,region_12,Bachelors,f,other,1,30,5.0,3,1,0,59
28520,Operations,region_2,Bachelors,m,sourcing,2,34,4.0,6,1,0,59
45182,Legal,region_26,Bachelors,m,other,1,26,5.0,2,0,0,59
76825,Sales & Marketing,region_2,Bachelors,m,sourcing,2,33,3.0,5,0,0,52
67642,Sales & Marketing,region_16,,m,other,1,33,3.0,3,0,0,55
54508,Technology,region_26,Bachelors,f,other,1,26,1.0,4,0,0,82
77694,Sales & Marketing,region_22,,m,other,3,25,1.0,1,0,0,48
63324,R&D,region_22,Bachelors,m,referred,1,28,5.0,5,1,0,88
48235,Procurement,region_6,Bachelors,f,other,3,29,3.0,5,0,0,70
77314,Sales & Marketing,region_22,Masters & above,m,other,1,32,5.0,6,1,0,53
22130,Sales & Marketing,region_2,Bachelors,m,sourcing,1,56,5.0,17,0,0,47
38453,Technology,region_22,Bachelors,m,other,2,30,5.0,2,1,0,80
18633,Sales & Marketing,region_2,,m,other,1,33,1.0,3,0,0,54
29829,Procurement,region_14,Bachelors,f,sourcing,1,31,1.0,4,0,0,69
3698,Operations,region_22,Masters & above,f,other,2,35,3.0,7,0,0,56
33410,Sales & Marketing,region_4,Bachelors,m,sourcing,1,41,4.0,3,0,0,51
56877,R&D,region_2,Bachelors,m,sourcing,1,29,5.0,4,1,0,80
52921,Analytics,region_2,Bachelors,m,sourcing,1,40,1.0,5,0,0,78
59170,Finance,region_2,Masters & above,f,other,1,50,4.0,6,1,0,60
11240,Sales & Marketing,region_16,Bachelors,m,sourcing,1,37,5.0,4,0,0,47
8532,Operations,region_22,Masters & above,m,other,1,39,3.0,7,0,0,55
46300,Analytics,region_19,Bachelors,m,other,1,34,5.0,7,1,0,88
50974,Operations,region_2,Masters & above,f,other,1,37,1.0,10,0,0,59
38808,Sales & Marketing,region_22,Bachelors,m,sourcing,1,30,3.0,7,1,0,47
16876,Technology,region_26,,m,other,2,30,4.0,3,1,0,79
20892,Technology,region_33,Bachelors,f,other,1,30,3.0,8,0,0,78
77324,Procurement,region_4,Masters & above,m,sourcing,1,53,1.0,15,0,0,66
64265,Sales & Marketing,region_13,Bachelors,f,sourcing,3,31,1.0,5,0,0,51
2573,Operations,region_22,Masters & above,m,other,1,31,4.0,4,0,0,58
70708,Sales & Marketing,region_7,Bachelors,m,other,1,44,2.0,14,0,0,46
59654,Sales & Marketing,region_2,Bachelors,m,sourcing,1,39,2.0,7,0,0,50
61646,Sales & Marketing,region_15,Bachelors,m,sourcing,2,38,1.0,2,1,0,53
16331,Sales & Marketing,region_2,,m,other,1,33,3.0,7,0,0,47
17643,Sales & Marketing,region_2,Bachelors,m,other,1,30,4.0,4,1,0,52
69006,Sales & Marketing,region_15,Bachelors,m,sourcing,1,27,3.0,3,0,0,51
19687,Technology,region_5,Bachelors,f,other,1,51,5.0,7,0,0,84
18215,Sales & Marketing,region_24,Bachelors,m,other,1,27,3.0,3,0,0,47
45701,Operations,region_31,Masters & above,m,other,1,55,3.0,17,0,0,67
62231,Sales & Marketing,region_2,,f,sourcing,1,29,,1,0,0,48
16040,Technology,region_7,Bachelors,f,other,1,33,4.0,7,1,0,82
55948,Sales & Marketing,region_30,Bachelors,m,other,1,33,1.0,6,0,0,49
41550,Sales & Marketing,region_20,Bachelors,m,other,1,41,3.0,12,0,0,53
52028,Sales & Marketing,region_7,Masters & above,m,sourcing,1,40,2.0,12,0,0,48
14805,Analytics,region_23,Bachelors,m,other,2,31,3.0,4,0,0,84
30550,Operations,region_3,Masters & above,m,other,1,36,3.0,4,0,0,57
1418,Technology,region_2,,f,other,1,32,3.0,7,0,0,81
73589,Sales & Marketing,region_20,Bachelors,m,sourcing,3,32,4.0,4,0,0,47
68657,Operations,region_22,Bachelors,f,other,1,36,5.0,4,0,1,71
24382,Sales & Marketing,region_13,Bachelors,m,sourcing,1,41,1.0,3,0,0,46
58342,Procurement,region_2,Bachelors,f,other,2,32,3.0,6,0,0,70
61928,Sales & Marketing,region_11,Bachelors,f,other,1,37,4.0,8,0,0,50
32882,Sales & Marketing,region_29,,f,sourcing,1,28,3.0,4,0,0,45
57841,Sales & Marketing,region_15,Bachelors,m,sourcing,4,35,1.0,7,1,1,52
66539,HR,region_2,Masters & above,f,other,1,53,3.0,8,0,0,51
37063,Operations,region_2,Bachelors,f,sourcing,1,27,3.0,3,0,0,59
36770,Technology,region_26,Bachelors,m,sourcing,1,26,3.0,2,0,0,75
77464,Finance,region_7,Below Secondary,m,other,1,24,,1,1,0,64
70904,Sales & Marketing,region_26,Bachelors,f,sourcing,1,32,5.0,7,1,0,43
35129,Sales & Marketing,region_10,Bachelors,m,sourcing,1,34,3.0,7,0,0,51
14816,Analytics,region_28,Masters & above,m,sourcing,3,39,5.0,13,0,0,81
74278,Operations,region_26,Bachelors,m,other,1,29,5.0,4,1,0,64
4448,Operations,region_2,Bachelors,f,sourcing,1,43,3.0,9,0,0,76
41075,Procurement,region_22,Bachelors,m,sourcing,4,31,3.0,2,0,0,68
29031,Legal,region_2,Below Secondary,m,other,1,26,4.0,2,1,0,60
19793,Analytics,region_15,Bachelors,m,other,2,31,4.0,3,0,0,82
30412,Operations,region_20,Bachelors,f,sourcing,1,26,3.0,2,0,0,58
50111,Sales & Marketing,region_2,Bachelors,m,sourcing,1,51,3.0,6,1,1,49
48341,HR,region_2,Bachelors,f,sourcing,1,31,5.0,7,0,0,48
49001,Analytics,region_15,Bachelors,m,other,1,30,3.0,4,1,0,87
5522,Sales & Marketing,region_30,Bachelors,f,sourcing,1,32,1.0,7,0,0,50
31950,Sales & Marketing,region_2,Bachelors,f,other,2,30,,1,0,0,49
46278,Operations,region_2,Masters & above,m,sourcing,2,48,3.0,18,0,0,63
9640,Analytics,region_2,Bachelors,m,other,2,32,2.0,5,0,0,83
13646,Sales & Marketing,region_2,Masters & above,m,referred,1,38,3.0,4,0,0,51
39957,Analytics,region_23,Bachelors,m,other,3,33,3.0,2,0,0,81
883,Sales & Marketing,region_9,Bachelors,m,other,1,30,,1,0,0,45
14550,Operations,region_2,Bachelors,f,sourcing,1,53,3.0,5,1,0,59
56721,Finance,region_4,Bachelors,m,other,1,31,5.0,7,1,0,63
32989,Sales & Marketing,region_22,Masters & above,m,sourcing,1,27,2.0,5,0,0,45
36961,Operations,region_22,Masters & above,f,sourcing,1,41,3.0,6,0,0,58
13809,Sales & Marketing,region_3,Masters & above,m,other,1,41,1.0,7,0,0,51
67142,Sales & Marketing,region_9,Bachelors,m,other,2,35,3.0,7,0,0,50
48176,Technology,region_2,Masters & above,m,other,1,42,3.0,6,0,0,75
61460,HR,region_26,Bachelors,f,sourcing,1,26,5.0,2,0,0,48
10291,Operations,region_13,Masters & above,f,sourcing,1,36,5.0,8,1,0,58
60825,Finance,region_26,Bachelors,m,other,1,30,4.0,6,0,0,67
42145,Analytics,region_22,Bachelors,f,sourcing,1,26,1.0,4,0,0,88
74669,Finance,region_22,Bachelors,m,other,2,27,5.0,4,1,0,56
29512,Procurement,region_2,Below Secondary,f,sourcing,4,22,4.0,2,0,0,70
37048,Sales & Marketing,region_22,Bachelors,m,referred,1,30,4.0,9,1,0,45
34867,Procurement,region_22,Masters & above,m,sourcing,1,38,1.0,7,0,0,69
32831,Operations,region_13,Bachelors,m,other,1,53,3.0,6,0,0,59
38992,Technology,region_2,Masters & above,m,sourcing,3,34,3.0,5,1,0,76
34105,Operations,region_31,Bachelors,m,other,1,38,2.0,4,0,0,56
59204,Sales & Marketing,region_11,Bachelors,m,sourcing,1,28,,1,0,0,52
77156,Technology,region_7,Bachelors,m,other,1,31,4.0,5,0,0,79
4417,Finance,region_15,Bachelors,m,other,2,36,3.0,2,0,0,61
54946,Analytics,region_22,Bachelors,f,other,2,27,5.0,3,1,0,76
77360,Procurement,region_2,Bachelors,m,other,1,60,3.0,15,0,0,70
15956,Sales & Marketing,region_13,Masters & above,m,other,1,41,3.0,8,0,0,53
11592,Sales & Marketing,region_14,Bachelors,f,other,1,40,1.0,12,0,0,53
52831,Procurement,region_26,Bachelors,m,sourcing,1,40,4.0,11,1,0,68
65710,Analytics,region_26,Bachelors,m,other,2,27,,1,0,0,84
59100,Operations,region_19,Bachelors,m,other,1,34,4.0,7,0,0,55
47785,Technology,region_2,Bachelors,m,other,2,49,2.0,18,0,0,91
8598,Sales & Marketing,region_4,Masters & above,m,sourcing,1,50,5.0,18,1,0,53
12365,Operations,region_22,Bachelors,m,sourcing,1,35,5.0,8,0,0,57
35302,HR,region_28,Masters & above,m,other,1,35,5.0,4,0,0,51
25805,Operations,region_22,Bachelors,m,other,1,26,,1,0,0,62
53973,Sales & Marketing,region_12,Bachelors,m,sourcing,1,33,,1,0,0,52
62036,Operations,region_8,Bachelors,f,other,1,33,5.0,2,1,1,63
14945,Operations,region_13,Bachelors,m,sourcing,1,40,3.0,6,0,0,58
40000,Procurement,region_22,Bachelors,m,other,2,28,4.0,4,1,0,71
12198,Procurement,region_13,Bachelors,m,other,2,53,5.0,15,0,0,73
69099,Analytics,region_2,Bachelors,m,other,2,29,2.0,5,1,0,83
57508,HR,region_2,Bachelors,f,sourcing,1,28,3.0,2,0,0,48
47509,Analytics,region_4,Masters & above,m,other,1,36,4.0,8,1,0,79
73854,Finance,region_7,Bachelors,m,sourcing,1,34,5.0,3,1,0,64
4198,Procurement,region_26,Masters & above,f,other,1,48,4.0,18,0,0,65
61475,HR,region_2,Bachelors,m,sourcing,1,33,5.0,4,0,0,48
71908,Sales & Marketing,region_12,Bachelors,m,other,1,26,,1,1,0,49
8656,Operations,region_15,Masters & above,f,other,1,36,5.0,8,1,0,63
1031,Operations,region_32,Bachelors,f,other,1,27,1.0,2,0,0,59
77341,Sales & Marketing,region_26,,m,other,2,31,3.0,4,0,0,52
17763,Operations,region_15,Masters & above,m,other,1,51,5.0,3,0,0,58
71458,Sales & Marketing,region_11,Bachelors,m,sourcing,1,35,5.0,3,0,0,50
26209,HR,region_20,Bachelors,f,other,1,27,3.0,4,0,0,46
62029,Sales & Marketing,region_6,Bachelors,f,sourcing,1,27,4.0,3,1,0,51
4630,Technology,region_2,Bachelors,m,sourcing,1,26,3.0,5,0,0,76
27418,Technology,region_2,Bachelors,f,sourcing,1,30,3.0,4,0,0,77
52598,Sales & Marketing,region_19,Bachelors,m,sourcing,1,31,3.0,5,0,0,47
75948,Analytics,region_28,Masters & above,m,other,1,33,5.0,8,1,0,83
9379,Sales & Marketing,region_17,Bachelors,m,other,1,29,4.0,3,0,1,46
66084,Sales & Marketing,region_16,Bachelors,f,other,1,31,5.0,2,0,0,45
71823,Sales & Marketing,region_15,Bachelors,f,sourcing,1,27,3.0,4,0,0,50
60401,HR,region_2,Masters & above,f,other,1,59,3.0,19,0,0,50
59674,Technology,region_7,Masters & above,f,other,1,32,3.0,5,0,0,83
12095,Sales & Marketing,region_9,Masters & above,f,other,1,33,1.0,2,0,0,51
52351,Sales & Marketing,region_19,Bachelors,m,sourcing,2,38,1.0,5,0,0,48
66788,Sales & Marketing,region_15,,m,other,1,26,,1,0,0,49
49966,Finance,region_2,Bachelors,m,other,3,41,3.0,15,0,0,57
6674,Sales & Marketing,region_3,Bachelors,m,other,1,38,3.0,7,0,0,51
56797,Legal,region_11,Bachelors,m,sourcing,1,37,5.0,3,1,0,56
34987,Sales & Marketing,region_7,Bachelors,m,other,2,34,5.0,4,1,0,54
1746,Analytics,region_29,Bachelors,f,other,1,32,4.0,6,0,0,87
41357,Technology,region_7,Bachelors,m,sourcing,3,30,3.0,3,1,1,79
426,Sales & Marketing,region_13,Bachelors,m,other,1,34,3.0,8,0,0,50
57919,Sales & Marketing,region_2,Bachelors,f,other,1,31,3.0,4,0,0,43
53339,Sales & Marketing,region_7,Bachelors,m,other,1,34,3.0,4,1,0,49
1146,Operations,region_32,Bachelors,f,sourcing,1,39,3.0,8,0,0,60
74390,Operations,region_2,Bachelors,f,sourcing,1,26,2.0,3,0,0,59
2712,Sales & Marketing,region_22,Bachelors,m,other,1,25,1.0,2,0,0,51
2215,Analytics,region_28,Bachelors,m,other,1,36,1.0,2,1,0,91
76894,Procurement,region_2,Bachelors,m,other,1,46,5.0,17,1,0,69
27778,Sales & Marketing,region_7,,m,sourcing,1,31,5.0,4,1,0,52
14111,Sales & Marketing,region_16,Bachelors,m,other,1,31,3.0,7,0,0,46
54457,Analytics,region_2,Bachelors,f,other,1,37,3.0,7,0,0,83
73355,Sales & Marketing,region_28,Masters & above,f,other,2,33,5.0,2,1,0,52
52295,Sales & Marketing,region_10,Masters & above,f,other,1,35,5.0,4,1,0,49
58067,Technology,region_33,Bachelors,f,other,1,33,3.0,7,0,0,82
36707,Procurement,region_10,Bachelors,f,sourcing,1,29,4.0,3,1,0,65
123,Operations,region_25,Bachelors,m,other,1,35,5.0,7,1,0,60
38670,Operations,region_7,Bachelors,m,sourcing,1,33,5.0,10,1,0,59
73601,Technology,region_27,Bachelors,f,other,1,36,3.0,2,0,0,81
46084,Finance,region_13,Bachelors,f,sourcing,1,26,1.0,3,0,0,61
61375,Technology,region_23,Masters & above,f,other,1,42,2.0,2,0,0,78
41089,Analytics,region_22,,m,other,2,27,3.0,2,0,0,81
77269,Analytics,region_22,Bachelors,f,other,1,25,3.0,1,1,0,84
58177,Analytics,region_4,Bachelors,m,other,2,27,5.0,2,1,0,87
60025,Operations,region_2,Bachelors,m,other,3,26,,1,0,0,60
3039,Technology,region_33,Bachelors,m,other,1,34,1.0,7,0,0,77
24497,Procurement,region_23,Masters & above,m,other,1,32,3.0,7,0,0,68
24328,Sales & Marketing,region_13,Masters & above,m,other,1,37,5.0,5,1,0,49
33392,Legal,region_12,Bachelors,m,sourcing,1,26,5.0,2,1,0,54
21260,Procurement,region_16,Bachelors,m,other,1,27,,1,0,0,73
7118,Technology,region_27,Masters & above,m,other,4,44,3.0,11,0,0,80
61798,Operations,region_2,Bachelors,m,sourcing,1,38,2.0,10,0,0,62
7786,Operations,region_3,Bachelors,m,sourcing,1,31,4.0,3,0,0,57
8030,Sales & Marketing,region_22,Masters & above,f,other,1,43,3.0,10,0,0,54
33934,Analytics,region_20,Bachelors,m,other,1,40,3.0,6,0,0,89
23310,Operations,region_15,Bachelors,m,sourcing,1,47,2.0,20,0,0,63
72170,Sales & Marketing,region_2,,m,other,1,48,2.0,16,0,0,55
40417,Analytics,region_2,Bachelors,m,other,1,47,5.0,3,0,0,84
41266,Sales & Marketing,region_14,Bachelors,f,sourcing,1,44,1.0,4,0,0,47
19304,Sales & Marketing,region_25,Masters & above,m,sourcing,1,36,5.0,8,0,0,66
76867,Sales & Marketing,region_2,,f,sourcing,1,36,5.0,9,0,0,48
24678,Finance,region_11,Masters & above,m,other,2,34,3.0,8,0,0,59
18285,Procurement,region_16,Bachelors,f,sourcing,1,31,5.0,4,1,0,76
32020,Sales & Marketing,region_4,Masters & above,f,sourcing,1,32,3.0,6,0,0,49
72986,Operations,region_27,Bachelors,m,sourcing,1,33,4.0,4,0,0,53
50740,Sales & Marketing,region_2,Masters & above,f,other,1,37,4.0,3,1,0,46
44379,Analytics,region_2,Bachelors,m,other,1,29,,1,0,0,87
24568,Operations,region_15,Bachelors,m,sourcing,1,34,4.0,7,0,0,60
10292,Sales & Marketing,region_23,Bachelors,m,sourcing,1,47,1.0,4,1,0,45
17349,Sales & Marketing,region_23,Bachelors,m,sourcing,2,29,,1,0,0,46
12737,Sales & Marketing,region_7,Bachelors,m,sourcing,1,31,4.0,4,1,0,47
11307,Legal,region_27,Below Secondary,m,sourcing,1,27,5.0,2,1,0,56
43657,Sales & Marketing,region_26,,m,other,1,24,4.0,3,0,0,50
29149,Operations,region_11,,f,sourcing,1,30,5.0,7,1,0,57
6998,Sales & Marketing,region_29,Bachelors,m,other,1,34,1.0,5,0,0,50
52172,Operations,region_22,Bachelors,f,other,1,34,1.0,7,1,0,60
368,Procurement,region_13,Masters & above,f,other,1,33,2.0,5,0,0,71
27531,Operations,region_13,Bachelors,f,referred,1,30,3.0,6,1,0,58
51469,Sales & Marketing,region_31,,m,sourcing,1,23,4.0,2,0,0,51
16587,Operations,region_13,Bachelors,m,sourcing,1,43,4.0,12,0,0,57
37955,Operations,region_27,Bachelors,m,sourcing,1,33,3.0,7,0,0,73
60428,Finance,region_2,Bachelors,m,other,1,60,5.0,7,0,0,60
3872,Operations,region_22,Bachelors,m,other,1,35,4.0,7,0,0,63
70303,Analytics,region_23,Masters & above,m,other,1,33,1.0,4,0,0,83
19538,Operations,region_15,Bachelors,m,other,1,33,1.0,3,1,1,56
22383,Sales & Marketing,region_2,Bachelors,m,other,1,29,4.0,6,1,0,50
65750,Sales & Marketing,region_15,Masters & above,m,other,1,32,1.0,7,0,0,49
70824,Sales & Marketing,region_2,Bachelors,m,sourcing,2,31,3.0,10,0,0,47
38177,Analytics,region_13,Bachelors,m,other,2,27,3.0,3,1,0,88
45243,Analytics,region_19,Bachelors,m,other,2,30,3.0,6,0,0,85
13575,Sales & Marketing,region_16,Masters & above,m,other,1,43,5.0,6,0,0,54
25658,Sales & Marketing,region_2,Bachelors,f,other,1,41,1.0,13,0,0,50
36569,Sales & Marketing,region_31,Bachelors,m,other,2,34,5.0,6,1,0,51
67295,Procurement,region_15,Masters & above,f,other,1,35,5.0,12,0,0,72
76827,Procurement,region_31,Bachelors,f,sourcing,2,34,1.0,8,0,0,70
4163,Analytics,region_9,Masters & above,m,sourcing,2,29,,1,1,0,79
75104,R&D,region_13,Masters & above,m,sourcing,1,34,5.0,4,1,0,80
54217,Operations,region_27,Bachelors,m,other,1,32,5.0,4,0,0,59
14814,Operations,region_14,Bachelors,m,other,1,32,3.0,7,0,0,58
19742,Sales & Marketing,region_1,Bachelors,m,sourcing,1,29,5.0,4,1,0,46
27096,Technology,region_4,Bachelors,f,other,1,30,5.0,2,0,0,77
47248,Sales & Marketing,region_25,Bachelors,f,other,1,28,3.0,2,1,0,87
39761,HR,region_22,Bachelors,m,other,2,28,4.0,3,0,0,47
21953,Procurement,region_2,Masters & above,f,other,1,49,1.0,4,0,0,72
52663,Sales & Marketing,region_28,,m,sourcing,1,29,2.0,4,0,0,51
30361,Operations,region_15,Masters & above,f,other,1,38,2.0,12,0,0,60
42924,Operations,region_23,Bachelors,f,other,2,35,3.0,3,0,0,53
57574,Operations,region_2,Bachelors,m,sourcing,3,32,4.0,7,1,0,59
77960,Finance,region_13,Bachelors,m,other,1,36,3.0,3,0,0,62
7075,Sales & Marketing,region_13,Bachelors,m,other,1,33,1.0,7,0,0,48
4736,Technology,region_22,Masters & above,m,other,1,35,2.0,8,0,0,76
60986,Analytics,region_31,Bachelors,m,other,1,34,3.0,7,0,0,84
47527,Technology,region_4,Bachelors,m,other,1,28,,1,1,0,79
10475,Procurement,region_27,Bachelors,m,sourcing,1,43,4.0,4,1,0,71
41416,Analytics,region_22,Bachelors,m,other,1,27,,1,0,0,83
71077,Procurement,region_13,Bachelors,f,sourcing,1,39,4.0,5,1,0,67
24893,Operations,region_19,Bachelors,m,other,1,34,1.0,6,0,0,62
65272,Operations,region_15,Bachelors,f,sourcing,1,36,5.0,7,0,0,56
52086,Operations,region_2,Bachelors,f,sourcing,1,33,5.0,6,1,0,55
2491,HR,region_14,Bachelors,m,sourcing,1,24,5.0,2,1,0,50
48406,Technology,region_2,Masters & above,f,other,1,53,4.0,4,0,0,79
34417,Sales & Marketing,region_2,Masters & above,f,other,2,33,1.0,2,0,0,47
8131,Operations,region_2,Masters & above,f,other,1,39,3.0,13,0,0,60
19714,Sales & Marketing,region_26,Bachelors,m,sourcing,1,50,3.0,7,0,0,45
77106,Operations,region_7,Bachelors,m,other,1,42,3.0,12,1,0,60
71568,Procurement,region_2,Bachelors,f,referred,1,32,4.0,5,1,0,68
54434,Analytics,region_32,Bachelors,m,sourcing,1,26,1.0,4,0,0,85
42795,Technology,region_17,Bachelors,f,sourcing,1,33,4.0,5,1,0,76
22689,Technology,region_14,Bachelors,f,sourcing,1,33,4.0,9,0,0,82
62080,Finance,region_16,Masters & above,m,other,1,35,4.0,8,1,0,60
7603,Technology,region_7,Below Secondary,m,sourcing,1,25,,1,1,0,81
53366,Technology,region_17,Bachelors,f,other,1,28,4.0,2,0,0,81
42128,Sales & Marketing,region_7,Masters & above,m,other,1,31,2.0,2,0,0,52
27507,Operations,region_2,Below Secondary,m,sourcing,2,25,,1,1,0,56
69591,HR,region_22,Bachelors,m,sourcing,1,29,3.0,4,1,0,51
47004,Procurement,region_13,Masters & above,m,sourcing,1,39,4.0,8,1,0,69
13568,HR,region_2,Bachelors,f,other,1,43,3.0,6,0,1,50
66343,Sales & Marketing,region_13,Bachelors,m,sourcing,2,25,3.0,3,0,0,49
47648,Procurement,region_13,Bachelors,m,other,2,29,3.0,6,0,0,70
11520,Finance,region_27,Bachelors,m,other,1,24,4.0,4,0,0,55
55830,Operations,region_15,Bachelors,m,sourcing,1,36,4.0,4,0,0,55
12699,Analytics,region_31,Bachelors,m,sourcing,2,30,4.0,8,0,0,87
40743,Operations,region_2,Bachelors,f,sourcing,2,35,5.0,7,1,0,57
74512,Technology,region_2,Bachelors,m,other,1,37,5.0,4,1,0,77
35555,Technology,region_13,Masters & above,f,referred,1,38,3.0,9,1,0,85
33824,Finance,region_22,Bachelors,m,sourcing,1,29,1.0,4,0,0,66
25340,Sales & Marketing,region_2,Bachelors,m,other,1,41,4.0,9,0,0,49
20890,Analytics,region_7,Bachelors,m,other,2,35,3.0,3,0,0,87
4250,Sales & Marketing,region_2,,f,sourcing,1,50,3.0,2,0,0,48
14969,Sales & Marketing,region_3,Bachelors,m,other,2,30,2.0,2,0,0,52
18141,Sales & Marketing,region_7,,m,other,1,25,1.0,3,1,0,46
26090,Procurement,region_2,Bachelors,f,other,1,53,4.0,12,1,0,69
59197,Legal,region_2,Bachelors,m,sourcing,1,44,1.0,5,0,0,63
4667,Operations,region_26,Masters & above,m,other,1,35,3.0,7,0,0,57
15168,Analytics,region_31,Bachelors,m,sourcing,2,35,2.0,2,0,0,83
17599,Technology,region_8,Bachelors,f,sourcing,1,25,,1,0,0,76
49647,Sales & Marketing,region_31,,m,sourcing,1,34,4.0,7,0,0,51
74466,Sales & Marketing,region_24,Bachelors,m,sourcing,1,28,3.0,3,0,0,49
9469,Operations,region_4,Masters & above,m,other,1,37,4.0,5,0,0,57
35477,Analytics,region_2,Masters & above,m,other,1,56,5.0,14,1,0,84
4829,Operations,region_22,Masters & above,f,sourcing,1,36,5.0,3,1,0,55
55334,Procurement,region_2,Bachelors,f,sourcing,1,45,3.0,6,1,0,71
39464,Legal,region_12,Bachelors,f,sourcing,1,25,,1,1,0,64
19219,Operations,region_26,Bachelors,m,sourcing,1,28,1.0,4,0,0,63
42732,Operations,region_2,Bachelors,m,other,1,55,4.0,24,0,0,60
34647,Sales & Marketing,region_25,Masters & above,m,other,1,39,5.0,9,0,0,49
58931,Sales & Marketing,region_2,Masters & above,m,other,3,37,3.0,7,0,0,49
16732,Procurement,region_6,Bachelors,f,other,2,26,3.0,4,0,0,66
74328,Sales & Marketing,region_2,Bachelors,f,sourcing,3,41,3.0,8,0,0,50
71477,Technology,region_14,Bachelors,m,other,1,32,3.0,7,0,0,78
7561,Finance,region_2,Bachelors,m,other,1,36,3.0,3,0,0,55
22164,Sales & Marketing,region_2,Bachelors,f,sourcing,2,28,4.0,7,0,0,54
46151,Technology,region_22,Masters & above,m,sourcing,1,32,4.0,5,1,0,84
42346,Operations,region_2,Masters & above,m,other,2,41,5.0,11,0,0,60
1164,Technology,region_28,Bachelors,f,sourcing,1,29,5.0,4,1,0,73
18783,Legal,region_2,Bachelors,m,other,1,38,5.0,7,0,0,60
71199,Technology,region_22,Bachelors,m,sourcing,2,29,3.0,4,0,0,84
41290,Procurement,region_2,Bachelors,m,other,1,55,3.0,18,0,0,74
64049,Sales & Marketing,region_7,,m,other,1,35,3.0,10,0,0,47
10369,HR,region_2,Masters & above,m,other,1,46,2.0,12,0,0,47
48010,Technology,region_25,Bachelors,f,sourcing,1,26,3.0,2,0,0,78
52783,Operations,region_27,Bachelors,m,other,1,32,4.0,4,0,0,57
3626,Sales & Marketing,region_22,Bachelors,m,sourcing,4,30,,1,0,0,48
67100,HR,region_7,Below Secondary,m,other,1,24,,1,0,0,46
20992,Operations,region_2,Bachelors,f,other,1,33,4.0,8,0,0,71
42086,Sales & Marketing,region_10,Masters & above,m,other,1,35,5.0,10,0,0,53
68442,Sales & Marketing,region_26,Bachelors,m,other,1,47,3.0,6,1,0,43
8195,Sales & Marketing,region_34,Bachelors,m,other,1,33,4.0,3,0,0,47
8561,Procurement,region_7,Masters & above,f,other,1,59,4.0,14,1,0,64
75347,Technology,region_27,Bachelors,f,sourcing,1,24,,1,1,0,82
9095,Operations,region_22,Masters & above,f,other,1,33,4.0,8,1,0,81
23956,Technology,region_26,Bachelors,f,other,1,27,2.0,5,0,0,78
12373,Technology,region_2,Bachelors,m,sourcing,1,32,2.0,6,1,0,76
49056,Sales & Marketing,region_27,Bachelors,f,other,1,27,,1,1,0,46
5803,Operations,region_7,Bachelors,f,other,1,41,5.0,4,1,0,59
67564,Operations,region_27,Bachelors,f,other,1,49,4.0,8,1,0,95
11549,Sales & Marketing,region_2,,m,other,1,22,,1,0,0,51
47976,Technology,region_4,Masters & above,m,sourcing,1,42,1.0,8,0,0,79
66899,Legal,region_13,Bachelors,m,other,3,32,5.0,1,0,0,57
2543,R&D,region_11,Masters & above,m,other,1,28,4.0,2,1,0,85
69638,Technology,region_7,Masters & above,m,sourcing,1,48,3.0,7,1,1,77
47130,Sales & Marketing,region_11,Bachelors,m,other,1,36,2.0,5,0,0,52
67611,Operations,region_2,Masters & above,f,other,1,33,3.0,9,1,0,63
46968,Finance,region_2,Bachelors,f,sourcing,2,39,3.0,6,1,0,62
37308,Sales & Marketing,region_10,Masters & above,m,other,1,32,5.0,5,1,0,50
11293,Operations,region_2,Bachelors,f,sourcing,1,53,4.0,9,0,0,64
14750,Technology,region_8,Bachelors,f,other,1,32,5.0,4,1,0,76
72254,Sales & Marketing,region_13,Bachelors,m,sourcing,1,32,3.0,6,0,0,45
42224,Technology,region_14,Bachelors,m,sourcing,2,35,3.0,8,0,0,83
8888,Analytics,region_29,Masters & above,m,other,1,35,1.0,7,0,0,86
50518,Procurement,region_7,Masters & above,f,other,2,39,4.0,7,1,0,69
12234,Analytics,region_22,Bachelors,m,other,1,36,5.0,3,0,0,85
25309,Sales & Marketing,region_29,Bachelors,m,sourcing,1,29,4.0,8,0,0,51
61904,Procurement,region_23,Masters & above,m,sourcing,1,40,3.0,6,0,0,63
69637,Sales & Marketing,region_2,Masters & above,f,other,1,50,5.0,10,0,0,51
44960,HR,region_7,Below Secondary,m,other,1,26,,1,0,0,52
64080,Operations,region_8,Bachelors,f,other,1,31,5.0,4,1,0,59
3924,Sales & Marketing,region_2,Bachelors,m,other,1,60,1.0,7,0,0,51
22892,Operations,region_7,Bachelors,f,other,1,37,4.0,7,0,0,60
49415,Sales & Marketing,region_26,Bachelors,m,other,1,45,3.0,13,0,0,52
50678,Sales & Marketing,region_22,Masters & above,m,other,1,39,1.0,7,0,0,44
57608,Technology,region_7,Masters & above,f,sourcing,1,40,4.0,6,1,0,81
59368,Operations,region_22,Bachelors,f,sourcing,1,31,5.0,5,1,0,62
4449,Technology,region_2,Below Secondary,m,other,1,20,3.0,2,0,0,77
53201,HR,region_22,Bachelors,f,sourcing,1,30,3.0,6,1,0,50
78157,Technology,region_2,Bachelors,f,other,2,48,3.0,17,0,0,82
28614,Sales & Marketing,region_19,Bachelors,m,other,2,48,4.0,20,1,0,53
74479,Technology,region_2,Masters & above,m,other,1,33,4.0,7,1,0,76
51374,Operations,region_22,Masters & above,m,referred,1,46,5.0,12,0,0,58
41675,Operations,region_7,Bachelors,m,other,1,28,3.0,5,0,0,59
42835,Sales & Marketing,region_7,Bachelors,m,sourcing,1,37,3.0,8,1,0,48
39062,Sales & Marketing,region_22,Bachelors,f,sourcing,1,28,5.0,3,1,0,49
48940,HR,region_2,Bachelors,m,other,1,22,3.0,2,0,0,47
37708,Operations,region_26,Bachelors,m,other,1,27,2.0,2,1,0,60
77096,Sales & Marketing,region_23,Bachelors,m,other,1,28,4.0,2,0,0,51
33431,Sales & Marketing,region_25,Masters & above,m,sourcing,1,34,3.0,3,0,0,49
41270,Operations,region_4,Bachelors,f,sourcing,1,37,5.0,2,1,0,60
10844,Technology,region_4,Bachelors,f,sourcing,1,35,2.0,8,0,0,80
41254,Operations,region_2,Bachelors,m,other,1,50,4.0,13,0,0,66
2394,Operations,region_22,Masters & above,f,sourcing,1,38,3.0,11,0,1,59
61991,Analytics,region_26,Bachelors,m,sourcing,1,28,,1,1,0,79
46328,Sales & Marketing,region_7,Masters & above,f,sourcing,1,43,3.0,15,0,0,47
72311,Technology,region_22,Bachelors,f,sourcing,1,26,2.0,4,0,0,76
9114,Operations,region_2,Bachelors,f,other,2,39,5.0,12,1,0,59
70042,Procurement,region_26,Bachelors,f,other,1,39,3.0,4,0,0,70
32912,R&D,region_7,Masters & above,m,other,2,30,4.0,1,1,0,78
1870,Sales & Marketing,region_7,Masters & above,m,other,2,55,3.0,4,0,0,91
53494,Technology,region_2,Masters & above,m,other,1,41,3.0,3,1,1,83
41558,Procurement,region_29,Bachelors,f,sourcing,1,31,3.0,6,0,0,68
40301,Operations,region_22,Masters & above,m,sourcing,1,53,3.0,23,0,0,62
21266,Sales & Marketing,region_12,Bachelors,m,other,1,40,3.0,7,0,0,47
29280,Sales & Marketing,region_13,Bachelors,m,sourcing,1,49,1.0,19,0,0,52
46980,Sales & Marketing,region_13,Masters & above,f,other,1,33,4.0,6,1,0,52
64784,R&D,region_29,Masters & above,m,other,1,31,1.0,2,1,0,83
37385,HR,region_2,Below Secondary,m,other,2,25,,1,0,0,54
52914,Procurement,region_26,Bachelors,m,other,1,40,4.0,12,1,0,65
7624,Procurement,region_2,Bachelors,f,other,1,51,5.0,10,1,0,70
39050,Operations,region_2,Bachelors,m,sourcing,1,47,4.0,7,0,0,63
5065,Sales & Marketing,region_13,Bachelors,m,other,1,48,1.0,6,0,0,51
50356,Operations,region_19,Bachelors,m,other,1,34,5.0,6,1,0,57
14136,Operations,region_4,Masters & above,f,sourcing,1,33,5.0,6,1,1,93
43884,Technology,region_16,Masters & above,m,other,2,33,1.0,10,0,0,76
1123,Operations,region_22,Bachelors,f,other,1,27,3.0,5,1,0,60
6822,Procurement,region_11,Bachelors,f,other,1,33,3.0,3,0,0,68
9653,Technology,region_2,Masters & above,f,sourcing,1,59,3.0,4,0,0,79
19622,Legal,region_2,Bachelors,m,other,1,52,3.0,9,0,0,57
71544,Sales & Marketing,region_4,Masters & above,m,other,1,42,2.0,5,0,0,49
73025,Sales & Marketing,region_22,Bachelors,m,sourcing,1,29,3.0,3,1,0,52
20592,Sales & Marketing,region_34,Bachelors,m,sourcing,1,25,,1,0,0,53
29630,Operations,region_14,Masters & above,m,sourcing,1,36,5.0,9,1,0,58
23503,Finance,region_32,Bachelors,m,other,1,28,,1,1,0,53
72097,Finance,region_2,Bachelors,f,other,1,23,,1,0,0,59
39232,Sales & Marketing,region_2,Masters & above,m,other,1,60,1.0,6,0,0,48
54336,Analytics,region_15,Masters & above,m,other,1,29,4.0,4,1,0,83
47384,Analytics,region_32,Bachelors,m,other,1,31,3.0,9,0,0,83
25906,Technology,region_33,Bachelors,f,sourcing,1,32,2.0,7,0,0,79
76707,Technology,region_10,Masters & above,m,sourcing,1,30,3.0,4,0,1,84
2705,HR,region_2,Bachelors,f,other,1,32,5.0,7,0,0,45
51607,Sales & Marketing,region_6,Bachelors,m,other,1,29,3.0,2,0,0,52
55806,R&D,region_22,Masters & above,m,sourcing,1,31,5.0,1,0,0,90
13518,Sales & Marketing,region_11,Bachelors,m,other,1,30,5.0,4,1,0,49
29184,Analytics,region_22,Bachelors,m,sourcing,2,31,5.0,6,1,0,84
57218,Sales & Marketing,region_22,Bachelors,m,sourcing,1,40,5.0,3,1,0,50
15795,Technology,region_15,Masters & above,m,other,1,44,3.0,5,0,0,79
30500,Operations,region_2,Bachelors,m,other,2,25,3.0,2,0,0,59
75874,Sales & Marketing,region_23,Masters & above,m,other,1,44,5.0,10,1,0,49
21190,Sales & Marketing,region_31,Bachelors,m,other,3,30,1.0,3,0,0,51
56817,Sales & Marketing,region_15,Bachelors,f,other,1,30,5.0,6,1,0,51
37403,Operations,region_8,Bachelors,f,sourcing,1,26,3.0,2,1,0,62
56433,Sales & Marketing,region_27,Bachelors,f,other,1,28,3.0,4,1,0,51
4821,Sales & Marketing,region_2,Bachelors,m,other,4,52,1.0,20,0,0,53
75782,Procurement,region_2,Masters & above,m,other,1,33,2.0,7,0,0,69
16706,Technology,region_5,Below Secondary,f,other,1,22,3.0,2,0,0,79
59751,Operations,region_22,Bachelors,f,sourcing,1,26,1.0,3,0,0,55
12613,Sales & Marketing,region_25,Masters & above,m,sourcing,1,36,3.0,9,0,0,50
28159,Procurement,region_20,Bachelors,f,other,1,33,3.0,6,0,0,68
48919,Sales & Marketing,region_24,Bachelors,m,other,1,29,2.0,3,1,0,48
56504,Technology,region_2,Below Secondary,m,sourcing,1,25,,1,1,0,81
76492,Analytics,region_19,Bachelors,m,other,1,36,3.0,7,0,0,86
38584,Sales & Marketing,region_14,Bachelors,m,other,1,24,3.0,2,1,1,51
32941,Technology,region_33,Bachelors,m,sourcing,1,53,3.0,11,0,0,79
36330,Technology,region_14,Bachelors,f,other,1,31,3.0,2,0,0,78
35765,Sales & Marketing,region_22,Bachelors,m,other,1,38,3.0,3,0,0,47
6850,R&D,region_2,Bachelors,m,other,1,44,1.0,13,0,0,84
64418,Procurement,region_13,Bachelors,m,sourcing,1,36,4.0,6,0,0,67
73584,Analytics,region_2,Bachelors,m,other,1,31,4.0,5,1,1,87
23638,Procurement,region_15,Bachelors,f,other,1,29,1.0,5,0,0,70
13311,Sales & Marketing,region_23,,m,sourcing,2,30,5.0,6,0,0,50
15754,Sales & Marketing,region_13,Masters & above,f,other,1,35,4.0,3,0,0,49
45334,Sales & Marketing,region_3,Masters & above,m,sourcing,1,40,4.0,9,0,1,45
69424,Technology,region_22,Bachelors,m,sourcing,3,27,,1,1,0,80
63453,HR,region_26,,m,sourcing,1,30,3.0,6,1,0,51
46377,HR,region_32,Bachelors,m,sourcing,1,31,3.0,4,1,0,48
55142,Technology,region_26,Bachelors,m,other,1,37,5.0,5,1,0,81
67625,Operations,region_2,Masters & above,m,sourcing,1,36,3.0,7,0,0,61
54314,Operations,region_7,Bachelors,m,sourcing,1,31,3.0,3,0,0,59
12233,Technology,region_2,Masters & above,f,sourcing,1,36,1.0,2,0,0,79
60156,Analytics,region_25,Masters & above,m,sourcing,1,38,4.0,5,0,0,84
62194,Finance,region_15,Bachelors,m,other,1,30,5.0,5,0,0,63
36050,R&D,region_22,Bachelors,m,sourcing,1,27,4.0,5,0,0,86
8893,Sales & Marketing,region_15,Masters & above,m,other,1,34,3.0,3,0,0,62
39945,Operations,region_2,Bachelors,f,sourcing,1,29,2.0,6,0,0,58
32913,HR,region_22,Masters & above,f,other,1,30,5.0,9,1,0,52
54750,Analytics,region_13,Bachelors,m,other,2,32,3.0,5,1,0,77
1395,Procurement,region_14,Bachelors,m,sourcing,3,35,3.0,7,0,0,69
65510,Technology,region_2,Masters & above,f,sourcing,1,56,4.0,13,1,0,81
24344,Technology,region_15,Bachelors,m,sourcing,1,30,4.0,4,1,0,88
66107,Sales & Marketing,region_16,Bachelors,m,sourcing,1,35,5.0,7,0,0,55
10224,Finance,region_22,Masters & above,m,other,1,31,2.0,6,1,0,64
73287,Analytics,region_4,Masters & above,m,other,1,37,3.0,10,1,0,83
34930,Finance,region_2,Bachelors,f,other,1,53,5.0,4,1,0,60
75122,Operations,region_2,Bachelors,m,other,1,54,5.0,17,0,0,57
77812,Sales & Marketing,region_22,Masters & above,m,other,1,32,1.0,6,0,0,50
71712,Analytics,region_25,Bachelors,m,sourcing,1,32,4.0,2,0,0,85
39879,Technology,region_2,Masters & above,m,sourcing,1,52,1.0,25,0,0,79
20751,Operations,region_15,Bachelors,m,sourcing,1,39,5.0,8,1,0,55
63475,Sales & Marketing,region_13,Masters & above,m,sourcing,1,38,5.0,4,0,0,53
3643,Sales & Marketing,region_26,Bachelors,m,sourcing,1,39,2.0,4,0,0,50
76739,Analytics,region_26,Bachelors,m,other,1,23,,1,0,0,84
34069,HR,region_2,Bachelors,m,sourcing,1,27,1.0,2,0,0,48
56389,Procurement,region_15,Masters & above,m,other,1,53,3.0,7,1,0,71
61584,Analytics,region_2,Bachelors,m,sourcing,1,31,5.0,5,0,0,81
72673,Analytics,region_11,Bachelors,m,sourcing,1,34,5.0,5,1,0,89
64055,Sales & Marketing,region_32,Bachelors,m,sourcing,1,33,5.0,6,0,0,52
55543,Sales & Marketing,region_16,Masters & above,m,other,1,58,5.0,16,1,0,50
35816,Sales & Marketing,region_29,Bachelors,m,other,1,33,3.0,8,0,0,50
9549,Technology,region_28,Bachelors,m,sourcing,2,30,3.0,2,0,0,83
6,Sales & Marketing,region_15,Bachelors,f,other,1,38,3.0,10,0,0,50
55027,Operations,region_26,Bachelors,m,other,1,35,3.0,9,0,0,64
11480,Sales & Marketing,region_21,,m,sourcing,1,33,3.0,7,0,0,49
44133,Sales & Marketing,region_31,Bachelors,m,other,2,38,4.0,11,0,0,53
64984,Procurement,region_31,Bachelors,f,other,1,30,1.0,3,0,0,72
13902,Sales & Marketing,region_13,,m,sourcing,1,23,,1,0,0,53
61436,Operations,region_28,Bachelors,m,other,1,34,4.0,6,0,0,57
55747,Operations,region_31,Masters & above,f,sourcing,1,33,3.0,5,0,0,58
34568,Operations,region_7,Bachelors,f,other,1,43,5.0,3,1,0,55
52727,Technology,region_6,Bachelors,m,other,1,33,4.0,4,1,1,97
48590,Procurement,region_2,,f,other,1,47,5.0,15,1,0,69
13124,Procurement,region_17,Bachelors,f,other,1,30,3.0,5,1,0,67
57119,Operations,region_32,Bachelors,m,other,1,39,4.0,7,0,0,63
46432,Procurement,region_8,Masters & above,m,other,1,38,3.0,10,1,0,72
34977,Sales & Marketing,region_15,Masters & above,m,other,1,39,1.0,4,0,0,53
31071,Sales & Marketing,region_8,Bachelors,m,other,1,31,3.0,8,0,0,49
72686,Analytics,region_7,Bachelors,m,sourcing,1,51,5.0,9,1,0,85
44633,Sales & Marketing,region_10,Masters & above,f,sourcing,1,35,2.0,5,1,0,53
63229,Operations,region_19,Bachelors,f,sourcing,1,40,4.0,5,1,0,54
50960,Operations,region_19,Bachelors,f,other,1,32,4.0,6,1,0,59
30402,Operations,region_22,Bachelors,m,other,2,30,5.0,2,1,0,56
47215,Sales & Marketing,region_2,Bachelors,f,other,2,31,5.0,5,1,0,50
5762,Analytics,region_29,Bachelors,m,other,1,29,3.0,2,1,0,82
63924,Procurement,region_17,Bachelors,m,other,1,27,1.0,4,0,0,69
62405,Technology,region_2,Masters & above,m,sourcing,1,49,4.0,20,1,0,78
16490,Procurement,region_2,Bachelors,f,other,2,47,4.0,15,0,0,72
25535,Technology,region_13,Masters & above,f,other,1,42,5.0,14,1,0,76
12763,Technology,region_2,Bachelors,m,other,1,31,2.0,2,0,0,78
33834,Analytics,region_22,Bachelors,m,sourcing,2,30,3.0,5,0,0,83
45097,Operations,region_22,Masters & above,m,sourcing,2,37,3.0,10,1,0,54
67403,Procurement,region_2,Bachelors,m,sourcing,3,31,4.0,4,0,0,67
7326,Finance,region_2,Masters & above,m,other,1,42,5.0,13,0,0,59
17772,Technology,region_2,Bachelors,m,referred,2,29,4.0,5,0,0,79
47673,Operations,region_23,Bachelors,m,sourcing,1,35,2.0,6,0,0,56
18256,Procurement,region_28,Masters & above,f,sourcing,1,33,2.0,8,0,0,69
30525,Technology,region_2,Masters & above,f,referred,2,33,3.0,3,0,0,77
37434,Technology,region_13,Masters & above,f,sourcing,1,34,3.0,9,0,0,80
28227,Analytics,region_7,Bachelors,m,other,1,41,5.0,11,1,0,84
40408,Operations,region_29,Masters & above,m,sourcing,1,39,2.0,10,0,0,60
30671,Sales & Marketing,region_2,Bachelors,f,sourcing,1,34,5.0,7,1,0,44
5036,Sales & Marketing,region_22,Bachelors,m,referred,2,26,3.0,2,1,0,49
44600,Legal,region_2,Bachelors,m,other,1,35,3.0,8,0,0,62
73754,Analytics,region_22,Bachelors,m,sourcing,2,30,2.0,3,0,0,86
42334,Technology,region_2,Bachelors,f,sourcing,1,53,4.0,8,0,0,75
2265,Technology,region_2,Bachelors,f,sourcing,1,41,,1,1,0,81
13530,Operations,region_22,Below Secondary,m,sourcing,1,23,,1,0,0,60
63093,Procurement,region_28,Bachelors,m,other,3,27,3.0,3,0,0,69
70665,Sales & Marketing,region_17,Bachelors,m,other,1,31,4.0,7,1,0,67
43435,R&D,region_15,Bachelors,m,sourcing,1,36,5.0,6,1,0,88
28125,Operations,region_13,Bachelors,m,other,1,31,4.0,4,0,0,59
13041,Analytics,region_22,,m,sourcing,1,28,4.0,2,0,0,83
36238,Technology,region_2,Masters & above,f,sourcing,1,39,1.0,2,0,0,78
33983,Sales & Marketing,region_2,Masters & above,f,sourcing,1,36,3.0,8,0,0,51
48968,Sales & Marketing,region_17,Masters & above,m,other,1,40,4.0,6,1,0,99
60782,Operations,region_22,Masters & above,m,sourcing,1,51,4.0,22,0,0,56
5397,Procurement,region_23,Bachelors,m,sourcing,1,33,2.0,9,0,0,71
47003,HR,region_2,Below Secondary,f,sourcing,1,20,5.0,2,0,0,47
60139,Technology,region_23,Bachelors,m,other,1,24,3.0,2,0,0,81
16838,Technology,region_7,Bachelors,m,sourcing,1,54,5.0,17,1,0,74
10191,Technology,region_31,Bachelors,m,other,1,28,4.0,3,0,0,76
17695,Finance,region_2,Below Secondary,m,sourcing,1,25,2.0,2,1,1,58
65376,Legal,region_2,Bachelors,m,other,1,45,3.0,7,0,0,56
71354,Operations,region_2,Bachelors,f,other,1,32,5.0,5,1,0,61
60844,Technology,region_2,Bachelors,f,sourcing,1,27,4.0,4,0,0,82
58162,Operations,region_2,Bachelors,f,other,1,35,4.0,8,1,0,61
54213,Sales & Marketing,region_31,,m,sourcing,1,32,2.0,3,0,0,47
56854,Sales & Marketing,region_6,Bachelors,m,other,1,24,,1,1,0,46
60231,Analytics,region_6,Bachelors,f,sourcing,1,32,2.0,7,0,0,83
69850,Sales & Marketing,region_17,Bachelors,m,other,1,34,4.0,2,0,0,52
36072,Analytics,region_2,Masters & above,m,sourcing,1,40,5.0,10,0,0,83
2249,Analytics,region_32,Bachelors,f,sourcing,1,27,,1,0,0,85
31420,Operations,region_26,Bachelors,m,other,1,33,3.0,2,1,0,62
51683,Sales & Marketing,region_7,Bachelors,m,sourcing,1,45,5.0,13,1,0,48
16037,R&D,region_26,Bachelors,m,sourcing,1,31,4.0,4,0,0,83
5296,Sales & Marketing,region_28,Bachelors,m,sourcing,1,27,1.0,3,0,0,47
5478,Operations,region_2,Bachelors,m,other,2,31,4.0,7,0,0,63
56753,R&D,region_4,Masters & above,m,other,1,30,3.0,6,0,0,87
40,Operations,region_7,Masters & above,f,other,1,34,1.0,4,0,0,65
802,Procurement,region_24,Bachelors,f,other,1,28,3.0,4,0,0,67
46286,Operations,region_4,Masters & above,m,sourcing,2,42,3.0,6,0,0,58
12286,Operations,region_21,Bachelors,m,other,1,36,1.0,10,0,0,61
51313,Sales & Marketing,region_23,Masters & above,m,other,1,35,3.0,5,0,0,49
24527,Sales & Marketing,region_26,Bachelors,m,sourcing,1,30,5.0,6,1,1,50
12421,Operations,region_6,Bachelors,f,sourcing,1,29,,1,1,0,61
5491,Operations,region_15,Masters & above,m,other,1,34,4.0,7,0,0,60
22861,Operations,region_2,Bachelors,m,sourcing,1,48,3.0,7,0,0,60
71847,Operations,region_22,Bachelors,m,other,2,28,,1,0,0,60
18689,Operations,region_2,Bachelors,f,other,1,40,1.0,9,0,0,63
27283,Technology,region_26,Bachelors,m,sourcing,1,52,3.0,15,0,0,81
41699,Analytics,region_22,Bachelors,m,other,3,30,3.0,3,0,0,85
67424,Analytics,region_28,Masters & above,m,sourcing,1,30,5.0,5,1,0,87
36909,Sales & Marketing,region_16,Masters & above,m,sourcing,2,33,2.0,5,0,0,50
65465,Analytics,region_30,Bachelors,m,other,1,34,5.0,9,0,0,82
27736,Technology,region_26,Masters & above,m,other,1,43,1.0,7,0,0,84
20113,Procurement,region_7,Bachelors,f,other,1,27,5.0,4,1,0,72
45257,Finance,region_23,Bachelors,m,sourcing,2,36,3.0,7,0,0,61
4575,Procurement,region_2,Masters & above,m,other,1,51,4.0,2,0,0,69
73361,HR,region_4,Masters & above,f,sourcing,1,35,5.0,7,1,0,49
22986,Operations,region_2,Masters & above,f,other,1,47,5.0,4,1,0,55
25410,Procurement,region_7,Bachelors,m,sourcing,1,35,3.0,7,0,0,72
31162,Operations,region_32,Bachelors,m,sourcing,1,33,5.0,7,1,1,56
47565,Operations,region_34,Bachelors,m,sourcing,1,26,5.0,3,1,0,60
62627,Technology,region_10,Masters & above,m,other,1,33,3.0,5,1,0,78
40115,Procurement,region_15,Bachelors,m,other,1,39,3.0,3,0,0,71
74999,Sales & Marketing,region_2,Bachelors,f,sourcing,1,34,1.0,6,0,0,49
74264,Finance,region_22,Masters & above,m,other,1,35,4.0,5,1,0,64
36882,Operations,region_8,Bachelors,m,sourcing,1,31,,1,0,0,64
27935,Sales & Marketing,region_32,Bachelors,m,sourcing,1,27,,1,0,0,47
51344,Operations,region_26,Bachelors,m,other,1,33,3.0,5,1,0,58
39113,Procurement,region_7,Masters & above,f,other,1,40,1.0,10,1,0,76
77813,Operations,region_31,Masters & above,f,sourcing,1,50,3.0,3,0,0,62
75507,Technology,region_13,Bachelors,f,sourcing,1,25,3.0,3,0,0,77
72989,Sales & Marketing,region_4,Masters & above,m,other,1,42,4.0,8,0,0,55
43030,Finance,region_2,,m,other,3,38,1.0,7,0,0,63
73582,Technology,region_13,Masters & above,m,other,1,36,3.0,8,0,0,83
3418,Procurement,region_33,Bachelors,m,other,1,30,3.0,6,0,0,70
3197,Technology,region_2,Masters & above,f,sourcing,1,31,3.0,6,0,0,80
38211,Sales & Marketing,region_4,Masters & above,m,other,1,39,3.0,10,0,0,54
25687,Sales & Marketing,region_2,Masters & above,m,referred,1,32,2.0,7,0,0,49
73773,Sales & Marketing,region_16,Bachelors,m,sourcing,1,35,3.0,10,0,0,50
25375,Analytics,region_8,Bachelors,m,sourcing,1,30,5.0,8,1,0,84
10820,HR,region_2,Bachelors,f,referred,1,31,5.0,2,0,0,50
61081,Operations,region_22,Bachelors,f,sourcing,1,31,3.0,7,1,0,58
25020,Operations,region_13,Bachelors,m,sourcing,1,34,5.0,6,1,0,59
13103,Procurement,region_2,Below Secondary,f,sourcing,1,21,3.0,2,0,0,71
21834,HR,region_2,Below Secondary,m,other,1,20,4.0,2,0,0,45
23960,Procurement,region_34,Masters & above,m,other,1,40,5.0,7,1,0,71
70393,Procurement,region_2,Masters & above,m,other,3,57,5.0,3,0,0,71
8949,Sales & Marketing,region_14,Bachelors,m,sourcing,1,35,5.0,3,0,0,53
54545,Operations,region_22,Masters & above,m,other,3,38,5.0,8,1,0,59
20353,Sales & Marketing,region_2,Bachelors,m,sourcing,1,25,4.0,2,0,0,50
10880,Procurement,region_31,Bachelors,f,other,2,32,1.0,3,0,0,68
542,Procurement,region_11,Bachelors,m,sourcing,1,34,3.0,7,0,0,68
26244,Technology,region_23,Bachelors,m,other,1,35,5.0,4,1,0,77
54350,Sales & Marketing,region_8,Masters & above,m,sourcing,2,31,3.0,4,0,0,48
70567,Legal,region_4,Masters & above,m,other,1,37,5.0,5,1,0,61
27073,Operations,region_20,Masters & above,f,other,1,39,5.0,7,1,0,57
70263,Legal,region_26,Bachelors,m,sourcing,1,31,5.0,6,1,0,57
67458,HR,region_2,Bachelors,m,other,1,27,2.0,3,1,0,52
49679,Procurement,region_7,Masters & above,f,sourcing,1,39,1.0,8,0,0,74
11950,Sales & Marketing,region_22,,m,sourcing,1,29,4.0,6,1,0,52
20024,Legal,region_2,Bachelors,m,sourcing,1,28,1.0,5,1,0,60
47497,Legal,region_7,Bachelors,m,sourcing,1,37,4.0,2,0,0,63
30180,Sales & Marketing,region_7,Bachelors,m,other,1,20,3.0,2,0,0,50
33917,Sales & Marketing,region_16,Bachelors,m,sourcing,1,51,5.0,3,1,0,48
34021,HR,region_2,Bachelors,f,sourcing,1,25,,1,1,0,48
31750,Finance,region_7,Bachelors,f,sourcing,1,29,4.0,4,0,0,58
41487,HR,region_2,Bachelors,m,other,1,39,4.0,3,1,0,45
70108,Procurement,region_13,Bachelors,m,sourcing,1,30,2.0,7,0,0,66
52124,Technology,region_2,Masters & above,f,other,1,57,4.0,15,0,0,77
11775,Sales & Marketing,region_22,Bachelors,m,sourcing,1,34,5.0,6,1,1,47
18695,Operations,region_13,Bachelors,m,other,1,41,4.0,4,0,0,60
53585,Analytics,region_22,Bachelors,m,other,4,28,3.0,3,0,0,82
74917,Operations,region_33,Bachelors,f,sourcing,1,29,3.0,8,0,0,57
43750,R&D,region_2,Masters & above,m,other,1,33,3.0,5,0,0,82
75483,Technology,region_1,Masters & above,f,sourcing,1,36,2.0,5,0,0,77
10218,Sales & Marketing,region_31,Bachelors,m,other,1,34,5.0,9,0,0,52
59088,Operations,region_27,Bachelors,m,sourcing,1,36,5.0,5,0,0,72
72620,Sales & Marketing,region_2,Masters & above,f,sourcing,1,39,5.0,10,0,0,52
4672,Technology,region_26,Bachelors,f,sourcing,1,30,4.0,2,1,0,76
12398,Sales & Marketing,region_2,Bachelors,f,other,1,28,1.0,3,1,0,51
52307,Operations,region_13,Bachelors,m,other,2,32,3.0,9,0,0,58
70435,Sales & Marketing,region_26,Bachelors,m,sourcing,1,32,1.0,2,0,0,54
23042,Technology,region_7,Masters & above,m,other,1,36,5.0,10,0,0,83
44981,Technology,region_2,Bachelors,m,other,1,57,4.0,5,0,0,79
71731,Technology,region_23,Masters & above,f,other,1,35,3.0,3,0,0,79
50018,Sales & Marketing,region_11,Bachelors,m,other,1,34,5.0,7,1,0,54
37418,Sales & Marketing,region_2,Bachelors,m,sourcing,1,42,5.0,14,0,0,46
26676,Sales & Marketing,region_17,Bachelors,m,sourcing,1,32,5.0,6,1,1,46
50549,Procurement,region_16,Masters & above,f,sourcing,1,37,4.0,2,1,0,76
73567,Procurement,region_15,Masters & above,m,sourcing,1,43,5.0,7,1,0,74
70602,Operations,region_27,Bachelors,m,sourcing,3,27,,1,0,0,54
50835,Sales & Marketing,region_31,Bachelors,m,sourcing,1,37,5.0,5,1,0,49
61593,Operations,region_20,Bachelors,m,sourcing,1,30,5.0,2,1,0,57
41754,Procurement,region_2,Below Secondary,f,sourcing,1,20,3.0,2,1,0,71
54232,HR,region_2,Masters & above,m,other,2,53,4.0,12,0,0,51
38513,Legal,region_22,Bachelors,m,sourcing,1,38,3.0,7,0,0,65
3559,Sales & Marketing,region_6,Bachelors,m,other,1,30,2.0,2,0,0,52
33069,Technology,region_31,Bachelors,m,other,1,36,3.0,7,1,0,77
48923,Sales & Marketing,region_2,Bachelors,m,other,1,38,4.0,5,1,0,48
63369,Operations,region_22,Bachelors,f,other,1,35,4.0,6,0,0,76
40797,Procurement,region_2,Below Secondary,m,other,1,20,,1,1,0,74
39115,Legal,region_12,Bachelors,m,other,1,29,3.0,7,0,0,61
24136,Technology,region_2,Bachelors,m,sourcing,1,60,2.0,5,0,0,81
14900,Technology,region_13,Masters & above,f,other,2,35,2.0,5,0,0,83
69269,Sales & Marketing,region_7,Bachelors,m,other,1,29,3.0,6,0,0,48
67971,Operations,region_16,Bachelors,f,other,1,35,3.0,6,1,0,55
31432,Sales & Marketing,region_7,Masters & above,m,sourcing,1,43,3.0,2,1,1,48
23058,Analytics,region_2,Bachelors,m,other,1,43,1.0,9,0,0,82
52085,Technology,region_7,Bachelors,f,other,1,30,4.0,5,0,0,79
17557,Procurement,region_2,Bachelors,m,sourcing,1,34,2.0,5,1,0,72
39224,Technology,region_27,Bachelors,m,other,1,28,5.0,2,0,1,95
23301,Analytics,region_16,Bachelors,m,sourcing,1,30,4.0,9,0,0,86
56427,Sales & Marketing,region_22,Bachelors,f,other,2,26,3.0,2,0,0,48
34313,Sales & Marketing,region_2,Bachelors,f,sourcing,1,44,1.0,17,0,0,50
57222,Procurement,region_2,Bachelors,m,sourcing,1,44,3.0,7,0,0,71
51687,Sales & Marketing,region_6,Bachelors,m,other,1,32,2.0,4,0,0,51
37454,Operations,region_7,Bachelors,f,other,1,31,4.0,6,1,0,62
34645,Finance,region_2,Below Secondary,m,sourcing,1,24,3.0,2,1,0,57
77956,Sales & Marketing,region_2,Bachelors,m,other,1,46,5.0,15,0,0,50
4644,Sales & Marketing,region_7,Bachelors,m,other,2,44,3.0,7,1,0,50
44779,Operations,region_1,Bachelors,f,sourcing,1,27,3.0,3,0,0,63
2379,Sales & Marketing,region_16,,m,sourcing,1,23,,1,1,0,51
65412,Operations,region_26,Masters & above,f,sourcing,2,33,3.0,2,0,0,59
52202,Sales & Marketing,region_22,Masters & above,m,other,3,39,3.0,3,1,0,54
37982,Operations,region_4,Bachelors,m,other,1,26,4.0,2,1,0,59
15798,Sales & Marketing,region_22,Bachelors,m,sourcing,2,30,4.0,2,1,0,49
51112,Operations,region_23,Masters & above,f,other,1,35,4.0,7,1,0,57
70517,R&D,region_15,Masters & above,m,other,1,37,3.0,8,1,0,83
78283,Operations,region_12,Bachelors,f,sourcing,1,28,3.0,4,0,0,57
41167,Sales & Marketing,region_22,Masters & above,m,other,3,45,3.0,6,0,0,44
11393,Analytics,region_32,Bachelors,m,sourcing,1,26,5.0,3,1,0,84
54637,Analytics,region_13,Bachelors,m,sourcing,1,35,5.0,8,1,0,86
60196,Operations,region_22,Bachelors,m,sourcing,1,25,,1,1,0,61
75511,Technology,region_2,Bachelors,m,other,1,26,3.0,3,0,0,80
53418,Operations,region_15,Bachelors,f,other,1,31,4.0,5,1,0,57
73468,Sales & Marketing,region_31,Bachelors,m,other,3,34,1.0,9,0,0,46
75788,Legal,region_22,Bachelors,m,sourcing,1,30,4.0,3,0,0,58
42731,Finance,region_1,Masters & above,m,other,1,32,3.0,5,0,0,59
54132,Analytics,region_28,Bachelors,m,sourcing,1,33,5.0,4,1,0,84
30164,Procurement,region_14,Bachelors,m,sourcing,1,30,4.0,8,1,0,71
24916,Technology,region_7,Bachelors,m,other,1,31,5.0,7,1,0,79
3031,Sales & Marketing,region_31,Bachelors,m,other,1,30,2.0,2,0,0,48
33812,Operations,region_32,Bachelors,m,other,1,30,,1,1,0,58
21790,Analytics,region_24,Bachelors,m,sourcing,2,33,3.0,7,1,0,85
13273,Technology,region_22,Bachelors,m,sourcing,5,28,1.0,2,1,0,76
73285,Finance,region_7,Bachelors,m,other,1,35,3.0,5,0,0,63
76591,Sales & Marketing,region_13,Masters & above,m,sourcing,1,46,1.0,14,0,0,48
54278,Analytics,region_29,Bachelors,m,other,1,31,3.0,5,0,0,83
62541,HR,region_7,Masters & above,f,sourcing,1,40,3.0,6,0,0,53
42133,Analytics,region_28,Bachelors,m,other,1,27,2.0,3,1,0,72
55467,Finance,region_2,Bachelors,m,other,1,26,4.0,4,1,0,61
22846,Operations,region_22,Masters & above,f,sourcing,1,33,3.0,7,0,0,61
52189,Sales & Marketing,region_32,Masters & above,m,other,1,27,,1,0,0,52
50275,Analytics,region_7,Bachelors,m,sourcing,1,32,4.0,4,1,0,85
60674,Operations,region_15,Masters & above,m,other,1,41,4.0,3,0,0,60
6235,Technology,region_2,Bachelors,f,referred,1,51,5.0,15,0,0,88
31645,Legal,region_6,Bachelors,m,other,1,30,5.0,4,0,0,60
21999,Sales & Marketing,region_22,Masters & above,m,other,1,42,3.0,10,1,0,49
72133,Sales & Marketing,region_1,Masters & above,m,sourcing,1,33,5.0,4,0,0,45
55976,R&D,region_2,Masters & above,m,other,1,33,4.0,8,0,0,89
48533,Operations,region_2,,m,other,1,29,2.0,5,1,0,55
10843,Procurement,region_2,Masters & above,m,sourcing,1,58,3.0,4,1,0,68
29761,Technology,region_2,Masters & above,f,other,1,50,3.0,8,0,0,84
33176,Sales & Marketing,region_32,Bachelors,m,sourcing,1,27,5.0,2,1,0,50
13072,Sales & Marketing,region_2,Bachelors,f,other,2,32,5.0,7,1,0,49
58836,Finance,region_26,Bachelors,f,other,1,29,4.0,7,0,0,67
77304,Procurement,region_20,Bachelors,m,sourcing,1,35,3.0,4,0,0,70
19336,Operations,region_4,Bachelors,m,other,1,40,,1,1,0,62
14831,Technology,region_16,Bachelors,m,other,1,33,3.0,3,0,0,81
54527,Sales & Marketing,region_10,Masters & above,m,other,1,32,2.0,3,0,0,47
3861,Sales & Marketing,region_2,Bachelors,m,referred,1,37,4.0,2,0,0,53
8383,Technology,region_26,Bachelors,f,sourcing,2,32,4.0,6,0,0,84
69087,Analytics,region_28,Masters & above,m,other,1,36,4.0,4,0,0,81
60736,Procurement,region_15,Bachelors,f,other,1,37,3.0,5,0,0,69
60482,Finance,region_2,Bachelors,m,sourcing,1,33,1.0,3,0,0,61
67830,Technology,region_5,Bachelors,f,sourcing,1,36,4.0,4,0,0,79
3222,Operations,region_31,Bachelors,f,other,1,35,4.0,4,1,0,58
38403,Analytics,region_25,Bachelors,m,other,2,31,5.0,6,0,0,81
27904,Sales & Marketing,region_4,Masters & above,m,other,1,34,5.0,6,1,0,47
6604,Technology,region_2,Bachelors,m,other,3,39,4.0,13,0,0,84
18805,Technology,region_22,Bachelors,m,sourcing,2,27,3.0,2,1,0,79
700,Analytics,region_22,,m,other,1,33,3.0,10,1,0,87
55039,R&D,region_22,Bachelors,m,other,1,36,4.0,7,1,0,83
66342,Analytics,region_7,Bachelors,m,other,1,30,1.0,2,0,0,87
76865,Sales & Marketing,region_30,Bachelors,m,sourcing,1,33,1.0,3,0,0,49
43704,Technology,region_25,Bachelors,f,other,1,30,3.0,4,0,0,80
42233,Sales & Marketing,region_27,Bachelors,m,sourcing,1,33,3.0,8,0,0,48
61556,Technology,region_22,Bachelors,m,referred,2,26,1.0,3,1,0,75
1426,Legal,region_13,Bachelors,m,other,1,34,5.0,6,1,0,56
44586,Operations,region_14,Masters & above,m,sourcing,1,39,3.0,9,0,0,57
69668,Technology,region_25,Masters & above,m,sourcing,1,32,4.0,5,1,0,80
51159,Technology,region_26,Masters & above,f,other,1,39,3.0,4,1,0,84
15624,Operations,region_2,Bachelors,m,other,1,47,1.0,17,0,0,60
14154,Operations,region_11,Masters & above,m,sourcing,2,44,5.0,6,1,0,64
48724,Sales & Marketing,region_6,Bachelors,m,other,1,36,4.0,9,0,0,53
77896,Sales & Marketing,region_7,Masters & above,m,other,1,37,1.0,4,0,0,51
72770,Technology,region_2,Masters & above,m,other,2,39,3.0,4,0,0,76
41678,Operations,region_13,Bachelors,f,other,1,44,3.0,4,0,0,57
37713,Sales & Marketing,region_13,Bachelors,m,other,1,50,4.0,7,0,0,48
5027,Sales & Marketing,region_15,Bachelors,m,other,1,27,,1,0,0,48
31242,Analytics,region_2,Masters & above,m,other,1,32,3.0,4,1,0,88
2001,Operations,region_8,Bachelors,m,sourcing,1,30,5.0,3,0,0,70
32467,Sales & Marketing,region_2,Bachelors,f,sourcing,1,55,5.0,5,1,0,52
50785,Procurement,region_8,Masters & above,m,other,1,32,3.0,7,1,1,71
10645,Procurement,region_22,Bachelors,m,other,1,24,1.0,2,0,0,69
46145,Operations,region_15,Bachelors,f,other,1,37,5.0,7,1,0,60
27978,Procurement,region_2,,f,sourcing,1,35,5.0,5,0,0,74
48495,Sales & Marketing,region_28,Masters & above,m,other,1,33,3.0,10,1,0,45
44640,Sales & Marketing,region_22,Bachelors,m,other,2,27,3.0,3,1,0,50
16770,Technology,region_2,Masters & above,m,sourcing,1,54,4.0,18,1,0,77
10888,Sales & Marketing,region_32,Bachelors,m,other,1,26,,1,1,0,47
63165,Sales & Marketing,region_13,Bachelors,f,other,1,31,3.0,3,0,0,49
62413,Sales & Marketing,region_26,Masters & above,m,sourcing,1,44,5.0,7,1,0,49
52389,Sales & Marketing,region_28,Bachelors,m,other,1,34,5.0,5,1,0,49
19744,Analytics,region_22,Bachelors,m,sourcing,2,28,3.0,6,0,0,88
22982,HR,region_2,Masters & above,m,other,2,59,3.0,3,0,0,50
11731,Sales & Marketing,region_22,Masters & above,m,sourcing,1,31,2.0,4,0,0,53
76163,R&D,region_25,Bachelors,m,other,1,31,5.0,3,0,0,84
45584,Sales & Marketing,region_7,,m,other,1,32,3.0,5,1,0,47
14963,Sales & Marketing,region_26,Bachelors,m,other,2,34,5.0,7,1,0,50
39251,Operations,region_22,Masters & above,m,sourcing,1,39,4.0,4,1,0,60
65632,Legal,region_26,Bachelors,m,other,1,34,1.0,6,0,0,60
49791,Sales & Marketing,region_2,Bachelors,m,sourcing,3,29,3.0,3,0,0,52
69274,Sales & Marketing,region_4,Bachelors,m,sourcing,1,49,3.0,9,0,0,50
45655,Procurement,region_2,Below Secondary,f,other,1,23,,1,1,0,72
70577,Sales & Marketing,region_15,,m,sourcing,1,37,2.0,9,0,0,53
11195,Operations,region_4,Bachelors,f,sourcing,1,36,5.0,7,0,0,70
13572,Operations,region_24,Bachelors,m,other,1,33,1.0,6,0,0,61
33138,Procurement,region_15,Masters & above,f,other,1,38,3.0,2,1,0,66
18799,Sales & Marketing,region_13,Bachelors,m,sourcing,1,40,1.0,14,0,0,51
65694,Technology,region_2,Bachelors,f,other,1,24,1.0,2,0,0,82
9061,Finance,region_28,Bachelors,f,sourcing,1,30,5.0,4,0,0,65
54855,Technology,region_2,Bachelors,f,other,1,49,4.0,16,0,0,80
1365,HR,region_2,Bachelors,m,other,1,44,3.0,16,0,0,48
48550,Sales & Marketing,region_22,Bachelors,m,other,1,47,2.0,5,0,0,46
23693,Procurement,region_13,Bachelors,m,other,2,45,3.0,6,1,0,72
53296,Operations,region_6,Bachelors,f,sourcing,1,49,5.0,4,1,0,62
12307,Analytics,region_7,Bachelors,m,other,1,29,4.0,5,0,0,86
4963,Sales & Marketing,region_10,Bachelors,m,sourcing,1,31,3.0,5,0,0,48
44713,Finance,region_2,Bachelors,m,other,1,24,,1,0,0,65
63943,Procurement,region_2,Bachelors,f,sourcing,1,31,3.0,3,0,0,72
15059,Sales & Marketing,region_11,Bachelors,m,other,1,39,5.0,4,0,0,46
17154,Sales & Marketing,region_2,Masters & above,m,sourcing,1,50,4.0,19,0,0,50
77219,Sales & Marketing,region_2,Masters & above,m,sourcing,1,41,4.0,10,0,0,49
46989,Operations,region_26,Bachelors,f,sourcing,1,27,5.0,4,1,0,61
19224,Sales & Marketing,region_31,,f,other,1,30,3.0,5,0,0,48
37625,Sales & Marketing,region_13,Bachelors,m,sourcing,1,57,4.0,14,1,0,54
63102,Sales & Marketing,region_28,Bachelors,m,other,1,35,1.0,5,0,0,62
68903,Sales & Marketing,region_14,Bachelors,m,sourcing,1,34,3.0,5,0,0,47
35136,Operations,region_1,Bachelors,f,sourcing,3,27,1.0,2,1,0,65
45240,Technology,region_31,Bachelors,m,sourcing,1,34,2.0,6,1,0,85
71927,Sales & Marketing,region_27,Bachelors,m,other,1,36,5.0,3,0,0,53
46358,Analytics,region_2,Masters & above,f,sourcing,1,34,5.0,3,0,0,79
67758,Analytics,region_22,Bachelors,f,sourcing,1,24,,1,1,0,83
14970,Operations,region_11,Bachelors,f,sourcing,1,32,5.0,8,1,0,60
31674,Procurement,region_9,Bachelors,m,sourcing,1,27,1.0,3,1,0,71
59930,HR,region_7,Masters & above,m,other,1,37,4.0,2,1,0,50
14414,Sales & Marketing,region_31,Bachelors,f,other,1,30,5.0,2,1,0,43
38253,Operations,region_2,Masters & above,m,other,2,40,3.0,11,1,0,63
12678,Sales & Marketing,region_28,Bachelors,m,sourcing,1,38,3.0,9,0,0,51
36920,Sales & Marketing,region_14,Bachelors,m,other,1,31,1.0,6,0,0,59
45378,Sales & Marketing,region_31,Bachelors,m,other,1,32,4.0,3,1,0,43
2159,Procurement,region_2,Bachelors,m,sourcing,2,33,3.0,2,1,0,71
3295,Procurement,region_2,Bachelors,m,sourcing,2,42,3.0,7,1,0,68
42548,Operations,region_26,Bachelors,f,sourcing,1,29,2.0,3,0,0,54
42744,Operations,region_11,Bachelors,m,sourcing,1,29,4.0,4,0,0,57
65586,HR,region_32,Bachelors,m,other,1,35,2.0,5,0,0,51
55487,Operations,region_22,Bachelors,m,other,2,40,5.0,9,1,0,60
55146,Operations,region_19,Bachelors,m,other,1,45,5.0,13,1,0,62
8604,R&D,region_26,Bachelors,m,sourcing,1,34,4.0,8,0,0,87
28596,Sales & Marketing,region_22,Bachelors,m,sourcing,2,26,2.0,4,0,0,52
29086,Procurement,region_27,Bachelors,f,other,1,29,3.0,2,0,0,73
77531,Sales & Marketing,region_11,Bachelors,m,other,1,40,3.0,5,0,0,51
25690,Sales & Marketing,region_11,Bachelors,m,other,1,41,3.0,3,1,0,53
28027,Technology,region_7,Bachelors,m,sourcing,1,29,4.0,2,1,0,78
26616,Operations,region_2,Bachelors,m,sourcing,1,34,5.0,9,1,0,58
33988,HR,region_12,Bachelors,m,sourcing,1,31,5.0,6,1,0,50
54215,Procurement,region_22,Bachelors,m,sourcing,2,29,1.0,3,0,0,73
10048,Operations,region_2,Masters & above,f,sourcing,1,38,5.0,4,1,0,58
30356,Finance,region_2,Bachelors,f,other,1,27,3.0,2,0,0,59
26153,Analytics,region_29,Bachelors,m,sourcing,1,32,4.0,7,0,0,86
55080,HR,region_11,Bachelors,m,other,1,25,4.0,1,1,0,65
39503,Analytics,region_22,Masters & above,f,other,2,30,,1,1,0,86
31580,Procurement,region_2,Bachelors,m,other,1,51,3.0,6,1,0,70
60554,Operations,region_2,Masters & above,f,other,1,37,2.0,10,0,0,58
31723,Technology,region_30,Masters & above,f,sourcing,1,34,3.0,7,0,0,82
30983,Sales & Marketing,region_31,Bachelors,m,sourcing,1,27,3.0,2,0,0,42
63000,Analytics,region_23,Bachelors,m,sourcing,2,35,5.0,5,0,0,83
69414,Sales & Marketing,region_15,Masters & above,m,other,1,30,3.0,4,0,0,49
54128,Sales & Marketing,region_22,Bachelors,m,other,1,48,5.0,16,0,0,49
12226,Sales & Marketing,region_13,Bachelors,m,sourcing,1,27,4.0,4,0,0,51
48474,Sales & Marketing,region_16,Bachelors,m,sourcing,1,33,5.0,4,0,0,47
77425,Operations,region_2,Bachelors,m,sourcing,1,39,4.0,3,0,0,61
21609,Technology,region_13,Bachelors,f,other,1,26,5.0,4,1,0,77
69429,Sales & Marketing,region_22,Masters & above,m,other,2,51,2.0,6,0,0,47
55912,Sales & Marketing,region_15,,m,sourcing,1,39,5.0,10,0,0,51
16690,Operations,region_28,Bachelors,m,sourcing,1,35,4.0,4,0,0,61
66055,Operations,region_29,Masters & above,m,other,1,35,3.0,5,0,0,59
40059,Technology,region_22,Masters & above,m,other,3,36,4.0,6,1,0,81
27627,Procurement,region_17,Bachelors,m,sourcing,1,44,3.0,16,0,0,69
77130,Technology,region_2,Bachelors,m,sourcing,1,45,3.0,16,0,0,81
54916,Sales & Marketing,region_19,Masters & above,m,other,1,37,1.0,3,0,0,48
72248,Finance,region_28,Masters & above,m,sourcing,3,32,3.0,6,0,0,59
32669,HR,region_22,Masters & above,f,other,1,32,5.0,3,0,0,47
2767,Analytics,region_2,Masters & above,m,other,2,43,3.0,7,0,0,86
59820,Sales & Marketing,region_8,Masters & above,m,sourcing,1,33,4.0,5,1,0,51
12586,Sales & Marketing,region_12,Bachelors,m,other,1,30,1.0,2,0,0,56
27620,Sales & Marketing,region_2,,m,other,3,49,2.0,20,0,0,51
15636,Procurement,region_8,Bachelors,f,other,1,32,4.0,8,0,0,70
25038,Operations,region_15,Bachelors,m,sourcing,3,30,3.0,3,1,0,57
44850,Sales & Marketing,region_3,Masters & above,m,sourcing,1,42,5.0,6,0,0,48
9933,Operations,region_5,Bachelors,m,sourcing,1,33,3.0,9,0,0,63
63649,Sales & Marketing,region_28,Masters & above,f,other,1,29,3.0,6,0,0,46
39585,Operations,region_4,Bachelors,f,other,1,38,4.0,4,1,0,60
28131,Analytics,region_7,,m,sourcing,1,26,3.0,5,0,0,80
73418,Sales & Marketing,region_2,Bachelors,m,other,3,39,2.0,3,0,0,48
9978,Operations,region_2,Bachelors,m,sourcing,2,28,,1,0,0,60
38266,Procurement,region_22,Bachelors,m,other,4,29,5.0,4,1,0,69
68401,Sales & Marketing,region_11,Masters & above,m,other,1,40,3.0,8,0,0,49
3486,HR,region_2,Masters & above,f,other,1,40,3.0,5,1,0,48
27529,Sales & Marketing,region_21,Bachelors,m,other,1,32,1.0,10,0,0,48
44582,Operations,region_7,Bachelors,f,other,2,29,,1,0,0,61
20300,Operations,region_2,Masters & above,m,other,1,40,3.0,6,0,0,62
61702,Operations,region_26,,m,sourcing,1,29,4.0,4,1,0,57
56940,R&D,region_2,Bachelors,m,sourcing,1,41,3.0,5,1,0,82
33995,Technology,region_22,Masters & above,m,other,3,34,4.0,10,0,0,78
70259,Sales & Marketing,region_16,Bachelors,m,sourcing,1,25,2.0,2,0,0,51
11926,Sales & Marketing,region_22,Bachelors,m,other,7,25,1.0,2,0,0,53
73513,Sales & Marketing,region_9,,m,other,1,39,1.0,7,0,0,53
730,Operations,region_15,Masters & above,m,other,1,43,1.0,15,0,0,65
7842,Analytics,region_1,Bachelors,m,sourcing,2,31,5.0,7,1,0,79
67340,Sales & Marketing,region_1,Masters & above,m,other,1,46,1.0,16,0,0,49
10154,Analytics,region_32,Bachelors,f,other,1,28,5.0,3,1,0,82
13552,Analytics,region_2,Bachelors,m,sourcing,2,29,3.0,5,0,0,81
76012,Analytics,region_27,Bachelors,m,sourcing,1,26,5.0,3,1,0,83
22366,Operations,region_8,Masters & above,m,other,1,45,3.0,15,0,0,58
13,Sales & Marketing,region_17,Bachelors,m,other,1,38,1.0,5,1,0,47
15451,Technology,region_11,Bachelors,f,sourcing,1,26,4.0,3,1,0,80
26604,HR,region_2,,m,other,1,34,5.0,9,1,0,55
31041,Sales & Marketing,region_22,Masters & above,m,sourcing,2,32,5.0,9,1,0,52
24575,Analytics,region_7,Masters & above,m,other,1,33,5.0,6,1,0,83
63664,Sales & Marketing,region_7,Bachelors,m,sourcing,1,46,1.0,3,0,0,49
50419,Analytics,region_21,Bachelors,f,sourcing,1,30,2.0,4,0,0,85
5606,Analytics,region_19,Bachelors,m,sourcing,2,30,4.0,3,0,0,83
7434,Technology,region_31,Bachelors,f,other,1,39,3.0,5,1,0,81
15614,Operations,region_2,Bachelors,f,sourcing,1,28,4.0,4,0,0,62
65115,Sales & Marketing,region_28,Masters & above,m,other,1,30,2.0,5,0,0,48
74808,Sales & Marketing,region_13,Bachelors,f,other,1,39,3.0,3,0,0,47
36879,Sales & Marketing,region_28,Bachelors,f,other,1,28,5.0,2,1,0,51
8016,Sales & Marketing,region_22,Bachelors,m,other,6,27,,1,0,0,51
55181,Operations,region_11,Bachelors,m,other,1,30,3.0,4,0,0,62
65488,Procurement,region_27,Bachelors,m,other,1,35,3.0,7,1,0,71
13461,Procurement,region_2,Bachelors,m,other,1,34,4.0,4,1,0,72
62213,Sales & Marketing,region_15,Bachelors,m,other,2,29,2.0,2,0,0,51
32028,Procurement,region_8,Bachelors,f,other,1,35,3.0,6,0,0,70
58701,Operations,region_2,Masters & above,m,other,1,44,2.0,11,0,0,58
11387,Operations,region_15,Bachelors,m,sourcing,1,36,3.0,4,1,0,55
12841,Technology,region_15,Bachelors,m,other,2,35,1.0,3,0,0,79
54698,Finance,region_15,Masters & above,m,other,1,32,1.0,3,0,0,67
6012,Legal,region_31,Bachelors,m,sourcing,1,31,4.0,6,1,0,63
46546,Operations,region_11,Masters & above,m,other,1,40,3.0,6,1,0,60
24698,Finance,region_2,Masters & above,m,other,1,41,4.0,12,0,0,58
27053,Procurement,region_22,Bachelors,m,other,1,30,3.0,4,1,0,68
8642,Technology,region_7,Bachelors,f,sourcing,2,32,4.0,8,0,0,84
38181,Procurement,region_2,Bachelors,f,sourcing,1,50,3.0,9,1,0,68
18135,Sales & Marketing,region_4,Masters & above,m,other,1,41,5.0,11,0,0,55
20001,Operations,region_2,Masters & above,f,referred,1,54,3.0,6,1,0,61
27879,Sales & Marketing,region_2,Bachelors,f,sourcing,1,29,1.0,1,1,0,42
2512,Operations,region_17,Bachelors,m,other,1,39,3.0,12,0,0,58
3864,Analytics,region_13,Bachelors,m,other,1,46,4.0,6,0,0,82
60514,Procurement,region_16,Masters & above,f,other,1,37,5.0,8,1,0,70
49882,Sales & Marketing,region_2,Masters & above,m,sourcing,2,56,4.0,11,1,0,86
13093,Analytics,region_15,Bachelors,m,other,2,31,4.0,2,0,0,82
44937,Technology,region_28,Bachelors,m,sourcing,1,30,3.0,4,0,0,79
47317,Technology,region_7,Bachelors,f,other,2,36,4.0,4,1,0,84
74829,Operations,region_4,Bachelors,f,sourcing,1,37,3.0,10,1,0,61
13158,Sales & Marketing,region_13,Bachelors,m,sourcing,1,35,4.0,3,0,0,50
70287,Procurement,region_17,Bachelors,m,sourcing,1,26,2.0,4,0,0,70
18940,Procurement,region_7,Bachelors,m,other,2,31,3.0,6,0,0,67
61474,HR,region_31,Bachelors,m,sourcing,1,31,2.0,3,1,0,49
76401,Analytics,region_26,Bachelors,m,other,2,31,3.0,4,0,0,87
44681,Operations,region_15,Bachelors,m,other,1,33,3.0,7,1,0,61
39325,Technology,region_33,Bachelors,m,sourcing,1,29,2.0,2,0,0,82
73697,Sales & Marketing,region_10,Bachelors,m,other,1,29,3.0,2,0,0,51
37938,R&D,region_17,Masters & above,m,other,1,30,5.0,4,1,0,96
12221,HR,region_15,Bachelors,m,other,1,30,3.0,7,0,0,44
56616,Finance,region_14,Bachelors,m,sourcing,1,35,1.0,7,0,0,58
38409,Technology,region_7,Bachelors,m,other,2,30,4.0,5,1,0,78
46340,Operations,region_2,,f,sourcing,1,54,5.0,7,1,0,54
18764,Operations,region_2,Bachelors,m,other,1,29,3.0,4,1,0,61
30519,Operations,region_22,Masters & above,m,sourcing,1,42,3.0,9,0,0,69
19281,Procurement,region_17,Bachelors,f,other,2,40,3.0,5,0,0,70
57374,Procurement,region_17,Bachelors,m,other,1,28,,1,1,0,69
58182,Operations,region_22,Bachelors,m,other,2,44,5.0,4,1,1,60
42115,Analytics,region_24,Bachelors,m,other,1,33,1.0,6,1,0,83
19084,Sales & Marketing,region_4,Bachelors,f,sourcing,1,33,4.0,7,1,0,50
63451,Finance,region_4,Masters & above,m,other,1,38,2.0,5,0,0,60
19468,HR,region_33,Bachelors,m,other,2,32,5.0,3,1,0,44
49074,Operations,region_11,Bachelors,m,sourcing,1,30,3.0,6,1,0,63
76064,Technology,region_28,Masters & above,m,sourcing,1,36,5.0,10,1,0,79
51016,Legal,region_2,Below Secondary,f,other,1,25,3.0,2,1,0,61
71534,Operations,region_32,Bachelors,m,other,1,37,5.0,9,0,0,59
49776,Technology,region_22,Bachelors,f,other,4,27,5.0,4,1,0,80
6454,Operations,region_15,Bachelors,f,other,1,34,4.0,3,1,0,60
48740,Sales & Marketing,region_28,Bachelors,m,sourcing,1,29,3.0,5,0,0,48
68968,Analytics,region_4,Bachelors,m,other,1,39,4.0,12,1,0,83
1155,Analytics,region_7,Bachelors,m,other,1,44,3.0,4,0,0,86
64622,Sales & Marketing,region_1,Bachelors,m,sourcing,2,25,1.0,2,0,0,53
15106,Sales & Marketing,region_2,Bachelors,f,sourcing,2,36,1.0,10,0,0,48
44193,Sales & Marketing,region_22,Bachelors,m,other,1,20,,1,0,0,49
14986,Technology,region_13,Masters & above,f,other,1,34,3.0,3,1,0,75
59823,Sales & Marketing,region_22,Bachelors,m,sourcing,2,32,3.0,10,0,0,48
69974,Sales & Marketing,region_22,Bachelors,f,other,1,31,5.0,3,1,0,55
31325,Analytics,region_22,Bachelors,m,other,1,34,5.0,5,0,0,86
64256,Technology,region_2,Masters & above,m,sourcing,1,46,3.0,5,0,0,83
32485,Sales & Marketing,region_13,Bachelors,f,other,1,37,4.0,10,0,0,51
63960,Procurement,region_10,Masters & above,m,other,1,35,2.0,9,1,0,70
60879,Sales & Marketing,region_13,Bachelors,m,sourcing,1,46,5.0,2,1,1,51
5166,Sales & Marketing,region_26,Bachelors,f,other,1,38,3.0,5,0,0,52
17,Sales & Marketing,region_7,Bachelors,m,sourcing,1,50,5.0,13,0,0,47
7995,Sales & Marketing,region_17,Bachelors,m,sourcing,1,35,5.0,4,1,0,46
74990,Sales & Marketing,region_7,Bachelors,m,referred,1,32,5.0,2,1,0,52
52192,Technology,region_2,Bachelors,f,sourcing,1,42,3.0,12,0,0,81
42095,Sales & Marketing,region_6,Bachelors,m,sourcing,1,30,5.0,4,0,0,50
6858,Sales & Marketing,region_17,Masters & above,m,other,1,41,3.0,15,0,0,47
33879,Sales & Marketing,region_22,Masters & above,m,other,2,38,5.0,7,1,0,48
68409,Sales & Marketing,region_7,Bachelors,f,other,2,30,1.0,5,0,0,48
48703,Analytics,region_31,Bachelors,m,other,1,28,3.0,4,0,0,82
38447,Sales & Marketing,region_14,Bachelors,m,other,1,37,3.0,3,0,0,50
75836,Technology,region_2,Bachelors,f,sourcing,1,43,1.0,16,0,0,79
24377,Sales & Marketing,region_13,Bachelors,f,sourcing,1,36,5.0,7,1,0,51
65900,Legal,region_2,Bachelors,f,other,1,37,4.0,8,0,0,59
56869,Procurement,region_7,Bachelors,m,other,6,42,4.0,12,0,0,66
59514,Sales & Marketing,region_22,Masters & above,m,sourcing,1,31,3.0,6,0,0,46
44899,Sales & Marketing,region_15,Bachelors,m,other,1,27,,1,1,0,44
29310,Technology,region_2,Bachelors,f,other,2,34,2.0,5,0,0,77
68779,Sales & Marketing,region_2,,m,other,1,20,1.0,2,0,0,52
46947,Operations,region_7,Bachelors,f,other,1,25,,1,0,0,60
64843,Sales & Marketing,region_22,Bachelors,m,sourcing,3,26,,1,0,0,49
58070,Analytics,region_22,Bachelors,f,other,2,27,,1,1,0,84
52218,Operations,region_30,Bachelors,f,other,1,28,4.0,5,1,0,55
58475,Technology,region_5,Bachelors,f,other,1,30,3.0,4,1,0,83
49820,Sales & Marketing,region_26,,m,sourcing,1,24,,1,0,0,43
53816,Sales & Marketing,region_12,Bachelors,m,other,1,27,3.0,3,1,0,97
32909,Procurement,region_23,Masters & above,m,other,1,33,5.0,4,0,0,70
25889,Analytics,region_22,Bachelors,f,sourcing,1,31,3.0,5,1,1,85
40516,Operations,region_23,Masters & above,m,other,1,32,5.0,3,0,0,60
46726,Sales & Marketing,region_22,Masters & above,m,other,1,31,2.0,4,0,0,55
68344,Procurement,region_26,Masters & above,m,sourcing,1,46,3.0,8,0,0,68
54098,Sales & Marketing,region_19,Bachelors,f,other,1,32,1.0,4,0,0,49
43051,Operations,region_7,Bachelors,f,other,1,29,3.0,5,0,0,64
7168,HR,region_8,Bachelors,m,sourcing,1,27,,1,1,0,48
39098,Sales & Marketing,region_11,Bachelors,m,sourcing,1,30,4.0,4,1,0,47
61379,Operations,region_2,Masters & above,f,sourcing,1,51,3.0,7,0,0,63
48226,Finance,region_2,Bachelors,m,other,1,58,5.0,17,0,0,63
49416,Operations,region_29,Bachelors,f,other,1,32,3.0,5,0,0,62
20004,Operations,region_2,Masters & above,f,sourcing,1,38,5.0,10,0,0,64
31043,Operations,region_22,Below Secondary,m,sourcing,1,25,3.0,2,0,0,62
32449,Operations,region_2,Bachelors,f,sourcing,1,30,3.0,3,0,0,64
30937,Finance,region_22,Bachelors,m,other,2,32,4.0,5,0,0,58
24625,Sales & Marketing,region_22,Masters & above,m,sourcing,1,45,1.0,17,0,0,47
44241,Procurement,region_2,Bachelors,f,other,1,40,1.0,14,0,0,69
14779,Operations,region_13,Bachelors,f,other,1,48,4.0,13,0,0,60
66753,Finance,region_2,Masters & above,m,sourcing,1,57,4.0,3,0,0,60
44627,Sales & Marketing,region_29,Bachelors,m,other,1,31,2.0,7,0,0,52
1084,Sales & Marketing,region_10,Bachelors,m,other,1,29,1.0,2,0,0,45
12437,Technology,region_14,Bachelors,m,other,2,26,1.0,2,0,0,78
50849,Operations,region_17,Masters & above,f,sourcing,1,35,5.0,2,1,0,59
45189,Sales & Marketing,region_22,Bachelors,m,referred,1,29,4.0,3,0,0,51
43840,Analytics,region_2,Masters & above,m,other,2,50,3.0,11,0,0,86
4680,Procurement,region_13,Masters & above,f,other,1,33,3.0,5,1,0,98
33650,Sales & Marketing,region_3,Masters & above,m,other,1,36,5.0,6,1,0,53
55210,Operations,region_6,Bachelors,m,other,1,28,3.0,4,0,0,61
64365,Operations,region_23,Masters & above,m,other,1,45,3.0,14,0,0,57
3074,Sales & Marketing,region_2,Bachelors,m,other,1,28,2.0,2,0,0,47
11977,Analytics,region_22,Masters & above,m,sourcing,1,33,4.0,8,1,0,86
34573,Technology,region_22,Bachelors,m,referred,2,27,4.0,3,1,0,78
4227,Operations,region_4,Masters & above,m,sourcing,1,47,4.0,7,0,0,66
9534,Sales & Marketing,region_2,,m,sourcing,1,33,1.0,10,0,0,50
8764,Procurement,region_5,Masters & above,m,sourcing,1,35,1.0,3,0,0,64
23394,HR,region_7,Bachelors,f,other,1,31,3.0,7,0,0,49
11013,Operations,region_4,Bachelors,f,other,1,45,5.0,7,1,0,64
75781,Analytics,region_25,Bachelors,m,sourcing,1,28,3.0,6,1,0,85
64404,Operations,region_15,Bachelors,m,sourcing,1,37,5.0,5,1,0,60
50765,Analytics,region_22,Bachelors,m,other,1,26,,1,1,0,84
23000,Procurement,region_2,Masters & above,f,other,1,56,3.0,17,0,0,66
17550,Technology,region_7,Bachelors,m,other,1,28,4.0,5,1,0,79
70027,HR,region_7,Bachelors,f,sourcing,1,32,1.0,6,0,0,46
8526,Procurement,region_17,Masters & above,m,other,1,52,3.0,13,0,0,65
63747,HR,region_2,Bachelors,f,other,1,49,4.0,2,0,0,50
56633,Sales & Marketing,region_20,Bachelors,m,other,2,31,4.0,7,0,0,46
26527,Sales & Marketing,region_13,Bachelors,m,sourcing,1,31,3.0,3,1,0,53
49352,Sales & Marketing,region_2,Bachelors,m,sourcing,4,46,4.0,15,0,0,52
11841,Sales & Marketing,region_2,Bachelors,m,other,1,41,3.0,7,0,0,47
28334,Procurement,region_13,Masters & above,m,sourcing,1,37,3.0,7,1,0,70
3502,Technology,region_23,Masters & above,m,other,1,53,3.0,6,1,1,91
71972,Sales & Marketing,region_13,Bachelors,f,sourcing,1,27,,1,1,0,48
21004,Operations,region_2,Masters & above,m,other,1,39,3.0,4,1,0,60
40393,Sales & Marketing,region_2,Bachelors,m,other,1,53,1.0,6,0,0,45
47504,Operations,region_7,Bachelors,m,sourcing,1,35,5.0,10,1,0,62
33489,Technology,region_22,Bachelors,f,other,1,26,1.0,3,0,0,83
48207,Operations,region_13,Bachelors,m,sourcing,1,43,2.0,4,0,0,58
76553,Sales & Marketing,region_22,,m,sourcing,2,26,3.0,4,0,0,50
45932,Procurement,region_23,Bachelors,m,sourcing,1,31,,1,0,0,72
1951,Sales & Marketing,region_7,,m,other,1,29,,1,1,0,53
50819,Technology,region_17,Bachelors,m,sourcing,1,26,5.0,2,1,0,81
34297,Sales & Marketing,region_22,Bachelors,m,other,1,34,3.0,3,0,0,51
57494,Technology,region_2,Masters & above,f,other,2,38,3.0,7,1,0,77
23643,Procurement,region_13,Masters & above,m,sourcing,1,31,,1,0,0,69
71910,Analytics,region_16,Bachelors,m,sourcing,1,27,3.0,2,0,0,82
31443,Operations,region_2,Masters & above,f,sourcing,1,44,2.0,7,0,0,63
63485,Procurement,region_14,Bachelors,f,other,1,29,5.0,2,1,0,70
2801,Operations,region_19,Bachelors,m,other,1,27,,1,0,0,56
16841,Operations,region_2,Masters & above,m,other,1,34,4.0,4,1,0,59
8493,HR,region_15,Masters & above,m,sourcing,1,33,1.0,7,0,0,51
30792,Sales & Marketing,region_4,Masters & above,m,other,1,40,3.0,2,1,0,49
74342,Finance,region_22,Bachelors,m,sourcing,2,24,4.0,2,1,0,67
22709,Sales & Marketing,region_2,Bachelors,m,referred,1,36,3.0,4,0,0,48
44706,Analytics,region_29,Bachelors,m,sourcing,1,38,3.0,3,0,0,84
15893,Sales & Marketing,region_2,Bachelors,f,sourcing,1,31,1.0,3,0,0,51
75743,Technology,region_31,Bachelors,f,other,1,30,1.0,7,1,0,84
39548,Technology,region_13,Masters & above,m,other,1,54,4.0,3,0,0,80
14041,Procurement,region_17,Masters & above,m,other,1,60,3.0,6,0,0,65
54785,Operations,region_27,Bachelors,f,other,1,40,3.0,12,0,0,61
68885,Operations,region_13,Bachelors,m,other,1,36,2.0,10,0,0,63
36871,Operations,region_11,Bachelors,f,other,1,30,5.0,3,0,0,59
55401,Sales & Marketing,region_16,Bachelors,m,other,1,37,3.0,4,1,0,46
4955,Procurement,region_2,Masters & above,f,sourcing,1,55,4.0,15,0,0,71
76506,Sales & Marketing,region_32,Bachelors,m,sourcing,1,35,1.0,10,0,0,47
48413,Procurement,region_2,Masters & above,f,other,1,47,2.0,3,0,0,67
68120,Operations,region_26,Masters & above,m,sourcing,1,44,2.0,7,1,0,58
11269,Analytics,region_22,Bachelors,f,other,3,27,1.0,5,0,0,90
12925,Procurement,region_4,Masters & above,m,sourcing,1,34,4.0,3,0,0,63
64982,Procurement,region_7,Bachelors,m,other,3,35,2.0,11,0,0,70
51080,Operations,region_19,Bachelors,m,sourcing,1,33,4.0,2,0,0,63
56902,Technology,region_2,Bachelors,f,other,1,28,5.0,2,1,1,98
12638,Analytics,region_22,Bachelors,m,other,2,39,5.0,9,1,0,82
58617,Sales & Marketing,region_31,Bachelors,m,sourcing,1,37,3.0,7,1,0,44
18581,Procurement,region_15,Bachelors,f,sourcing,1,33,5.0,7,1,0,68
50204,Procurement,region_31,Bachelors,f,other,2,32,3.0,5,0,0,73
70832,Sales & Marketing,region_2,Bachelors,f,sourcing,1,39,4.0,3,0,0,51
38867,Sales & Marketing,region_32,Bachelors,m,sourcing,1,26,4.0,3,0,0,51
72481,Sales & Marketing,region_13,Bachelors,m,sourcing,1,24,4.0,2,0,0,48
47951,Sales & Marketing,region_22,Bachelors,f,other,1,28,,1,0,0,50
3976,Sales & Marketing,region_9,Masters & above,m,other,2,33,1.0,6,0,0,46
60933,Technology,region_10,Bachelors,m,other,1,28,5.0,4,0,0,78
28368,Technology,region_2,Bachelors,f,other,2,32,1.0,5,0,0,76
74590,Operations,region_22,Masters & above,m,other,1,37,5.0,3,0,0,59
62527,Technology,region_13,Bachelors,f,sourcing,1,29,1.0,2,0,0,71
52300,Sales & Marketing,region_15,Bachelors,m,other,1,31,5.0,3,1,0,52
46348,Operations,region_2,Bachelors,m,other,1,42,4.0,12,0,0,59
47563,Finance,region_16,Bachelors,m,other,1,31,5.0,5,1,0,62
38026,Technology,region_26,Masters & above,m,other,1,34,1.0,10,0,0,80
9514,Finance,region_32,Bachelors,m,sourcing,2,26,4.0,2,0,0,59
30888,Operations,region_2,Bachelors,f,other,1,27,1.0,2,0,0,64
14989,Sales & Marketing,region_4,Masters & above,m,sourcing,1,35,5.0,3,1,1,53
6701,Operations,region_26,Bachelors,m,other,1,42,3.0,14,0,0,57
6793,Operations,region_7,Masters & above,m,other,1,38,4.0,9,1,0,60
25134,Sales & Marketing,region_1,Masters & above,m,other,1,44,5.0,5,0,0,54
874,Procurement,region_7,Masters & above,m,other,2,31,1.0,5,0,0,68
68391,Finance,region_6,Bachelors,f,sourcing,1,27,5.0,3,1,0,65
2568,Operations,region_2,Masters & above,m,sourcing,1,41,5.0,7,1,0,63
17697,Operations,region_22,Bachelors,m,sourcing,2,28,2.0,6,0,0,63
76051,Sales & Marketing,region_16,Bachelors,f,other,1,29,3.0,2,0,0,52
2383,Sales & Marketing,region_22,Masters & above,f,sourcing,1,39,3.0,10,0,0,50
55605,Technology,region_17,Bachelors,f,other,1,37,2.0,10,0,0,75
41205,Finance,region_5,Bachelors,m,other,1,34,3.0,8,0,0,58
77167,Sales & Marketing,region_2,,m,other,1,39,2.0,14,0,0,47
63844,Procurement,region_15,Bachelors,m,sourcing,1,26,,1,0,0,75
46281,Procurement,region_4,Bachelors,f,other,1,26,,1,0,0,67
8092,Procurement,region_2,Masters & above,m,other,1,41,2.0,6,0,0,79
45782,Analytics,region_4,Masters & above,m,sourcing,1,41,,1,1,0,83
37901,Procurement,region_31,Bachelors,f,sourcing,1,37,3.0,7,0,0,72
54821,Procurement,region_5,Bachelors,f,sourcing,1,30,1.0,5,0,0,68
68240,Procurement,region_17,Bachelors,f,other,1,53,5.0,17,0,0,96
11053,Procurement,region_17,Masters & above,m,sourcing,1,52,3.0,8,0,0,71
18533,Operations,region_8,Bachelors,m,sourcing,1,33,3.0,6,0,0,61
75515,Sales & Marketing,region_25,Bachelors,m,sourcing,1,32,3.0,5,0,0,52
20824,Technology,region_2,Bachelors,m,other,3,32,4.0,7,0,0,81
53018,HR,region_14,Bachelors,m,sourcing,1,30,3.0,6,0,0,50
14066,Operations,region_2,Masters & above,f,sourcing,1,44,1.0,18,0,0,63
32572,Finance,region_2,Masters & above,f,other,1,40,5.0,3,1,0,62
56979,Operations,region_26,Bachelors,f,sourcing,1,37,4.0,2,0,0,57
40582,Legal,region_2,Masters & above,m,other,1,47,5.0,4,1,0,59
4380,Sales & Marketing,region_13,Bachelors,f,sourcing,2,32,2.0,4,0,0,53
58945,Operations,region_28,Bachelors,m,other,1,33,4.0,5,0,0,65
401,Sales & Marketing,region_20,Masters & above,m,other,1,41,4.0,14,0,0,52
68619,Technology,region_20,Bachelors,m,sourcing,1,30,4.0,4,0,0,80
65407,Operations,region_2,Bachelors,m,other,4,33,5.0,5,1,0,56
5193,Technology,region_10,Bachelors,m,other,2,28,3.0,4,0,0,84
14669,Technology,region_26,Bachelors,m,referred,1,27,,1,0,0,79
14292,Analytics,region_15,Masters & above,m,sourcing,1,42,3.0,13,0,0,84
59940,Operations,region_7,Bachelors,f,other,1,37,4.0,10,1,0,56
52607,Analytics,region_26,Bachelors,m,sourcing,1,30,4.0,2,0,0,85
12276,Procurement,region_17,Bachelors,m,sourcing,1,36,1.0,10,0,0,72
73417,Procurement,region_2,Masters & above,f,other,1,48,3.0,4,1,0,69
29965,Sales & Marketing,region_30,Bachelors,m,other,1,28,4.0,3,1,0,52
65551,Sales & Marketing,region_10,Masters & above,m,other,1,34,1.0,8,0,0,52
707,Operations,region_22,Masters & above,m,sourcing,1,51,4.0,4,0,0,59
1213,Sales & Marketing,region_11,Bachelors,m,other,2,36,1.0,9,0,0,52
11104,Procurement,region_22,Bachelors,m,referred,3,27,5.0,3,1,0,67
76547,Sales & Marketing,region_2,Masters & above,f,sourcing,2,37,1.0,9,0,0,53
40638,Sales & Marketing,region_23,Bachelors,m,other,2,30,3.0,3,0,0,46
26904,Operations,region_8,Bachelors,m,sourcing,2,37,4.0,4,1,0,59
52382,Technology,region_2,Bachelors,m,other,1,35,1.0,8,0,0,82
67229,Technology,region_16,Bachelors,m,other,1,26,3.0,2,0,0,79
17420,Sales & Marketing,region_9,Masters & above,m,other,1,31,3.0,9,0,0,51
18083,HR,region_22,Bachelors,m,referred,1,26,1.0,4,1,0,50
33213,Technology,region_25,Masters & above,f,sourcing,1,32,3.0,4,0,0,75
67838,HR,region_17,Bachelors,f,other,1,33,3.0,2,0,0,53
9430,Procurement,region_22,Bachelors,m,sourcing,1,36,2.0,2,0,0,77
12657,Procurement,region_2,Bachelors,f,other,2,46,3.0,6,0,0,73
12923,HR,region_2,Bachelors,f,referred,1,36,5.0,7,1,0,47
4975,Procurement,region_21,Bachelors,f,other,1,32,3.0,7,0,0,70
13923,Technology,region_2,Bachelors,m,sourcing,1,34,3.0,3,0,0,74
1550,R&D,region_27,Bachelors,m,other,1,33,4.0,4,0,0,85
42544,Sales & Marketing,region_7,Masters & above,f,sourcing,1,34,1.0,7,0,0,50
49948,R&D,region_7,Bachelors,m,sourcing,1,31,3.0,5,0,0,85
49584,HR,region_7,Bachelors,m,other,1,33,1.0,9,0,0,51
50986,Sales & Marketing,region_2,Masters & above,m,other,1,37,2.0,8,0,0,49
68571,Operations,region_26,Bachelors,f,other,1,30,5.0,7,0,0,57
58571,Analytics,region_2,Masters & above,m,other,4,30,4.0,4,0,0,84
39713,HR,region_22,Masters & above,m,referred,1,32,5.0,3,1,0,46
43999,Technology,region_24,Bachelors,m,other,1,31,2.0,5,1,0,78
66776,Procurement,region_7,Bachelors,f,sourcing,1,28,5.0,6,0,0,84
31796,Sales & Marketing,region_16,Bachelors,m,sourcing,2,30,1.0,5,0,0,51
73972,Sales & Marketing,region_15,Bachelors,f,other,1,31,3.0,6,0,0,48
21091,Sales & Marketing,region_16,Bachelors,f,sourcing,1,33,3.0,5,1,0,53
46706,Procurement,region_20,Bachelors,f,sourcing,1,30,3.0,12,0,1,73
72353,Procurement,region_23,Bachelors,m,sourcing,2,32,2.0,5,0,0,68
39792,Sales & Marketing,region_27,Masters & above,m,sourcing,1,54,3.0,6,0,0,50
15728,Sales & Marketing,region_15,Masters & above,m,other,1,37,1.0,10,0,0,50
41809,Legal,region_13,Masters & above,m,other,1,35,4.0,6,1,0,64
73654,Sales & Marketing,region_32,Bachelors,m,other,1,30,3.0,3,0,0,52
66655,Sales & Marketing,region_28,Bachelors,m,other,3,32,5.0,2,1,0,46
7507,Technology,region_10,Bachelors,f,other,1,29,2.0,2,0,0,80
71103,Operations,region_4,Masters & above,m,sourcing,1,52,5.0,10,1,0,61
37611,Operations,region_22,Bachelors,m,other,1,36,3.0,8,0,0,60
2649,Analytics,region_31,Bachelors,m,sourcing,4,40,5.0,5,0,0,86
53939,Procurement,region_2,Bachelors,m,sourcing,3,28,3.0,2,0,0,66
8707,Operations,region_11,Bachelors,f,sourcing,2,32,3.0,4,0,0,59
2465,Sales & Marketing,region_13,Masters & above,m,sourcing,1,40,,1,0,1,92
21162,Sales & Marketing,region_26,Bachelors,f,other,1,29,,1,0,0,48
10337,Analytics,region_29,Masters & above,m,sourcing,1,31,3.0,3,1,0,82
19297,Technology,region_12,Bachelors,f,other,1,25,4.0,2,1,0,80
9608,Operations,region_2,Bachelors,f,other,1,29,4.0,6,1,0,58
2158,Sales & Marketing,region_2,Bachelors,f,other,1,57,4.0,3,1,1,47
45344,Sales & Marketing,region_14,Bachelors,m,other,1,37,4.0,9,0,0,51
10520,Sales & Marketing,region_25,Masters & above,m,sourcing,1,45,3.0,5,0,0,45
49835,Operations,region_13,Masters & above,m,sourcing,1,41,5.0,12,1,0,54
12468,Sales & Marketing,region_12,Bachelors,f,other,1,27,4.0,2,1,1,90
35185,Sales & Marketing,region_15,Bachelors,f,sourcing,1,38,1.0,5,0,0,54
54202,Analytics,region_28,Bachelors,m,other,1,33,1.0,7,0,0,81
49771,Technology,region_31,Bachelors,m,other,1,42,3.0,12,0,0,76
44097,Sales & Marketing,region_2,Masters & above,f,other,1,50,5.0,8,1,0,48
47923,Sales & Marketing,region_7,Masters & above,f,other,1,38,3.0,10,0,0,49
17454,Sales & Marketing,region_2,,m,other,1,34,3.0,4,0,0,48
5192,Sales & Marketing,region_30,Bachelors,m,other,1,29,5.0,3,0,0,51
7408,Analytics,region_2,Bachelors,m,sourcing,2,34,5.0,8,0,0,89
8995,Analytics,region_22,Bachelors,f,sourcing,1,29,5.0,3,1,0,84
342,Operations,region_2,Bachelors,m,other,1,24,5.0,1,0,0,64
60197,Operations,region_34,Masters & above,m,sourcing,1,33,5.0,5,1,0,61
56994,Legal,region_7,Bachelors,m,other,1,37,3.0,10,0,0,64
54702,Operations,region_15,Bachelors,m,sourcing,3,43,5.0,15,1,0,59
12216,Analytics,region_13,Bachelors,m,other,1,38,3.0,4,0,0,86
32457,Finance,region_22,Bachelors,m,other,1,27,3.0,2,0,0,63
12108,Technology,region_27,Bachelors,f,other,1,37,5.0,5,1,0,79
24395,Sales & Marketing,region_13,Bachelors,m,sourcing,1,47,1.0,18,0,0,52
11934,Sales & Marketing,region_6,Bachelors,m,other,1,27,5.0,2,1,0,47
52617,Sales & Marketing,region_28,Bachelors,m,sourcing,2,24,,1,1,0,49
25143,Operations,region_13,Bachelors,m,sourcing,1,34,5.0,7,1,0,64
42498,Finance,region_2,Bachelors,f,other,1,25,5.0,3,0,0,65
65975,Analytics,region_29,Bachelors,m,other,2,28,5.0,4,1,0,84
51516,Technology,region_2,,f,other,1,34,5.0,8,0,0,80
17874,Procurement,region_14,Bachelors,f,sourcing,1,28,5.0,2,1,0,74
25420,Sales & Marketing,region_7,Bachelors,m,sourcing,1,25,4.0,4,0,0,47
16751,Sales & Marketing,region_2,Masters & above,f,other,1,31,4.0,5,0,0,51
23197,Sales & Marketing,region_2,Bachelors,m,sourcing,1,26,5.0,2,1,0,50
22010,Operations,region_2,Bachelors,m,other,1,40,5.0,10,1,0,60
71898,Sales & Marketing,region_21,Masters & above,m,sourcing,2,41,1.0,4,0,0,51
34650,Sales & Marketing,region_29,Bachelors,m,other,1,41,1.0,6,0,0,49
19936,Procurement,region_2,Bachelors,m,other,2,36,2.0,8,0,0,66
77153,Technology,region_2,Masters & above,m,other,2,40,3.0,5,0,0,74
49015,Technology,region_22,Masters & above,m,other,1,34,4.0,7,0,0,77
27867,Procurement,region_27,Bachelors,f,sourcing,1,41,4.0,4,1,0,71
60946,Finance,region_26,Bachelors,m,sourcing,1,25,,1,0,0,62
66256,Sales & Marketing,region_1,Masters & above,m,sourcing,2,30,3.0,3,1,0,45
66980,Sales & Marketing,region_2,Masters & above,m,sourcing,1,36,5.0,5,0,0,53
44318,Sales & Marketing,region_25,Bachelors,m,sourcing,1,31,5.0,4,0,0,52
3988,Finance,region_31,Bachelors,f,sourcing,1,27,,1,1,0,58
40159,Sales & Marketing,region_26,Bachelors,m,other,1,38,2.0,5,0,0,44
2066,Technology,region_2,Bachelors,m,sourcing,1,29,3.0,6,0,0,81
37528,Sales & Marketing,region_1,,m,sourcing,1,29,2.0,5,0,0,47
34326,Sales & Marketing,region_19,Bachelors,m,other,1,42,2.0,7,0,0,55
41925,Operations,region_13,Bachelors,m,other,2,39,2.0,9,0,0,69
74547,Procurement,region_6,Bachelors,f,other,1,35,3.0,9,0,0,68
29479,Technology,region_2,Masters & above,f,sourcing,1,44,2.0,7,0,0,79
57077,Operations,region_4,Bachelors,f,other,1,39,5.0,11,1,0,55
58943,Technology,region_8,Masters & above,f,other,1,36,5.0,5,1,0,78
61842,Analytics,region_7,Masters & above,m,other,2,32,3.0,6,0,0,81
66904,Operations,region_22,Masters & above,f,other,1,32,4.0,8,1,0,64
24482,Technology,region_13,Bachelors,m,sourcing,1,54,4.0,5,0,0,82
14980,Finance,region_22,Bachelors,m,other,3,26,5.0,2,1,0,60
76432,Operations,region_2,Masters & above,m,other,1,56,4.0,9,0,0,58
76000,Procurement,region_15,Bachelors,m,sourcing,1,36,4.0,4,0,0,71
74557,Technology,region_14,Bachelors,f,sourcing,1,29,1.0,4,1,0,80
29016,Operations,region_19,Bachelors,f,other,1,41,5.0,5,1,0,60
60017,Analytics,region_32,Bachelors,m,other,2,31,4.0,5,0,0,85
38565,Operations,region_7,Masters & above,m,other,1,33,5.0,7,1,0,62
51987,Sales & Marketing,region_2,,m,other,1,28,3.0,5,0,0,52
56734,Procurement,region_2,Masters & above,f,other,1,35,4.0,4,0,0,65
13028,Operations,region_22,Bachelors,f,other,1,40,5.0,11,1,0,60
27864,Procurement,region_11,Bachelors,f,other,1,34,5.0,8,1,0,68
29129,Procurement,region_22,Bachelors,m,other,1,40,4.0,4,1,0,68
3992,Sales & Marketing,region_16,Bachelors,m,other,1,36,4.0,5,1,0,51
74676,Technology,region_10,Masters & above,m,other,2,36,3.0,10,0,0,73
31490,Technology,region_7,Bachelors,m,sourcing,3,42,2.0,6,0,1,74
47049,Operations,region_27,Bachelors,m,other,1,31,2.0,7,0,0,65
67428,Operations,region_15,Bachelors,m,other,1,33,5.0,5,1,0,66
27437,Sales & Marketing,region_15,Bachelors,m,sourcing,1,36,5.0,2,1,0,46
19280,Sales & Marketing,region_30,Bachelors,m,other,1,25,2.0,3,0,0,48
8414,Technology,region_2,Bachelors,f,other,1,54,1.0,7,0,0,77
61269,Technology,region_13,Masters & above,f,sourcing,1,35,1.0,3,1,0,74
42893,Finance,region_22,Bachelors,m,sourcing,1,37,3.0,8,0,0,59
63355,Technology,region_10,Bachelors,m,other,1,28,4.0,5,0,0,83
71785,Technology,region_2,Bachelors,m,other,1,32,1.0,2,0,0,82
34226,HR,region_22,Bachelors,m,sourcing,1,28,1.0,2,0,0,47
51827,Sales & Marketing,region_34,Bachelors,m,sourcing,1,29,3.0,2,0,0,52
19620,Procurement,region_13,Masters & above,f,other,1,34,3.0,4,0,0,69
56331,Procurement,region_2,Below Secondary,f,other,1,25,4.0,2,1,0,70
66132,Sales & Marketing,region_7,Masters & above,m,sourcing,1,40,3.0,11,0,0,51
75518,Technology,region_2,Below Secondary,m,sourcing,1,25,3.0,4,1,0,80
2981,Operations,region_9,Bachelors,f,sourcing,1,36,5.0,8,1,0,59
63214,Sales & Marketing,region_2,Bachelors,m,sourcing,2,35,4.0,9,0,0,48
21446,Technology,region_31,Bachelors,m,other,1,32,3.0,3,0,0,76
41455,Sales & Marketing,region_4,Masters & above,m,sourcing,1,31,2.0,10,1,0,52
24755,Procurement,region_2,Masters & above,m,other,1,60,1.0,17,0,0,70
35191,Analytics,region_2,Masters & above,m,other,1,37,5.0,12,0,0,85
9887,Operations,region_2,Masters & above,f,sourcing,2,44,3.0,17,0,0,63
45996,Analytics,region_25,Bachelors,m,other,1,29,3.0,2,1,1,94
39916,Finance,region_7,Masters & above,m,other,2,38,5.0,3,1,0,58
41139,Analytics,region_22,Bachelors,m,other,2,26,,1,1,0,86
4535,Procurement,region_31,Bachelors,m,other,1,33,1.0,6,0,0,65
6551,Technology,region_7,Masters & above,m,other,1,32,1.0,4,0,1,81
19995,Technology,region_20,Bachelors,m,other,2,30,3.0,2,0,0,76
28715,Operations,region_11,Bachelors,f,other,1,27,5.0,3,1,0,58
55248,Sales & Marketing,region_2,Bachelors,f,other,1,44,4.0,2,0,0,66
64568,Technology,region_15,Masters & above,f,sourcing,1,35,2.0,9,0,0,83
37852,Technology,region_7,Bachelors,m,other,1,40,2.0,2,1,0,84
71931,Legal,region_31,Bachelors,m,other,1,35,3.0,6,0,0,61
45112,Operations,region_27,Bachelors,f,sourcing,1,32,4.0,7,1,0,58
7742,Operations,region_2,Masters & above,m,sourcing,2,53,4.0,7,1,0,58
31979,Sales & Marketing,region_10,Masters & above,m,sourcing,2,32,3.0,7,0,0,50
40438,Operations,region_32,Bachelors,m,sourcing,1,29,3.0,2,0,0,58
76253,Sales & Marketing,region_25,Bachelors,m,other,1,39,5.0,3,0,0,53
72002,Analytics,region_2,Bachelors,f,sourcing,1,34,3.0,8,0,0,82
11784,Procurement,region_16,Bachelors,m,other,1,36,3.0,9,0,0,66
15561,Technology,region_2,Bachelors,f,other,1,34,2.0,9,0,0,73
39346,Technology,region_3,Bachelors,f,sourcing,1,30,4.0,2,1,0,81
24519,Finance,region_22,Bachelors,f,other,1,23,,1,0,0,58
62615,Procurement,region_2,Masters & above,f,other,1,53,3.0,3,0,0,73
75207,Operations,region_2,Below Secondary,f,other,1,20,5.0,2,1,0,61
66836,Analytics,region_30,Bachelors,m,other,2,28,3.0,1,0,0,86
18034,Analytics,region_27,Bachelors,m,other,1,37,3.0,4,0,0,83
39998,Operations,region_27,Masters & above,m,other,1,47,5.0,4,0,0,59
8249,Finance,region_22,Bachelors,f,other,1,26,,1,1,0,58
64531,Sales & Marketing,region_3,Bachelors,m,sourcing,1,35,2.0,4,1,0,43
8572,Operations,region_27,Bachelors,f,other,1,36,4.0,7,1,1,74
46568,Finance,region_32,Bachelors,m,other,1,40,5.0,4,1,0,62
47895,Procurement,region_17,Bachelors,m,other,1,51,5.0,6,1,0,68
19576,Sales & Marketing,region_15,Bachelors,m,sourcing,2,33,1.0,5,0,0,49
76897,Finance,region_7,Bachelors,m,sourcing,2,28,5.0,7,1,0,60
21178,Finance,region_30,Bachelors,m,sourcing,2,30,5.0,6,1,0,57
23268,Sales & Marketing,region_2,Bachelors,m,sourcing,1,33,1.0,8,0,0,49
55395,Operations,region_2,Bachelors,m,sourcing,1,25,,1,1,0,55
65318,Sales & Marketing,region_31,Bachelors,f,other,1,35,4.0,9,0,0,49
63570,Procurement,region_7,Bachelors,m,other,2,27,3.0,3,0,0,72
5996,Sales & Marketing,region_25,Masters & above,m,sourcing,1,39,5.0,9,1,0,51
56245,Technology,region_17,Bachelors,m,other,1,32,3.0,4,0,0,80
76601,Sales & Marketing,region_23,Bachelors,m,sourcing,1,32,3.0,6,0,0,48
41643,Operations,region_15,Bachelors,f,sourcing,1,47,2.0,18,0,0,58
25108,Sales & Marketing,region_30,Bachelors,m,other,2,29,4.0,5,0,0,51
41645,Sales & Marketing,region_2,Masters & above,f,other,1,49,1.0,21,0,0,50
41215,Sales & Marketing,region_25,Bachelors,f,sourcing,1,31,4.0,3,0,0,50
49024,Sales & Marketing,region_22,Bachelors,m,other,2,22,,1,0,0,50
27023,Analytics,region_22,Bachelors,m,other,4,34,4.0,5,1,0,84
9791,Procurement,region_2,Masters & above,m,other,1,43,4.0,8,0,0,69
23831,Analytics,region_15,Bachelors,m,sourcing,1,30,4.0,5,0,0,86
17065,R&D,region_4,Bachelors,m,other,2,33,4.0,7,1,0,87
29097,Sales & Marketing,region_14,Bachelors,m,other,1,50,5.0,7,1,0,52
37053,Finance,region_2,Bachelors,m,other,1,31,4.0,3,0,0,64
60000,Procurement,region_27,Masters & above,f,other,1,41,3.0,4,0,0,72
65914,Sales & Marketing,region_7,Masters & above,m,sourcing,1,45,5.0,19,1,0,43
48044,Sales & Marketing,region_29,Bachelors,m,other,3,30,1.0,7,0,0,49
61292,Technology,region_27,Bachelors,m,other,2,27,3.0,3,0,1,96
36831,Sales & Marketing,region_30,Bachelors,m,sourcing,1,29,2.0,4,0,0,51
3465,Operations,region_27,Masters & above,m,sourcing,1,42,,1,1,0,62
15977,Finance,region_2,Below Secondary,m,other,1,25,,1,1,0,62
53425,Procurement,region_23,Masters & above,f,sourcing,1,37,3.0,10,0,0,73
14567,Operations,region_2,Bachelors,f,other,1,29,5.0,7,1,0,60
31338,Sales & Marketing,region_27,Bachelors,m,sourcing,1,31,5.0,1,1,0,47
28648,Procurement,region_15,Masters & above,m,other,2,36,5.0,3,1,0,75
29201,Analytics,region_7,,m,sourcing,3,24,3.0,2,0,0,81
29681,Analytics,region_19,Bachelors,m,other,1,29,3.0,4,0,0,84
12838,Sales & Marketing,region_13,Masters & above,m,other,1,56,5.0,16,0,0,51
40143,Analytics,region_2,Masters & above,m,sourcing,2,34,3.0,8,1,0,85
2885,Sales & Marketing,region_23,Bachelors,m,sourcing,1,34,5.0,6,0,0,50
37559,Operations,region_6,Bachelors,m,sourcing,2,33,3.0,7,0,0,60
22175,Operations,region_22,Bachelors,m,sourcing,1,31,5.0,7,1,0,59
63071,Sales & Marketing,region_2,Bachelors,m,sourcing,1,37,3.0,7,1,0,48
73652,Analytics,region_2,Bachelors,m,other,1,58,5.0,23,0,0,85
21483,Sales & Marketing,region_7,Bachelors,m,other,2,39,4.0,6,0,0,51
44978,Procurement,region_11,Bachelors,m,other,1,30,3.0,4,0,0,72
7734,Procurement,region_2,Bachelors,m,other,1,26,3.0,2,1,0,74
7372,Procurement,region_11,Bachelors,f,other,1,26,3.0,2,0,0,74
26820,Sales & Marketing,region_20,Bachelors,m,other,1,41,1.0,6,0,0,52
40149,Operations,region_4,Bachelors,m,other,1,32,3.0,7,1,0,56
5068,Sales & Marketing,region_26,Bachelors,m,sourcing,1,32,,1,1,0,48
46040,Technology,region_10,Bachelors,m,other,1,33,3.0,6,0,0,82
54135,Operations,region_11,Bachelors,f,sourcing,1,29,4.0,4,0,0,59
6966,Sales & Marketing,region_24,Bachelors,f,sourcing,1,31,5.0,5,0,0,46
66174,Technology,region_7,Masters & above,m,other,1,51,4.0,11,0,0,75
2643,Analytics,region_32,Bachelors,m,sourcing,2,27,,1,0,0,87
11917,Sales & Marketing,region_15,Bachelors,m,other,3,31,1.0,5,0,0,50
57791,Technology,region_7,Bachelors,f,other,1,36,3.0,3,0,0,77
24129,Sales & Marketing,region_4,Masters & above,f,other,1,43,5.0,7,0,0,52
76192,Operations,region_2,Bachelors,m,sourcing,2,46,3.0,9,1,0,55
34692,R&D,region_11,Bachelors,m,sourcing,3,32,5.0,6,0,0,85
65622,Operations,region_2,Bachelors,f,sourcing,1,58,3.0,11,1,0,60
48015,Sales & Marketing,region_25,Bachelors,m,other,1,34,5.0,3,0,0,53
73332,Operations,region_22,Bachelors,m,sourcing,1,36,5.0,10,0,0,57
21006,Technology,region_13,Bachelors,f,other,1,24,,1,0,0,79
73210,Technology,region_13,Masters & above,m,other,1,59,4.0,5,0,0,83
11832,Sales & Marketing,region_27,Bachelors,m,sourcing,1,34,5.0,5,1,0,52
48385,Technology,region_2,Bachelors,m,other,1,51,1.0,6,1,0,82
31910,Procurement,region_13,Bachelors,f,sourcing,1,33,2.0,4,0,0,75
56898,Sales & Marketing,region_2,Bachelors,m,sourcing,1,38,3.0,4,1,0,46
15177,Sales & Marketing,region_6,Bachelors,f,other,1,39,4.0,2,1,0,52
30076,Procurement,region_14,Bachelors,m,other,1,33,4.0,6,0,0,67
22833,Procurement,region_15,Bachelors,m,other,1,34,3.0,9,0,0,75
72449,Operations,region_23,Bachelors,f,sourcing,1,30,2.0,4,0,0,61
44540,Technology,region_11,Bachelors,m,sourcing,1,32,3.0,4,1,0,77
59230,Finance,region_7,Bachelors,m,other,1,30,5.0,4,1,0,61
4902,Procurement,region_2,Below Secondary,m,other,8,26,5.0,3,0,0,71
57986,Technology,region_31,Below Secondary,m,sourcing,1,24,3.0,2,0,0,77
31884,Technology,region_15,Bachelors,f,sourcing,1,31,4.0,7,0,0,76
59038,Procurement,region_5,Bachelors,m,other,1,36,3.0,3,0,0,69
57906,Finance,region_32,Bachelors,m,other,1,34,5.0,5,1,0,60
32139,R&D,region_2,Bachelors,m,other,1,33,3.0,2,0,0,87
23209,Finance,region_30,Bachelors,f,other,1,26,,1,1,0,56
66969,Sales & Marketing,region_23,Bachelors,f,sourcing,1,32,5.0,7,1,0,50
33809,Technology,region_4,Masters & above,f,other,1,34,2.0,2,1,0,78
22548,Sales & Marketing,region_7,Bachelors,f,sourcing,1,29,,1,1,1,52
63585,Analytics,region_4,Bachelors,m,sourcing,1,39,4.0,7,1,1,85
18233,R&D,region_2,,m,sourcing,1,28,4.0,3,1,0,86
6090,Analytics,region_22,Bachelors,m,referred,1,26,5.0,4,0,0,88
56943,Technology,region_2,Masters & above,m,other,2,30,4.0,5,0,0,79
41186,Sales & Marketing,region_15,Bachelors,m,other,1,29,4.0,2,0,0,50
13882,Procurement,region_10,Bachelors,m,sourcing,1,30,1.0,3,0,0,70
45343,HR,region_14,Bachelors,m,sourcing,1,25,,1,0,0,45
13988,Operations,region_15,Bachelors,m,other,1,31,5.0,5,1,0,62
28210,Analytics,region_2,Bachelors,m,sourcing,1,47,3.0,4,0,0,76
54675,Operations,region_28,Masters & above,m,other,1,32,,1,0,0,64
73111,Operations,region_2,Bachelors,m,other,1,52,3.0,6,0,0,65
5874,Technology,region_34,Bachelors,m,sourcing,1,29,1.0,4,0,0,78
4208,Technology,region_7,Masters & above,m,referred,1,36,4.0,4,1,0,80
20381,Analytics,region_4,Masters & above,m,sourcing,1,35,3.0,2,1,0,91
37894,Sales & Marketing,region_6,Bachelors,m,other,1,34,3.0,9,1,0,48
47334,Analytics,region_22,Bachelors,f,other,1,31,3.0,6,0,0,87
22479,Operations,region_8,Masters & above,f,other,1,36,3.0,3,0,0,57
72550,Procurement,region_27,Bachelors,m,other,1,29,3.0,4,0,0,73
76895,Procurement,region_11,Bachelors,f,sourcing,1,29,5.0,3,1,0,74
47356,Procurement,region_31,Bachelors,m,sourcing,1,37,3.0,7,1,0,68
58592,Procurement,region_2,Masters & above,f,other,2,39,3.0,3,0,0,68
7761,Procurement,region_34,Bachelors,m,other,2,30,3.0,4,1,0,69
8673,Sales & Marketing,region_28,Bachelors,m,other,1,41,1.0,7,0,0,51
41396,Sales & Marketing,region_26,,m,sourcing,1,31,3.0,7,1,0,51
40574,Sales & Marketing,region_9,Bachelors,m,other,1,29,,1,0,1,50
7917,Operations,region_15,Bachelors,f,other,2,41,5.0,8,1,0,60
33599,Analytics,region_34,Bachelors,m,sourcing,1,31,3.0,4,1,0,84
40943,Operations,region_22,Masters & above,m,other,1,55,3.0,4,1,0,58
64736,Operations,region_27,Bachelors,f,other,1,24,3.0,2,0,0,59
75479,Sales & Marketing,region_2,Bachelors,m,sourcing,1,42,1.0,12,0,0,51
29157,Procurement,region_26,Bachelors,f,other,1,27,1.0,5,0,0,69
74510,Procurement,region_7,Masters & above,m,sourcing,2,40,3.0,3,0,0,69
10670,Analytics,region_14,Masters & above,m,other,1,38,3.0,6,0,0,87
199,Procurement,region_13,Bachelors,f,other,1,39,3.0,7,0,0,73
30172,Procurement,region_26,Bachelors,m,other,1,38,3.0,9,0,0,83
67588,Finance,region_2,Bachelors,m,other,1,27,5.0,2,0,0,50
46833,Analytics,region_22,Bachelors,m,sourcing,1,41,1.0,8,0,0,86
53832,Operations,region_2,Bachelors,f,sourcing,1,36,4.0,10,1,0,66
19277,Procurement,region_2,Masters & above,f,referred,1,39,3.0,3,1,0,74
78193,Sales & Marketing,region_2,Bachelors,f,other,2,29,,1,1,0,48
64651,Operations,region_30,Masters & above,f,sourcing,1,39,5.0,5,1,0,89
44391,Sales & Marketing,region_15,Bachelors,m,sourcing,2,31,5.0,7,1,0,48
61175,Technology,region_22,Masters & above,m,sourcing,1,37,4.0,2,1,0,80
5421,Technology,region_2,Bachelors,f,other,2,28,4.0,4,0,0,77
36537,Operations,region_19,Bachelors,f,other,1,41,2.0,4,0,0,62
12956,Procurement,region_10,Masters & above,f,other,1,34,3.0,3,0,0,86
48864,Finance,region_26,Bachelors,m,other,1,29,5.0,1,1,0,55
75683,Sales & Marketing,region_19,,m,other,1,39,3.0,3,0,0,53
59887,Sales & Marketing,region_2,Bachelors,f,other,1,27,2.0,3,0,0,51
13986,Operations,region_20,Bachelors,m,sourcing,1,34,3.0,10,0,0,59
17124,HR,region_22,Bachelors,m,sourcing,1,27,5.0,2,0,0,47
12924,Procurement,region_2,Bachelors,f,other,1,43,4.0,6,0,0,71
377,Operations,region_2,Masters & above,f,other,1,60,5.0,7,1,0,60
33675,R&D,region_22,Masters & above,m,other,2,37,5.0,4,0,0,84
40356,Operations,region_31,Bachelors,m,other,1,42,4.0,11,1,0,58
73502,Finance,region_4,Bachelors,m,other,3,33,5.0,6,1,0,58
31777,Sales & Marketing,region_2,Masters & above,m,other,2,36,5.0,4,1,0,49
77483,Operations,region_17,Bachelors,f,sourcing,1,31,3.0,3,0,0,64
78036,Finance,region_2,Bachelors,m,sourcing,1,23,,1,0,0,56
65194,Finance,region_22,Masters & above,m,other,1,33,4.0,2,1,0,57
32037,Operations,region_2,Bachelors,m,other,1,32,4.0,6,0,0,58
72625,HR,region_2,Bachelors,m,other,1,32,2.0,8,0,0,48
30324,Sales & Marketing,region_7,Bachelors,m,sourcing,1,30,2.0,1,0,0,49
4313,Sales & Marketing,region_9,Bachelors,m,other,1,34,3.0,10,0,0,48
50159,R&D,region_22,Bachelors,m,sourcing,1,30,,1,0,0,87
33352,Sales & Marketing,region_2,Masters & above,f,other,1,32,3.0,6,1,0,43
74065,Analytics,region_2,Masters & above,m,other,1,36,3.0,11,1,0,80
15750,Analytics,region_2,Bachelors,m,other,1,31,5.0,8,1,0,85
40547,Procurement,region_15,Masters & above,m,other,1,44,3.0,2,0,0,71
11436,Analytics,region_21,Bachelors,m,sourcing,1,27,3.0,2,0,0,82
49615,Sales & Marketing,region_25,Bachelors,m,sourcing,1,29,1.0,2,0,0,48
15720,HR,region_7,Masters & above,f,other,1,32,5.0,5,1,0,54
17965,Sales & Marketing,region_2,Bachelors,m,other,3,30,3.0,5,0,0,47
1202,Procurement,region_2,Masters & above,m,sourcing,1,56,4.0,22,0,0,72
57014,Technology,region_5,Masters & above,m,other,3,30,3.0,7,0,0,80
4033,Technology,region_13,Masters & above,m,other,1,54,3.0,13,0,0,81
69214,Procurement,region_20,Masters & above,f,other,1,35,1.0,7,1,0,69
6482,HR,region_27,Bachelors,m,sourcing,1,25,5.0,2,1,0,47
71765,Sales & Marketing,region_17,Bachelors,m,other,1,31,4.0,5,0,0,51
70863,Operations,region_26,Below Secondary,m,other,1,25,2.0,3,0,0,55
53267,R&D,region_26,Bachelors,m,other,1,31,4.0,6,0,0,84
75121,Sales & Marketing,region_15,Bachelors,m,other,2,27,1.0,2,0,0,54
27010,Sales & Marketing,region_7,Bachelors,f,other,1,28,5.0,5,1,0,54
24528,Sales & Marketing,region_30,Bachelors,m,sourcing,2,29,,1,0,0,47
61416,Sales & Marketing,region_7,Bachelors,m,other,1,28,1.0,6,0,0,52
38000,Technology,region_7,Masters & above,f,other,2,40,5.0,5,1,0,80
33864,Operations,region_32,Bachelors,m,sourcing,1,31,,1,0,0,60
18575,Finance,region_2,Bachelors,m,sourcing,1,35,4.0,4,0,0,64
9368,Sales & Marketing,region_11,Bachelors,m,other,1,33,4.0,3,0,0,51
32578,Procurement,region_2,Masters & above,f,other,3,39,3.0,5,0,0,66
76328,Procurement,region_30,Bachelors,f,other,1,38,3.0,9,0,0,71
68129,Technology,region_15,Bachelors,m,other,1,34,1.0,8,0,1,79
65727,Sales & Marketing,region_5,Masters & above,m,other,1,36,1.0,4,0,0,49
47194,Operations,region_15,Bachelors,m,sourcing,1,26,2.0,6,1,0,58
72043,R&D,region_2,Masters & above,m,sourcing,2,45,3.0,14,0,0,80
39649,Operations,region_2,Below Secondary,m,sourcing,1,25,4.0,3,1,0,65
47913,Technology,region_27,Bachelors,f,other,1,26,,1,0,0,85
40467,Technology,region_31,Masters & above,m,other,1,32,3.0,6,0,0,81
77563,Sales & Marketing,region_2,,m,sourcing,1,24,,1,1,0,44
19398,Operations,region_19,Masters & above,f,other,1,38,5.0,3,1,0,59
65544,Sales & Marketing,region_2,Bachelors,m,other,1,38,1.0,2,0,0,55
74252,Technology,region_15,Bachelors,m,sourcing,1,32,5.0,6,1,0,79
12561,Technology,region_27,Bachelors,m,other,1,28,3.0,4,1,0,80
16762,Procurement,region_2,Masters & above,f,sourcing,1,40,2.0,3,0,0,71
5122,Technology,region_16,Below Secondary,m,other,1,24,3.0,1,0,0,79
49940,Sales & Marketing,region_7,Bachelors,m,other,1,26,5.0,2,1,0,54
26103,Sales & Marketing,region_12,Bachelors,m,sourcing,1,30,3.0,5,0,0,49
10675,Finance,region_7,Bachelors,m,other,2,30,3.0,5,0,0,59
48492,HR,region_13,Bachelors,m,other,1,35,5.0,5,1,0,51
31304,Analytics,region_22,Bachelors,m,other,1,28,1.0,4,0,0,85
33927,Procurement,region_27,Bachelors,f,sourcing,1,28,,1,0,0,67
73471,Procurement,region_22,Masters & above,m,other,1,36,3.0,9,0,0,73
27587,Operations,region_2,Bachelors,m,sourcing,1,53,5.0,29,1,0,56
228,Sales & Marketing,region_14,Bachelors,m,sourcing,1,28,3.0,3,0,0,53
27675,Analytics,region_9,Bachelors,m,sourcing,1,27,,1,0,0,86
11744,HR,region_22,Bachelors,f,sourcing,1,28,3.0,4,0,0,50
18629,Technology,region_5,Masters & above,m,other,1,44,3.0,5,1,0,81
59516,Sales & Marketing,region_6,Bachelors,f,other,1,26,1.0,2,0,0,42
20745,Operations,region_13,Masters & above,f,sourcing,1,31,4.0,4,1,0,64
49298,Sales & Marketing,region_13,Masters & above,m,sourcing,1,35,4.0,4,1,0,49
55993,Operations,region_22,,m,sourcing,1,27,4.0,3,0,0,60
2636,Sales & Marketing,region_6,Bachelors,m,sourcing,1,40,3.0,5,0,0,52
27368,Sales & Marketing,region_1,Masters & above,m,sourcing,1,39,1.0,4,0,0,49
21423,Legal,region_22,Below Secondary,m,sourcing,1,26,5.0,3,1,0,60
52794,Sales & Marketing,region_4,Masters & above,m,other,2,45,1.0,4,0,0,51
12687,HR,region_2,Bachelors,f,other,1,43,4.0,6,0,0,46
15254,Sales & Marketing,region_12,Bachelors,f,other,1,27,,1,1,0,52
76284,Analytics,region_22,Masters & above,m,other,1,29,,1,0,0,84
29339,Technology,region_26,,m,other,1,35,5.0,10,1,0,83
47505,Sales & Marketing,region_32,,m,sourcing,1,32,3.0,4,0,0,52
64122,Procurement,region_16,Bachelors,f,sourcing,2,27,3.0,6,0,0,68
43745,Sales & Marketing,region_6,Bachelors,m,other,1,29,1.0,8,0,0,52
17936,Analytics,region_29,Bachelors,m,other,1,28,3.0,7,0,0,83
77190,Technology,region_2,Bachelors,m,sourcing,1,57,4.0,7,0,0,74
59365,Analytics,region_7,Masters & above,m,other,1,42,5.0,4,0,0,85
23517,HR,region_22,Bachelors,f,sourcing,1,26,2.0,3,0,0,50
42960,Operations,region_28,Bachelors,m,other,1,31,3.0,4,0,0,61
39768,Procurement,region_2,Masters & above,f,sourcing,1,43,3.0,3,1,0,69
1802,Finance,region_13,Bachelors,m,other,1,31,1.0,2,0,0,60
65631,Sales & Marketing,region_1,Bachelors,f,other,1,26,3.0,2,0,0,53
60443,Sales & Marketing,region_22,Bachelors,m,sourcing,1,45,3.0,18,0,0,48
33249,Sales & Marketing,region_19,Bachelors,f,sourcing,1,35,2.0,8,0,0,48
61582,Procurement,region_22,Masters & above,f,sourcing,1,32,4.0,5,0,0,71
51747,Sales & Marketing,region_2,Masters & above,m,sourcing,1,43,4.0,11,0,0,48
21897,Sales & Marketing,region_16,Masters & above,f,sourcing,1,34,1.0,10,0,0,52
26941,Operations,region_22,Bachelors,f,other,1,53,1.0,19,0,0,61
21175,Sales & Marketing,region_7,Bachelors,m,other,1,29,4.0,2,1,0,48
17973,Operations,region_6,Bachelors,m,sourcing,1,34,3.0,10,0,0,67
32087,Sales & Marketing,region_12,Bachelors,m,sourcing,1,28,,1,0,0,52
12858,Sales & Marketing,region_2,Masters & above,f,other,1,34,3.0,9,0,0,50
19310,Analytics,region_2,Masters & above,m,other,3,57,5.0,16,1,0,86
74013,Technology,region_23,Bachelors,m,sourcing,1,26,,1,1,0,80
47996,Finance,region_20,Bachelors,m,sourcing,1,27,5.0,2,1,0,56
60618,Sales & Marketing,region_20,Bachelors,m,sourcing,1,33,4.0,7,0,0,52
53091,Operations,region_15,Bachelors,m,sourcing,1,41,4.0,2,0,0,60
7079,Sales & Marketing,region_31,Bachelors,m,other,1,27,4.0,2,0,0,50
34369,Analytics,region_15,Bachelors,f,sourcing,1,35,3.0,10,0,0,80
67113,Technology,region_7,Masters & above,m,other,2,47,3.0,18,0,0,76
11450,Sales & Marketing,region_29,Bachelors,m,other,1,23,3.0,2,0,0,49
72359,Operations,region_22,Bachelors,m,other,1,35,4.0,7,1,1,57
69767,Technology,region_20,Bachelors,m,other,1,32,4.0,4,0,0,81
32009,Sales & Marketing,region_2,Bachelors,m,sourcing,1,41,1.0,15,0,0,45
16861,Technology,region_22,Bachelors,m,sourcing,1,32,4.0,8,1,0,81
52630,Operations,region_2,Masters & above,m,other,2,53,3.0,13,0,0,58
50452,Operations,region_19,Bachelors,m,sourcing,2,34,5.0,9,1,0,60
13145,Procurement,region_2,Masters & above,f,other,2,36,2.0,3,1,0,65
41968,Sales & Marketing,region_2,,f,sourcing,1,26,,1,0,0,47
23098,Analytics,region_21,Bachelors,m,other,1,33,4.0,7,0,0,87
43438,Technology,region_13,Masters & above,f,sourcing,2,39,4.0,10,0,0,80
17026,Sales & Marketing,region_31,,m,sourcing,1,22,5.0,2,1,0,52
22600,Operations,region_31,Masters & above,m,other,1,33,1.0,7,0,0,64
71362,Finance,region_20,Bachelors,m,sourcing,1,33,5.0,7,1,0,60
75953,Technology,region_7,Bachelors,f,other,1,38,4.0,5,1,0,81
54597,Sales & Marketing,region_2,Bachelors,m,other,2,38,1.0,10,0,0,49
69812,Finance,region_2,Bachelors,f,sourcing,1,32,4.0,7,0,0,63
42271,Sales & Marketing,region_11,Masters & above,m,other,1,42,1.0,5,0,0,47
50574,Technology,region_20,Bachelors,f,other,1,36,3.0,8,0,0,80
1120,Procurement,region_15,Bachelors,m,sourcing,1,35,2.0,7,1,0,69
25603,Technology,region_16,Masters & above,f,other,1,55,4.0,14,0,0,75
2799,Sales & Marketing,region_18,Bachelors,f,other,1,31,1.0,6,0,0,46
28156,Analytics,region_4,Bachelors,m,sourcing,1,35,4.0,4,0,0,87
77380,Sales & Marketing,region_14,Bachelors,m,other,1,24,,1,0,0,50
38543,Analytics,region_22,Masters & above,m,sourcing,1,49,3.0,19,0,0,85
43388,Operations,region_8,Bachelors,m,other,1,28,3.0,8,0,0,59
19489,Sales & Marketing,region_26,Bachelors,m,other,2,34,1.0,8,0,0,50
14267,Sales & Marketing,region_19,Bachelors,m,sourcing,1,31,2.0,6,0,0,47
62691,Technology,region_28,Bachelors,m,other,1,25,3.0,2,0,0,79
50258,Sales & Marketing,region_7,Bachelors,m,other,1,29,5.0,5,1,0,47
52578,Sales & Marketing,region_25,Bachelors,m,sourcing,2,32,5.0,5,1,0,48
10993,Analytics,region_32,Bachelors,m,sourcing,2,31,5.0,4,0,0,83
14955,Sales & Marketing,region_19,Masters & above,m,sourcing,1,40,4.0,9,0,0,46
73550,Technology,region_14,Masters & above,f,other,1,39,4.0,7,1,0,78
53008,Technology,region_32,Bachelors,m,sourcing,1,33,3.0,4,0,0,80
3509,Technology,region_22,Masters & above,m,sourcing,3,49,3.0,3,0,0,80
6352,Operations,region_2,Bachelors,f,sourcing,1,48,4.0,8,1,0,60
70970,Analytics,region_22,,m,other,1,27,3.0,2,0,0,82
15807,Sales & Marketing,region_15,Masters & above,m,sourcing,1,40,3.0,13,0,0,52
50331,Sales & Marketing,region_22,Bachelors,f,other,1,28,3.0,7,0,0,60
70496,Procurement,region_10,Masters & above,m,other,1,38,4.0,10,0,0,66
63362,Technology,region_23,Bachelors,m,other,1,31,5.0,4,1,0,83
27569,R&D,region_11,Bachelors,m,other,1,29,3.0,3,0,0,84
49590,Sales & Marketing,region_5,Masters & above,m,other,2,39,3.0,2,0,0,48
60362,Sales & Marketing,region_21,Bachelors,m,other,2,26,1.0,4,0,0,48
22523,Operations,region_30,Bachelors,f,sourcing,1,32,5.0,7,1,0,60
24403,Procurement,region_13,Bachelors,m,sourcing,1,34,3.0,4,0,0,69
31051,Analytics,region_34,Bachelors,m,sourcing,1,29,3.0,3,0,0,86
17048,Procurement,region_2,Masters & above,f,other,1,37,4.0,8,0,0,71
4660,R&D,region_27,Bachelors,m,other,1,29,5.0,4,1,0,83
37993,Analytics,region_7,Masters & above,m,other,3,34,5.0,5,1,0,86
55268,Procurement,region_31,Masters & above,m,sourcing,1,42,3.0,6,1,0,73
9611,Operations,region_27,Masters & above,f,other,1,35,3.0,9,1,0,58
4839,Sales & Marketing,region_11,Bachelors,m,sourcing,1,29,,1,0,0,48
77638,Finance,region_2,Bachelors,f,other,1,28,3.0,2,0,0,61
74767,Sales & Marketing,region_7,Masters & above,f,other,1,33,5.0,5,0,0,48
43985,HR,region_15,Bachelors,f,other,1,29,2.0,4,0,0,49
1192,Analytics,region_11,Bachelors,m,sourcing,1,29,5.0,3,1,0,81
1726,Sales & Marketing,region_20,Bachelors,m,sourcing,1,33,3.0,2,0,0,48
8788,Sales & Marketing,region_31,Bachelors,m,other,1,41,1.0,4,0,0,47
35173,Sales & Marketing,region_5,Masters & above,m,sourcing,1,36,3.0,8,1,0,51
45703,Operations,region_4,Bachelors,f,other,1,40,3.0,7,1,0,56
60828,Operations,region_26,Bachelors,m,sourcing,1,28,4.0,2,0,0,59
71830,Procurement,region_15,Masters & above,f,sourcing,1,34,5.0,6,0,0,68
17988,Procurement,region_22,Bachelors,m,other,2,33,3.0,4,0,0,66
40572,Technology,region_2,Bachelors,f,referred,1,34,4.0,7,1,0,82
34051,Sales & Marketing,region_15,Bachelors,m,other,1,33,4.0,4,1,0,50
51006,Operations,region_2,Bachelors,m,sourcing,1,60,5.0,23,1,0,60
16840,Sales & Marketing,region_22,Bachelors,m,sourcing,2,30,,1,0,0,53
44509,Analytics,region_2,Bachelors,m,other,2,34,3.0,3,1,0,82
76224,Operations,region_25,Bachelors,m,sourcing,1,30,3.0,4,0,0,60
13615,Analytics,region_29,Bachelors,f,other,1,29,3.0,2,0,0,86
54630,Technology,region_2,Bachelors,m,referred,1,32,5.0,6,1,0,77
9350,Sales & Marketing,region_26,Bachelors,f,other,1,31,5.0,9,0,0,44
46048,R&D,region_22,Masters & above,m,other,2,28,1.0,5,0,0,90
68611,Operations,region_2,Masters & above,m,other,1,33,5.0,3,0,0,61
3255,Procurement,region_22,Masters & above,m,other,1,29,4.0,4,1,0,72
17288,Finance,region_28,Bachelors,m,sourcing,1,30,3.0,7,1,1,55
68904,Finance,region_2,Masters & above,f,sourcing,1,43,4.0,10,0,0,61
73097,Sales & Marketing,region_13,Bachelors,m,sourcing,1,48,5.0,3,0,0,49
54888,Sales & Marketing,region_13,Bachelors,m,other,1,38,4.0,10,0,0,48
69696,Procurement,region_17,Bachelors,f,other,2,30,3.0,7,1,0,71
8252,Sales & Marketing,region_4,Masters & above,m,sourcing,1,43,3.0,13,0,0,48
1630,Operations,region_22,Bachelors,m,sourcing,1,29,5.0,4,1,0,55
27463,Technology,region_25,Bachelors,f,sourcing,1,29,4.0,2,0,0,79
76338,Sales & Marketing,region_9,Masters & above,m,other,1,28,4.0,4,0,0,46
74024,Operations,region_22,Bachelors,m,sourcing,1,41,5.0,5,1,0,58
8023,Operations,region_31,Masters & above,m,other,1,36,5.0,4,1,0,65
56558,Operations,region_2,Bachelors,m,other,2,36,5.0,8,0,0,57
60556,Technology,region_24,Masters & above,f,other,1,38,3.0,3,0,0,81
59069,Legal,region_13,Bachelors,f,other,1,32,4.0,5,1,0,63
14619,Operations,region_7,Bachelors,m,other,2,39,5.0,2,1,0,58
12039,Operations,region_22,Bachelors,m,other,1,36,5.0,3,1,0,59
54398,Analytics,region_22,Masters & above,m,other,2,33,3.0,6,0,0,89
44403,Operations,region_15,Masters & above,m,sourcing,1,36,5.0,7,1,0,57
12776,Procurement,region_22,Masters & above,f,other,1,35,5.0,7,1,0,71
9553,Sales & Marketing,region_20,Bachelors,m,other,1,31,3.0,2,0,0,47
11019,Technology,region_2,Masters & above,f,referred,1,55,5.0,5,1,0,82
63784,Procurement,region_2,Masters & above,m,other,2,43,1.0,15,0,0,72
1840,Operations,region_22,Bachelors,f,other,1,29,4.0,3,0,0,54
64707,Operations,region_22,Bachelors,m,other,1,25,5.0,3,1,0,61
49550,Sales & Marketing,region_13,Masters & above,m,sourcing,2,34,3.0,6,0,0,47
67626,Procurement,region_4,Bachelors,m,other,1,33,1.0,8,0,0,70
18223,Sales & Marketing,region_19,Bachelors,m,sourcing,1,44,1.0,17,0,0,46
38667,HR,region_2,,f,sourcing,1,24,5.0,2,1,0,49
24245,Operations,region_31,Masters & above,m,sourcing,1,39,4.0,5,0,0,63
11378,Sales & Marketing,region_27,Masters & above,m,other,1,41,3.0,7,0,0,49
43170,Sales & Marketing,region_4,Masters & above,f,sourcing,1,43,5.0,10,0,0,61
38607,Operations,region_2,Masters & above,m,sourcing,1,46,5.0,8,1,0,62
66627,Technology,region_7,Bachelors,f,sourcing,1,28,3.0,4,0,0,74
37064,Analytics,region_22,Bachelors,m,other,1,31,3.0,8,0,0,89
11343,Analytics,region_11,Bachelors,m,sourcing,1,28,3.0,3,0,0,86
63361,Operations,region_16,Bachelors,m,sourcing,1,33,3.0,6,0,0,62
47425,Sales & Marketing,region_22,Bachelors,m,other,1,26,5.0,4,0,0,46
25065,Procurement,region_7,Masters & above,f,sourcing,1,46,3.0,3,0,0,68
53280,Analytics,region_15,Bachelors,m,other,2,34,5.0,6,0,0,84
73168,Sales & Marketing,region_29,Bachelors,m,other,2,33,1.0,6,0,0,49
37156,Sales & Marketing,region_15,Bachelors,m,other,1,33,5.0,5,1,0,43
26420,Sales & Marketing,region_22,Bachelors,m,other,1,23,,1,0,0,53
22592,Sales & Marketing,region_11,Bachelors,m,other,1,28,4.0,5,1,0,51
9076,Sales & Marketing,region_28,Bachelors,f,other,1,30,3.0,4,0,0,59
60455,Operations,region_30,Bachelors,m,sourcing,1,28,1.0,2,1,0,61
52959,Operations,region_15,Bachelors,f,sourcing,1,31,3.0,5,0,0,62
63213,Operations,region_4,Masters & above,f,sourcing,2,34,3.0,7,0,0,63
21007,Operations,region_7,Masters & above,f,sourcing,1,35,3.0,7,0,0,59
9307,Operations,region_2,Bachelors,m,other,1,48,4.0,9,1,0,58
47225,Analytics,region_28,Bachelors,m,other,1,29,,1,1,1,85
21846,Operations,region_13,Masters & above,f,other,1,42,3.0,5,0,0,59
77396,Sales & Marketing,region_2,Bachelors,m,referred,2,26,4.0,3,1,0,51
18881,Operations,region_8,Bachelors,m,sourcing,1,25,,1,0,0,58
53064,Sales & Marketing,region_14,Bachelors,f,other,1,31,5.0,3,1,0,51
41566,Finance,region_20,Bachelors,m,other,1,35,3.0,4,0,0,59
30720,Analytics,region_22,Bachelors,m,other,2,28,,1,1,0,88
36869,Technology,region_33,Bachelors,f,sourcing,1,38,3.0,10,0,0,77
6626,Analytics,region_2,,m,sourcing,1,26,,1,1,0,88
21584,Technology,region_2,Bachelors,m,other,1,39,1.0,3,0,0,76
23885,Technology,region_19,Bachelors,f,other,1,34,3.0,6,0,0,84
14228,Procurement,region_24,Bachelors,m,other,1,34,1.0,7,0,0,70
21912,Operations,region_8,Bachelors,m,sourcing,1,33,5.0,3,1,0,55
26568,Finance,region_29,Bachelors,m,other,1,30,,1,1,0,61
61190,Operations,region_2,Bachelors,f,other,1,43,5.0,6,1,0,58
58054,Sales & Marketing,region_23,Masters & above,m,other,1,35,5.0,6,1,0,49
1210,Sales & Marketing,region_16,Masters & above,f,other,2,35,3.0,5,0,0,46
10837,Sales & Marketing,region_15,Bachelors,m,sourcing,1,32,5.0,5,0,0,48
75329,Sales & Marketing,region_2,Bachelors,m,sourcing,1,53,5.0,18,0,0,50
40483,Sales & Marketing,region_20,Bachelors,m,other,1,32,3.0,6,0,0,48
67823,Operations,region_22,Bachelors,f,sourcing,1,44,5.0,3,1,0,58
74031,Sales & Marketing,region_12,,m,other,1,39,4.0,7,0,0,47
34644,Procurement,region_30,Bachelors,f,sourcing,1,36,5.0,2,1,0,63
41326,Procurement,region_12,Bachelors,m,sourcing,1,29,5.0,2,1,0,74
57837,Analytics,region_15,Bachelors,m,sourcing,1,32,3.0,5,0,0,85
50440,Procurement,region_2,Bachelors,m,sourcing,1,36,3.0,7,0,0,70
74401,Procurement,region_5,Bachelors,m,other,1,41,5.0,5,1,0,67
31622,Sales & Marketing,region_27,,m,other,1,49,1.0,9,0,0,46
73009,Technology,region_25,Bachelors,f,other,1,27,5.0,3,0,0,84
31706,Technology,region_23,Bachelors,m,other,1,29,3.0,2,0,0,78
35369,R&D,region_26,Bachelors,m,other,1,27,5.0,2,1,0,78
36405,Sales & Marketing,region_7,Bachelors,m,sourcing,1,30,4.0,7,1,0,48
11401,Procurement,region_2,Bachelors,f,other,1,44,3.0,15,1,0,67
36883,Operations,region_2,Masters & above,f,other,1,34,3.0,8,1,0,59
944,Operations,region_15,Bachelors,f,sourcing,2,30,3.0,2,1,1,61
46864,Sales & Marketing,region_7,Masters & above,m,other,1,33,2.0,6,0,0,50
173,Analytics,region_22,Masters & above,f,sourcing,1,35,3.0,3,1,0,83
59993,Analytics,region_29,Bachelors,m,sourcing,1,31,5.0,8,0,0,82
56153,Sales & Marketing,region_27,Bachelors,m,other,2,28,,1,0,0,47
26782,Analytics,region_2,Masters & above,m,other,2,35,3.0,4,0,0,79
34530,Technology,region_8,Masters & above,m,other,1,40,3.0,3,0,0,83
65633,Procurement,region_11,Bachelors,m,sourcing,1,31,3.0,8,0,0,69
53217,Sales & Marketing,region_2,Masters & above,m,other,3,46,1.0,14,0,0,52
73823,Sales & Marketing,region_25,Bachelors,m,sourcing,1,27,,1,0,0,49
9494,Sales & Marketing,region_16,Masters & above,m,sourcing,1,46,3.0,19,0,0,53
26878,Operations,region_11,Bachelors,m,sourcing,1,35,3.0,6,0,0,57
56015,Sales & Marketing,region_32,Bachelors,f,other,1,29,5.0,2,0,0,51
33094,Technology,region_28,Bachelors,m,other,1,26,5.0,3,1,0,81
4397,Operations,region_2,Bachelors,f,other,1,28,3.0,3,0,0,54
11347,Sales & Marketing,region_2,Masters & above,f,sourcing,1,43,5.0,12,0,0,49
47051,Analytics,region_2,Bachelors,m,sourcing,2,39,4.0,5,1,0,86
36106,Sales & Marketing,region_32,Bachelors,f,sourcing,1,28,,1,0,0,51
2218,Technology,region_26,Bachelors,m,other,1,31,3.0,7,1,0,96
18339,Procurement,region_2,Bachelors,f,other,3,38,4.0,13,0,0,72
20913,Sales & Marketing,region_22,Bachelors,f,other,2,25,,1,0,0,49
61707,Sales & Marketing,region_31,Bachelors,m,other,1,43,2.0,5,0,0,47
23658,Procurement,region_2,Bachelors,m,other,1,38,3.0,14,0,0,72
3240,Operations,region_2,Bachelors,f,other,4,33,3.0,7,0,0,59
60994,Sales & Marketing,region_19,Bachelors,m,other,1,28,2.0,4,0,0,53
22870,Technology,region_7,Bachelors,f,sourcing,1,28,3.0,4,0,0,81
24352,Procurement,region_22,Bachelors,m,other,3,28,1.0,2,0,0,68
41081,Sales & Marketing,region_32,Masters & above,m,sourcing,1,27,,1,0,0,50
14919,Sales & Marketing,region_13,Masters & above,m,other,1,48,3.0,25,0,0,46
5313,Technology,region_26,Masters & above,m,other,1,41,5.0,13,0,0,78
48558,Procurement,region_15,Masters & above,m,other,1,41,5.0,10,1,0,72
15087,Operations,region_2,Bachelors,f,other,1,55,4.0,16,0,0,51
45007,Operations,region_28,Bachelors,m,sourcing,1,27,3.0,2,0,0,58
20546,Sales & Marketing,region_7,Bachelors,m,other,1,28,,1,1,0,48
51808,Operations,region_12,Bachelors,f,sourcing,1,31,3.0,5,1,0,59
24531,Operations,region_5,Masters & above,m,other,1,39,3.0,10,0,0,58
1519,Operations,region_3,Masters & above,f,sourcing,1,33,4.0,2,0,0,61
24190,Technology,region_2,Bachelors,m,other,1,55,3.0,15,0,0,78
11190,Analytics,region_32,Bachelors,m,sourcing,1,35,2.0,3,0,0,82
57047,Sales & Marketing,region_15,Bachelors,m,sourcing,1,46,2.0,19,0,0,49
71180,Procurement,region_17,Bachelors,m,other,1,31,3.0,3,1,0,70
12811,Sales & Marketing,region_15,,m,other,1,32,1.0,2,0,0,47
7832,HR,region_30,Bachelors,f,other,1,25,,1,0,0,54
51454,Operations,region_15,Masters & above,f,sourcing,1,42,3.0,3,1,0,62
53647,Technology,region_30,Bachelors,f,sourcing,1,31,3.0,3,0,0,77
13619,Sales & Marketing,region_4,Masters & above,m,other,1,46,4.0,7,1,0,54
76120,Procurement,region_22,Masters & above,f,sourcing,1,41,5.0,12,1,0,69
13350,Sales & Marketing,region_12,Bachelors,m,sourcing,1,25,,1,0,0,50
59646,Sales & Marketing,region_13,Bachelors,m,sourcing,1,36,5.0,8,0,0,49
41134,Operations,region_7,Bachelors,f,sourcing,1,36,4.0,3,0,0,59
53440,Procurement,region_2,Masters & above,f,sourcing,1,47,3.0,13,1,0,69
33865,Analytics,region_7,Bachelors,m,sourcing,1,37,3.0,10,0,0,89
30745,Operations,region_3,Bachelors,m,other,1,31,3.0,5,1,0,60
74123,Sales & Marketing,region_17,Bachelors,m,other,1,40,2.0,4,1,1,53
53704,Operations,region_19,Bachelors,m,other,1,36,3.0,6,1,0,57
70966,Analytics,region_2,Masters & above,m,sourcing,1,49,3.0,2,0,0,88
47998,Technology,region_7,Masters & above,f,sourcing,1,43,3.0,15,0,0,80
3651,Sales & Marketing,region_31,Bachelors,f,sourcing,1,31,5.0,8,0,0,45
565,Procurement,region_1,Bachelors,f,sourcing,2,29,1.0,2,0,0,74
46057,Sales & Marketing,region_13,Bachelors,m,sourcing,1,54,1.0,23,0,0,46
26073,Sales & Marketing,region_21,Bachelors,m,sourcing,1,31,3.0,4,0,0,46
32383,Legal,region_31,Bachelors,m,sourcing,1,39,4.0,3,1,1,61
8722,Sales & Marketing,region_7,Bachelors,f,other,1,33,3.0,5,0,0,50
54193,Finance,region_2,Below Secondary,f,other,1,22,,1,1,0,61
7270,Procurement,region_19,Bachelors,m,sourcing,2,30,3.0,5,1,0,66
4826,Sales & Marketing,region_10,Masters & above,m,sourcing,1,42,3.0,13,0,0,50
71686,Procurement,region_2,Masters & above,f,other,2,36,1.0,3,0,0,66
44489,Sales & Marketing,region_9,,m,other,1,23,,1,0,0,56
35013,Operations,region_7,Bachelors,f,sourcing,1,28,5.0,2,1,0,62
45074,Procurement,region_7,Bachelors,f,sourcing,1,24,2.0,2,0,0,73
29092,Operations,region_2,Masters & above,f,other,1,41,3.0,4,1,0,57
19563,HR,region_22,Masters & above,m,sourcing,1,43,4.0,13,0,0,49
23321,Procurement,region_2,Bachelors,f,other,1,35,4.0,10,0,0,70
68982,Finance,region_22,Bachelors,m,other,3,28,1.0,3,0,0,61
66864,Procurement,region_2,Masters & above,f,sourcing,1,52,3.0,14,0,0,70
31337,Sales & Marketing,region_2,Masters & above,m,sourcing,1,47,4.0,15,0,0,49
55922,Analytics,region_26,Bachelors,f,sourcing,2,28,3.0,5,0,0,84
7124,Technology,region_26,Bachelors,m,other,1,29,3.0,5,0,0,82
35825,Operations,region_23,Bachelors,m,sourcing,2,29,4.0,5,1,0,57
75158,Sales & Marketing,region_27,Bachelors,m,sourcing,1,36,3.0,10,0,0,50
76042,Procurement,region_19,Bachelors,m,sourcing,1,41,3.0,7,0,0,70
67362,Procurement,region_10,Bachelors,f,other,1,28,4.0,2,0,0,70
47811,HR,region_20,Masters & above,m,sourcing,1,41,4.0,10,0,0,52
30049,Analytics,region_30,Bachelors,m,sourcing,1,31,3.0,4,0,0,85
76294,Sales & Marketing,region_15,Masters & above,m,sourcing,2,30,3.0,7,0,0,47
37282,Procurement,region_2,Below Secondary,m,sourcing,1,22,5.0,2,1,0,68
2489,Sales & Marketing,region_31,Masters & above,m,sourcing,1,42,3.0,8,1,0,48
65938,Procurement,region_2,Bachelors,f,other,6,26,3.0,2,0,0,69
56202,Sales & Marketing,region_16,Bachelors,m,sourcing,1,46,2.0,4,0,0,49
43734,Sales & Marketing,region_22,Bachelors,f,sourcing,1,28,5.0,3,1,0,53
71217,Operations,region_22,Bachelors,f,sourcing,1,40,3.0,7,1,0,63
7153,HR,region_2,Bachelors,m,sourcing,2,56,3.0,3,1,0,49
71342,Sales & Marketing,region_7,Bachelors,f,sourcing,1,44,1.0,3,1,0,41
62445,Procurement,region_7,Bachelors,m,sourcing,4,35,4.0,10,0,0,68
53204,Operations,region_25,Bachelors,m,other,1,26,3.0,3,0,0,58
36145,Technology,region_10,Masters & above,m,sourcing,1,42,2.0,5,1,0,85
60884,Sales & Marketing,region_20,Bachelors,m,sourcing,1,32,3.0,5,1,0,52
32369,R&D,region_2,Bachelors,m,other,1,31,3.0,6,0,0,82
50340,Technology,region_10,Bachelors,m,sourcing,2,30,,1,1,0,82
34320,Procurement,region_14,Bachelors,m,other,1,34,1.0,4,0,0,74
1641,R&D,region_22,Bachelors,m,other,1,32,3.0,5,0,0,87
74594,Procurement,region_7,Bachelors,f,other,1,33,5.0,4,1,0,71
46163,Sales & Marketing,region_2,Bachelors,f,sourcing,1,27,3.0,1,0,0,49
5635,Operations,region_20,Bachelors,f,sourcing,1,38,5.0,10,1,0,54
52932,Finance,region_15,Bachelors,m,other,4,28,,1,0,0,54
77168,Analytics,region_2,Masters & above,m,other,1,53,3.0,17,1,0,81
67959,Operations,region_2,Bachelors,f,sourcing,1,45,5.0,14,0,0,73
72213,Operations,region_7,Bachelors,f,other,1,56,3.0,7,1,0,61
2920,Technology,region_21,Masters & above,m,sourcing,1,45,5.0,7,1,0,84
72044,Analytics,region_22,Bachelors,f,sourcing,1,29,4.0,3,1,0,82
13850,Sales & Marketing,region_11,Bachelors,m,other,1,26,5.0,3,0,0,48
13342,HR,region_17,Bachelors,m,sourcing,1,28,5.0,3,1,0,50
1253,Analytics,region_7,Masters & above,m,sourcing,1,35,5.0,5,0,0,85
58934,Analytics,region_31,Bachelors,m,other,1,29,5.0,2,0,0,85
31516,Sales & Marketing,region_27,Bachelors,m,sourcing,2,27,,1,0,0,52
68388,Operations,region_22,Bachelors,f,other,1,36,4.0,9,0,0,74
39204,Analytics,region_24,Bachelors,m,other,1,32,4.0,8,1,0,83
33800,Analytics,region_2,Bachelors,m,other,2,42,5.0,4,0,0,82
20400,Legal,region_27,Bachelors,m,sourcing,1,28,4.0,2,0,0,63
32787,Operations,region_12,Bachelors,f,other,1,27,5.0,3,1,0,63
21421,Procurement,region_20,Bachelors,m,other,2,40,3.0,10,0,0,73
39824,Operations,region_4,Masters & above,f,sourcing,1,31,3.0,7,0,0,60
42104,R&D,region_22,,m,sourcing,1,28,3.0,5,0,0,84
33835,Sales & Marketing,region_2,,m,other,1,37,1.0,9,0,0,50
10399,Technology,region_31,Bachelors,m,sourcing,1,29,1.0,4,0,0,79
57314,Operations,region_22,Bachelors,m,sourcing,1,40,2.0,11,1,0,57
76714,Analytics,region_11,Bachelors,m,other,1,48,5.0,16,1,0,79
38084,Procurement,region_28,Masters & above,m,other,1,30,5.0,6,0,0,72
11528,Procurement,region_12,Bachelors,m,sourcing,1,25,,1,0,0,69
40934,Operations,region_15,Bachelors,m,referred,1,47,3.0,18,1,0,59
51647,R&D,region_2,Bachelors,f,other,1,34,5.0,4,1,0,89
51064,Operations,region_20,Bachelors,m,other,1,30,3.0,4,0,0,62
75863,Technology,region_14,Masters & above,m,other,1,34,5.0,2,1,0,75
56315,Operations,region_31,Bachelors,m,sourcing,2,33,3.0,6,0,0,61
5194,Operations,region_22,Masters & above,f,sourcing,1,36,3.0,10,0,0,64
39079,Operations,region_2,Bachelors,f,other,1,30,5.0,8,1,0,62
35296,Legal,region_2,Bachelors,m,sourcing,1,35,2.0,7,0,0,59
54832,Sales & Marketing,region_27,Bachelors,m,sourcing,1,35,2.0,9,0,0,53
50546,Sales & Marketing,region_2,,m,other,1,26,,1,0,0,53
73691,Operations,region_32,,f,other,1,27,4.0,3,0,0,61
77376,Operations,region_2,Bachelors,f,sourcing,1,32,1.0,5,0,0,62
43552,Procurement,region_2,Masters & above,m,sourcing,2,35,3.0,7,0,0,70
25497,Sales & Marketing,region_8,Bachelors,m,other,1,29,5.0,2,1,0,53
4148,Operations,region_11,Bachelors,m,other,1,34,1.0,7,0,0,61
68025,Procurement,region_2,Masters & above,m,sourcing,5,40,3.0,10,0,0,70
69364,Legal,region_2,Bachelors,m,sourcing,1,55,1.0,14,0,0,59
10929,Operations,region_15,Bachelors,f,other,1,44,2.0,4,1,0,56
66951,Technology,region_2,Masters & above,m,sourcing,1,40,2.0,11,0,0,77
17210,HR,region_11,Bachelors,f,other,1,27,,1,0,0,53
18284,HR,region_2,Bachelors,m,other,1,56,3.0,16,0,0,51
63469,Procurement,region_11,Bachelors,m,other,2,30,3.0,5,0,0,71
25118,Sales & Marketing,region_29,Bachelors,m,other,1,26,1.0,2,0,0,49
52410,Sales & Marketing,region_7,,m,other,1,24,,1,1,0,48
64366,Analytics,region_29,Bachelors,f,other,1,28,5.0,4,1,0,83
70935,Operations,region_15,Bachelors,f,other,1,31,4.0,7,0,0,57
71045,HR,region_2,Bachelors,m,sourcing,1,31,3.0,9,0,0,48
20128,Operations,region_2,Bachelors,m,other,2,34,3.0,7,0,0,58
343,Operations,region_7,Bachelors,m,other,1,51,4.0,6,1,0,59
19344,Technology,region_2,Bachelors,f,sourcing,2,25,2.0,3,0,0,75
72674,Technology,region_2,Masters & above,m,sourcing,1,48,3.0,19,0,0,85
58279,Procurement,region_7,Masters & above,f,other,2,51,3.0,19,0,0,71
65074,Procurement,region_7,Masters & above,f,other,2,36,4.0,9,0,0,70
37031,Sales & Marketing,region_12,Bachelors,f,other,1,29,4.0,6,0,0,43
66759,Sales & Marketing,region_19,,m,other,1,33,3.0,7,1,0,49
22540,Sales & Marketing,region_25,Masters & above,f,sourcing,2,33,3.0,7,0,0,53
54159,Sales & Marketing,region_9,,m,sourcing,1,29,3.0,4,0,0,48
64623,Procurement,region_2,Bachelors,f,sourcing,3,25,3.0,5,0,0,71
54913,Analytics,region_25,Bachelors,m,other,1,31,5.0,3,1,0,88
62276,Sales & Marketing,region_30,Bachelors,m,sourcing,1,27,4.0,4,0,0,53
63672,Procurement,region_4,Bachelors,f,sourcing,1,40,4.0,10,1,0,67
27949,Operations,region_11,Masters & above,f,sourcing,1,37,3.0,3,0,0,61
43494,Sales & Marketing,region_22,Masters & above,m,sourcing,1,34,2.0,7,0,0,51
1339,Sales & Marketing,region_13,Bachelors,m,other,1,36,3.0,9,0,0,46
47081,Sales & Marketing,region_28,Bachelors,m,other,1,26,3.0,5,0,0,45
24074,Operations,region_22,Masters & above,f,sourcing,1,31,5.0,4,1,0,63
22439,Analytics,region_20,Masters & above,m,other,1,34,4.0,2,0,0,83
14101,Procurement,region_22,Bachelors,m,sourcing,3,29,3.0,6,1,0,67
48966,Procurement,region_7,Bachelors,m,sourcing,1,29,5.0,4,1,0,69
27602,Sales & Marketing,region_4,Bachelors,m,sourcing,1,28,1.0,7,0,0,47
61418,Sales & Marketing,region_25,,m,sourcing,1,30,,1,0,0,46
45237,Sales & Marketing,region_14,Bachelors,m,other,1,38,3.0,3,0,0,49
54679,Sales & Marketing,region_2,Bachelors,m,sourcing,1,34,2.0,3,0,0,48
41549,Technology,region_2,Masters & above,m,sourcing,2,36,4.0,10,1,0,73
19757,Procurement,region_19,Bachelors,m,other,1,32,5.0,5,1,0,72
13380,Sales & Marketing,region_22,Bachelors,m,sourcing,1,20,,1,0,0,47
2207,Procurement,region_15,Masters & above,m,sourcing,1,35,4.0,5,0,0,68
27604,Sales & Marketing,region_1,Bachelors,m,sourcing,1,26,5.0,4,1,0,44
31686,Technology,region_2,Bachelors,f,other,1,30,4.0,4,1,1,76
52747,Technology,region_2,Bachelors,m,referred,1,29,4.0,5,0,0,81
7860,Sales & Marketing,region_31,Bachelors,m,sourcing,1,37,4.0,2,0,0,50
67977,Procurement,region_2,,m,sourcing,1,34,3.0,9,0,0,63
20981,Procurement,region_15,Bachelors,f,other,1,40,3.0,7,0,0,69
32919,Sales & Marketing,region_16,Bachelors,m,other,1,34,3.0,7,0,0,48
11273,Procurement,region_15,Bachelors,m,sourcing,3,37,1.0,4,0,0,70
39038,Operations,region_2,Bachelors,f,sourcing,1,40,4.0,5,1,0,61
22201,Procurement,region_27,Bachelors,m,sourcing,1,32,3.0,2,1,0,70
16034,Technology,region_5,Bachelors,m,other,1,40,1.0,3,1,0,77
4120,Operations,region_15,Bachelors,m,other,1,39,5.0,11,1,0,60
70729,Technology,region_16,Bachelors,f,other,1,29,2.0,6,0,0,75
43523,Operations,region_16,Masters & above,m,other,1,44,3.0,12,0,0,63
34328,Sales & Marketing,region_5,Bachelors,m,other,1,29,,1,0,0,47
18309,Operations,region_22,Bachelors,f,other,1,38,5.0,9,1,0,61
78082,Procurement,region_7,Bachelors,f,sourcing,1,31,3.0,7,1,0,69
60125,Operations,region_2,Bachelors,f,other,1,31,3.0,3,1,0,59
54539,Finance,region_31,Bachelors,m,sourcing,1,39,5.0,3,1,0,59
28547,Operations,region_2,Masters & above,f,sourcing,1,43,5.0,6,0,0,57
2411,Sales & Marketing,region_7,Masters & above,f,other,1,39,5.0,7,1,0,47
12174,Sales & Marketing,region_22,Bachelors,m,other,2,26,5.0,3,1,0,85
5535,Sales & Marketing,region_2,Bachelors,f,other,1,42,2.0,5,0,0,51
19722,Procurement,region_34,Bachelors,m,other,1,28,4.0,5,1,0,72
8770,Finance,region_31,Masters & above,m,other,1,33,1.0,4,0,0,61
7308,Procurement,region_2,Bachelors,f,other,1,45,3.0,18,0,0,67
61365,Operations,region_2,Bachelors,m,other,1,29,,1,0,0,59
42093,Technology,region_2,Bachelors,m,other,1,46,1.0,16,0,0,80
50213,Operations,region_2,Bachelors,f,sourcing,2,35,3.0,7,0,0,54
63780,Analytics,region_16,Masters & above,m,sourcing,1,34,1.0,7,0,0,86
77437,Sales & Marketing,region_22,Masters & above,m,sourcing,1,43,2.0,15,0,0,47
36296,Sales & Marketing,region_2,Bachelors,m,other,1,37,2.0,5,1,1,51
66068,Technology,region_13,Bachelors,f,other,1,28,4.0,6,1,0,79
5257,Analytics,region_16,Bachelors,m,other,1,28,5.0,4,1,0,79
40982,Operations,region_7,Bachelors,f,sourcing,1,33,5.0,5,1,0,61
11648,Procurement,region_30,Bachelors,m,other,1,36,5.0,2,1,0,70
17917,Sales & Marketing,region_2,Masters & above,m,sourcing,1,40,5.0,8,1,0,93
67353,Operations,region_27,Bachelors,f,other,1,32,5.0,8,0,0,60
62183,Sales & Marketing,region_2,Masters & above,f,other,1,51,5.0,22,0,0,51
2699,Sales & Marketing,region_28,Bachelors,f,sourcing,1,29,3.0,2,0,0,47
75705,Operations,region_2,Bachelors,m,other,1,26,4.0,3,0,0,59
42597,Technology,region_28,Masters & above,m,other,1,34,3.0,6,1,0,82
53503,Sales & Marketing,region_7,Masters & above,f,other,1,38,3.0,11,0,0,55
43861,R&D,region_26,Masters & above,m,other,2,34,2.0,10,1,0,84
50830,Operations,region_30,Bachelors,m,other,2,32,,1,0,0,59
75469,Procurement,region_7,Masters & above,m,other,1,44,2.0,8,1,0,71
8870,Operations,region_2,Below Secondary,m,sourcing,1,25,,1,0,0,59
1993,Analytics,region_31,Bachelors,m,other,2,34,5.0,9,1,0,83
55342,Sales & Marketing,region_26,Masters & above,m,sourcing,1,40,4.0,9,0,0,48
20041,Procurement,region_11,Masters & above,f,other,1,35,5.0,5,1,0,66
31136,Sales & Marketing,region_22,Bachelors,m,sourcing,1,32,5.0,7,1,0,49
31177,Sales & Marketing,region_30,Bachelors,m,other,1,25,3.0,2,0,0,49
74380,Sales & Marketing,region_7,Bachelors,m,other,1,27,1.0,3,0,0,49
22881,Sales & Marketing,region_2,Bachelors,m,sourcing,1,36,5.0,3,0,0,51
40056,Sales & Marketing,region_1,Masters & above,f,sourcing,1,32,5.0,5,1,0,51
31473,Technology,region_2,Bachelors,m,other,3,26,,1,0,0,77
68431,HR,region_10,Bachelors,f,sourcing,1,29,5.0,3,1,0,47
7743,Finance,region_22,Bachelors,m,sourcing,2,29,,1,0,0,57
18463,Procurement,region_2,Bachelors,f,other,2,38,3.0,4,0,0,64
71059,Sales & Marketing,region_22,Masters & above,m,sourcing,1,27,3.0,4,0,0,47
25505,Finance,region_2,Masters & above,m,sourcing,1,35,4.0,8,0,0,62
32593,HR,region_1,Masters & above,m,other,1,31,5.0,2,1,0,50
27379,Sales & Marketing,region_4,Masters & above,m,sourcing,1,37,3.0,5,0,0,44
77001,Operations,region_2,Masters & above,m,other,1,58,5.0,6,1,0,59
10687,Operations,region_29,Bachelors,m,other,1,29,1.0,6,0,0,60
21638,Procurement,region_22,Bachelors,m,sourcing,9,29,3.0,3,0,0,67
47337,Technology,region_2,Bachelors,f,sourcing,1,30,5.0,8,1,0,72
52760,Sales & Marketing,region_8,Bachelors,m,sourcing,1,33,4.0,6,0,0,47
62502,Finance,region_15,Bachelors,m,other,1,28,,1,0,0,57
23664,HR,region_2,Masters & above,f,other,1,47,4.0,5,1,0,47
15868,Sales & Marketing,region_14,Bachelors,m,sourcing,1,34,5.0,6,0,0,49
65577,Technology,region_6,Bachelors,m,other,1,26,5.0,5,1,0,82
38020,Technology,region_2,Masters & above,f,sourcing,1,34,1.0,8,0,0,76
76053,Sales & Marketing,region_24,Bachelors,m,sourcing,1,34,1.0,6,1,0,45
47129,Operations,region_32,Bachelors,f,sourcing,1,41,3.0,9,1,0,60
59025,Operations,region_7,Bachelors,m,sourcing,2,30,5.0,3,1,0,57
57313,Operations,region_23,Bachelors,m,other,1,34,2.0,4,0,0,56
52605,Operations,region_22,Masters & above,f,sourcing,1,30,4.0,3,1,0,59
73394,Sales & Marketing,region_13,Masters & above,m,other,1,50,5.0,18,0,0,49
16823,HR,region_20,Bachelors,f,other,1,27,3.0,3,0,0,48
31,Sales & Marketing,region_15,Bachelors,f,other,1,29,3.0,5,1,0,49
67520,Sales & Marketing,region_29,Bachelors,m,other,1,28,2.0,2,0,0,49
66612,Analytics,region_22,Bachelors,f,other,2,27,4.0,2,0,0,88
66787,Technology,region_30,Bachelors,m,sourcing,1,28,,1,1,0,95
29206,Operations,region_29,Bachelors,m,other,1,33,3.0,7,1,0,65
22364,Sales & Marketing,region_4,Masters & above,f,other,1,37,5.0,11,1,0,47
29724,Operations,region_7,Masters & above,f,sourcing,1,43,5.0,7,1,0,58
73107,Operations,region_15,Bachelors,m,referred,1,37,4.0,9,0,0,58
63081,Sales & Marketing,region_5,Masters & above,m,other,1,34,2.0,8,0,0,51
32943,Sales & Marketing,region_15,Bachelors,m,other,1,36,5.0,7,1,0,47
27306,Sales & Marketing,region_2,,m,sourcing,1,27,3.0,2,0,0,47
10473,Finance,region_2,Bachelors,m,sourcing,1,25,5.0,2,0,0,57
52623,Operations,region_22,Bachelors,f,other,1,35,3.0,2,1,0,58
32522,Sales & Marketing,region_7,Bachelors,m,other,2,30,5.0,3,0,0,63
46367,Sales & Marketing,region_2,Bachelors,m,sourcing,1,34,3.0,5,1,0,49
56715,Sales & Marketing,region_28,Masters & above,m,other,1,47,4.0,15,1,0,47
31916,Sales & Marketing,region_2,Masters & above,m,sourcing,2,40,3.0,5,1,0,48
17943,Technology,region_26,Bachelors,m,sourcing,1,37,5.0,10,1,0,80
41528,Operations,region_2,Bachelors,m,other,1,27,3.0,3,0,0,54
67173,Operations,region_2,Masters & above,f,other,1,54,2.0,7,0,0,62
46790,Sales & Marketing,region_21,Bachelors,m,other,1,27,,1,0,0,50
40967,R&D,region_22,Bachelors,f,sourcing,1,28,5.0,2,1,0,84
48518,Sales & Marketing,region_11,Masters & above,m,sourcing,1,34,4.0,3,0,0,49
42521,Technology,region_27,Bachelors,m,sourcing,1,25,3.0,2,0,0,78
19029,Sales & Marketing,region_2,Masters & above,m,sourcing,2,35,3.0,3,1,0,48
53397,Operations,region_7,Bachelors,m,sourcing,1,41,5.0,12,1,0,59
928,Sales & Marketing,region_2,Bachelors,m,other,1,30,3.0,3,0,0,48
21572,Sales & Marketing,region_2,,f,other,1,34,4.0,3,0,0,51
31284,Sales & Marketing,region_2,Bachelors,m,other,1,23,3.0,2,0,0,49
68215,Procurement,region_2,Bachelors,f,sourcing,1,23,,1,0,0,68
2976,Analytics,region_3,Bachelors,m,sourcing,1,28,1.0,4,0,0,79
13698,Legal,region_27,Bachelors,m,sourcing,1,26,,1,1,0,57
16752,R&D,region_31,Bachelors,m,other,1,33,4.0,4,0,0,85
32991,Technology,region_1,Masters & above,m,other,1,37,5.0,9,1,0,75
47824,Sales & Marketing,region_22,Bachelors,m,other,3,26,,1,1,0,47
2239,Procurement,region_31,Bachelors,m,sourcing,2,29,3.0,5,0,0,63
27495,Operations,region_2,Masters & above,m,other,2,43,3.0,2,0,0,69
52964,Sales & Marketing,region_2,Masters & above,m,other,2,46,3.0,2,0,0,48
54117,Procurement,region_23,Masters & above,f,other,1,32,3.0,7,0,0,70
76989,Sales & Marketing,region_15,Masters & above,m,other,1,40,2.0,9,0,0,52
38553,Operations,region_2,Bachelors,m,sourcing,2,31,5.0,5,1,0,57
8060,Technology,region_7,Bachelors,f,sourcing,1,31,3.0,2,1,0,79
11598,Technology,region_22,Masters & above,m,other,1,35,4.0,7,0,0,75
69413,Sales & Marketing,region_14,Bachelors,f,other,1,30,3.0,5,0,0,51
51010,Finance,region_2,Bachelors,m,sourcing,1,38,3.0,10,0,0,64
39166,Sales & Marketing,region_7,Masters & above,m,sourcing,2,32,3.0,6,1,0,51
15527,Analytics,region_29,Bachelors,m,other,1,31,4.0,3,1,0,84
50718,Sales & Marketing,region_2,Bachelors,m,sourcing,1,44,3.0,2,0,0,50
3716,Sales & Marketing,region_2,Masters & above,f,sourcing,2,33,2.0,10,0,0,49
55159,Sales & Marketing,region_2,Bachelors,m,sourcing,1,51,4.0,22,0,0,52
20211,Sales & Marketing,region_22,Bachelors,m,sourcing,2,31,5.0,3,0,0,53
62302,Procurement,region_2,Masters & above,m,other,1,54,3.0,4,0,0,71
20888,Procurement,region_7,Masters & above,f,sourcing,2,41,1.0,7,1,0,69
4358,Procurement,region_2,Masters & above,m,other,1,37,5.0,4,0,0,70
74626,Technology,region_10,Bachelors,m,other,1,28,3.0,6,1,1,80
21060,Operations,region_26,Bachelors,m,sourcing,1,39,1.0,3,0,0,61
61361,Procurement,region_15,Masters & above,m,sourcing,1,42,3.0,4,0,0,71
22231,Sales & Marketing,region_16,Bachelors,m,other,1,46,5.0,5,0,0,49
44389,Technology,region_10,Masters & above,m,sourcing,1,38,3.0,3,0,0,79
2169,Operations,region_22,Bachelors,m,sourcing,1,25,2.0,2,0,0,61
8579,Operations,region_26,Bachelors,m,sourcing,1,31,3.0,7,0,0,63
32924,Procurement,region_27,Masters & above,m,sourcing,1,45,4.0,14,0,0,70
43389,Analytics,region_13,Bachelors,m,sourcing,1,31,5.0,2,0,0,88
52931,Procurement,region_2,Bachelors,f,other,2,50,5.0,2,1,0,68
48789,Operations,region_7,Masters & above,m,sourcing,1,58,5.0,16,1,0,60
29827,Operations,region_19,Masters & above,f,other,1,42,3.0,14,0,0,62
23102,Sales & Marketing,region_2,Masters & above,f,other,1,34,2.0,8,0,0,50
49618,Analytics,region_31,,m,sourcing,1,32,3.0,5,0,0,83
77082,Procurement,region_17,Masters & above,f,sourcing,1,35,1.0,8,0,0,66
53962,Sales & Marketing,region_9,Bachelors,m,other,1,29,3.0,3,0,0,42
28787,Analytics,region_22,Bachelors,m,other,2,30,5.0,5,0,0,86
58084,Operations,region_2,Bachelors,f,other,1,49,4.0,11,0,0,58
44054,Procurement,region_31,Bachelors,m,other,1,32,2.0,7,0,0,67
69120,Procurement,region_2,Masters & above,f,sourcing,1,42,5.0,11,1,0,69
67342,Operations,region_3,Masters & above,m,other,1,35,3.0,7,0,0,69
75252,Operations,region_2,Bachelors,f,other,1,54,5.0,4,0,0,73
63648,HR,region_2,,m,other,1,43,1.0,13,0,0,52
6780,Technology,region_11,Bachelors,m,other,1,28,,1,0,0,80
36626,Technology,region_16,Masters & above,f,other,1,32,3.0,4,1,0,78
51498,Procurement,region_4,Masters & above,m,other,1,41,3.0,4,0,0,76
49390,Sales & Marketing,region_28,Bachelors,m,other,1,30,,1,0,0,42
68967,Analytics,region_4,Masters & above,m,other,1,49,5.0,13,1,0,85
19082,HR,region_7,Bachelors,f,sourcing,1,34,5.0,8,1,0,49
63982,Sales & Marketing,region_9,Bachelors,m,other,1,33,1.0,7,0,0,50
22904,HR,region_22,Bachelors,f,other,1,29,4.0,3,0,0,51
65824,Technology,region_8,Bachelors,f,other,1,31,3.0,5,0,1,81
68702,Sales & Marketing,region_2,Bachelors,m,other,1,41,5.0,12,0,0,48
55533,Finance,region_22,Bachelors,f,sourcing,1,27,,1,1,0,59
35394,Sales & Marketing,region_26,Masters & above,m,sourcing,1,33,3.0,5,0,0,45
56730,Analytics,region_2,Masters & above,m,other,1,45,1.0,7,0,0,82
7903,Sales & Marketing,region_32,Bachelors,f,sourcing,1,28,,1,0,0,50
11189,Operations,region_2,Masters & above,m,other,1,43,4.0,7,1,0,60
51701,HR,region_23,Masters & above,m,sourcing,1,38,5.0,12,1,0,52
58231,HR,region_2,Bachelors,f,referred,1,33,2.0,6,1,0,49
27162,Technology,region_27,Bachelors,m,sourcing,2,29,1.0,2,0,0,78
54803,Operations,region_22,Masters & above,f,sourcing,1,38,3.0,8,1,1,88
47327,Sales & Marketing,region_4,Bachelors,f,other,1,33,5.0,3,0,0,52
48061,Sales & Marketing,region_31,Bachelors,f,sourcing,1,34,3.0,6,0,0,48
36223,Technology,region_16,Bachelors,f,other,1,33,1.0,8,0,0,78
63224,Sales & Marketing,region_27,Bachelors,m,other,1,35,5.0,7,1,0,51
3860,Operations,region_17,Bachelors,m,other,1,31,1.0,4,0,0,62
26804,Operations,region_31,Bachelors,m,other,1,36,5.0,10,1,0,58
75365,Operations,region_25,Below Secondary,m,other,1,25,,1,0,0,59
3644,Operations,region_26,Bachelors,m,sourcing,1,35,4.0,7,0,0,59
35848,Legal,region_2,Masters & above,m,other,1,39,1.0,8,0,0,57
69510,Operations,region_22,Masters & above,f,sourcing,1,39,5.0,5,0,0,61
29579,Sales & Marketing,region_16,Masters & above,m,other,2,33,4.0,4,1,0,47
44963,Operations,region_22,Bachelors,m,other,1,34,4.0,8,1,0,61
4296,Operations,region_2,Bachelors,f,sourcing,2,37,4.0,5,1,0,57
26355,Procurement,region_22,Masters & above,f,other,2,34,1.0,5,0,0,68
29042,Legal,region_2,Bachelors,m,sourcing,1,39,3.0,3,1,0,60
69846,Sales & Marketing,region_7,Bachelors,m,other,1,30,4.0,5,1,0,53
50833,Technology,region_25,Masters & above,m,sourcing,1,33,3.0,6,1,0,84
77161,Sales & Marketing,region_2,Bachelors,m,referred,1,30,5.0,7,0,0,53
66315,Analytics,region_2,Masters & above,m,other,1,53,1.0,18,0,0,90
56473,Analytics,region_26,Bachelors,m,sourcing,1,31,3.0,3,1,1,85
70067,HR,region_2,Below Secondary,m,sourcing,3,26,3.0,2,0,0,46
75377,Analytics,region_8,Bachelors,m,sourcing,2,28,5.0,6,1,0,77
31912,Sales & Marketing,region_28,Bachelors,m,sourcing,1,38,3.0,11,0,0,51
72368,Finance,region_32,Bachelors,m,sourcing,1,31,1.0,3,0,0,60
48600,Sales & Marketing,region_13,Bachelors,m,other,1,36,4.0,9,0,0,58
15070,Operations,region_15,Masters & above,m,sourcing,1,42,3.0,2,1,0,58
60798,Sales & Marketing,region_34,Bachelors,m,sourcing,3,25,4.0,2,0,0,47
52044,Analytics,region_26,Bachelors,m,sourcing,1,27,,1,0,0,85
73446,Operations,region_8,Masters & above,m,other,1,30,3.0,6,0,0,60
28251,Procurement,region_16,Bachelors,f,other,1,30,3.0,2,1,0,68
18136,Analytics,region_29,Masters & above,m,sourcing,2,31,5.0,5,1,0,81
41052,Technology,region_4,Masters & above,m,other,1,46,3.0,13,0,0,78
74792,Procurement,region_2,Masters & above,f,sourcing,2,55,4.0,4,0,0,68
3977,Analytics,region_19,Bachelors,m,other,2,36,3.0,6,1,0,83
55185,Operations,region_26,Masters & above,f,other,1,35,5.0,8,1,0,56
50456,Operations,region_33,Bachelors,m,sourcing,1,35,2.0,10,0,0,68
31733,Sales & Marketing,region_29,Bachelors,m,other,1,30,2.0,6,0,0,48
61606,Sales & Marketing,region_7,Bachelors,f,other,3,33,1.0,6,0,0,52
43341,Operations,region_13,Bachelors,m,sourcing,1,30,5.0,2,1,0,61
76971,Operations,region_23,Bachelors,m,other,1,30,4.0,5,0,0,57
48003,Operations,region_17,Bachelors,m,other,1,38,5.0,2,0,0,69
74561,Sales & Marketing,region_1,Masters & above,m,sourcing,1,37,3.0,9,0,0,51
23024,Operations,region_2,Bachelors,m,other,1,50,4.0,19,1,0,60
11647,Finance,region_2,Bachelors,m,sourcing,1,35,3.0,6,1,0,61
38459,Analytics,region_31,Bachelors,m,other,1,27,5.0,3,0,0,83
60537,Analytics,region_2,Bachelors,m,other,1,31,1.0,9,0,0,85
27791,Procurement,region_29,Bachelors,m,other,1,36,3.0,10,1,0,71
38789,Sales & Marketing,region_4,Bachelors,f,other,1,33,4.0,3,0,0,49
44242,Finance,region_7,Bachelors,m,other,2,32,3.0,7,0,0,56
40877,Procurement,region_8,Bachelors,f,other,1,30,3.0,4,1,0,71
36453,Analytics,region_13,Bachelors,m,sourcing,2,41,5.0,6,1,0,87
38544,Operations,region_32,Bachelors,m,other,1,30,5.0,7,0,0,59
56729,Sales & Marketing,region_28,Masters & above,f,other,1,37,4.0,9,0,0,46
74134,Sales & Marketing,region_1,Masters & above,f,sourcing,2,33,5.0,8,0,0,53
5309,Technology,region_2,Masters & above,f,other,1,43,3.0,6,0,0,72
77855,Operations,region_16,Bachelors,m,other,1,30,5.0,5,1,0,55
28973,Operations,region_2,Bachelors,f,other,1,29,2.0,4,0,0,56
35532,Operations,region_22,Bachelors,m,sourcing,1,37,1.0,3,0,0,59
40549,Technology,region_5,Bachelors,m,other,1,38,4.0,4,0,0,79
3158,Sales & Marketing,region_5,Bachelors,m,other,2,26,1.0,4,0,0,47
44354,Operations,region_27,Bachelors,m,other,1,25,4.0,2,0,0,58
1095,Technology,region_4,Bachelors,f,other,1,35,5.0,4,1,1,76
9885,Analytics,region_22,Bachelors,m,sourcing,1,26,5.0,2,0,0,83
14276,Analytics,region_22,Bachelors,m,other,1,29,4.0,5,0,0,85
65255,Finance,region_2,Masters & above,m,other,1,58,4.0,3,1,0,60
20035,Finance,region_30,Bachelors,f,other,1,27,5.0,6,1,0,57
40214,Procurement,region_13,Masters & above,m,other,1,31,3.0,6,1,0,67
14263,Technology,region_23,Bachelors,f,other,1,33,2.0,5,0,0,80
9543,Sales & Marketing,region_22,Bachelors,m,other,1,49,5.0,7,0,0,53
67372,Procurement,region_2,Bachelors,m,other,2,45,3.0,4,0,0,69
57884,Operations,region_2,Bachelors,m,sourcing,1,37,3.0,9,0,0,61
44826,HR,region_2,Below Secondary,f,other,1,22,,1,0,0,52
56494,Operations,region_2,Bachelors,m,sourcing,1,40,1.0,7,0,0,62
2655,Analytics,region_4,Bachelors,m,other,1,39,2.0,10,0,0,85
72335,Operations,region_22,Masters & above,m,sourcing,1,37,3.0,10,1,0,59
487,Technology,region_22,Masters & above,f,other,1,44,5.0,7,1,0,77
11597,Sales & Marketing,region_15,,m,other,1,24,4.0,2,0,0,52
56325,Procurement,region_2,Masters & above,f,referred,1,38,5.0,4,0,0,67
26769,Legal,region_13,Bachelors,m,sourcing,1,43,3.0,9,0,0,59
5305,Technology,region_2,Masters & above,f,other,1,52,3.0,17,0,0,81
72708,Operations,region_22,Masters & above,m,sourcing,1,43,1.0,4,0,0,58
53861,Sales & Marketing,region_13,Masters & above,m,other,1,32,4.0,5,0,0,51
52308,Operations,region_28,Bachelors,f,sourcing,1,34,1.0,9,0,0,59
39349,Analytics,region_22,Bachelors,m,sourcing,1,36,5.0,7,1,0,82
40064,HR,region_7,Bachelors,f,other,1,29,5.0,6,1,0,49
46184,Sales & Marketing,region_13,Masters & above,m,other,2,34,3.0,10,0,0,48
25067,Analytics,region_31,Masters & above,m,sourcing,2,37,4.0,11,0,0,84
78148,Procurement,region_17,Bachelors,m,other,1,26,5.0,3,1,0,71
29507,Legal,region_22,Bachelors,m,other,1,28,3.0,3,1,0,59
77903,Technology,region_24,Bachelors,m,other,1,27,,1,0,0,82
14147,Operations,region_22,Bachelors,m,sourcing,1,40,5.0,12,1,0,63
45763,Technology,region_7,Below Secondary,m,sourcing,2,24,5.0,2,1,1,78
77303,Technology,region_2,Masters & above,m,sourcing,2,40,3.0,8,0,0,80
7615,Procurement,region_26,Masters & above,f,other,1,33,4.0,7,0,0,71
43743,Sales & Marketing,region_15,Bachelors,m,sourcing,1,37,4.0,9,1,0,47
11,Technology,region_4,Masters & above,f,sourcing,1,39,4.0,12,1,0,72
74262,Sales & Marketing,region_4,Masters & above,f,other,1,33,5.0,8,0,0,49
52016,Operations,region_15,Bachelors,m,sourcing,1,42,3.0,4,0,0,67
45400,Technology,region_5,Bachelors,m,sourcing,2,30,,1,0,0,81
40635,Sales & Marketing,region_22,,m,sourcing,1,24,1.0,2,0,0,56
73711,Sales & Marketing,region_2,Bachelors,f,other,1,36,2.0,7,0,0,54
40444,Sales & Marketing,region_23,Masters & above,m,sourcing,1,31,5.0,6,1,0,51
40151,Analytics,region_29,Bachelors,f,sourcing,1,28,4.0,5,1,0,87
18968,Sales & Marketing,region_9,Bachelors,f,other,1,31,3.0,5,1,0,51
3552,R&D,region_22,Bachelors,m,other,2,36,3.0,2,0,0,87
5448,Legal,region_2,Bachelors,m,other,1,37,3.0,3,0,0,55
70221,Sales & Marketing,region_23,Masters & above,m,other,3,41,1.0,5,0,0,49
63398,Operations,region_2,Masters & above,f,sourcing,1,51,4.0,19,0,0,60
46887,Sales & Marketing,region_13,Bachelors,m,other,2,41,2.0,15,0,0,49
70185,Procurement,region_7,Masters & above,f,sourcing,1,33,3.0,5,1,0,84
11155,Finance,region_4,Bachelors,m,sourcing,1,33,5.0,6,1,0,62
66669,Analytics,region_29,Bachelors,m,other,2,30,4.0,6,0,0,80
27802,Operations,region_11,Bachelors,f,other,1,31,,1,1,0,60
29542,Operations,region_2,Bachelors,f,other,3,37,3.0,9,0,0,58
66630,Sales & Marketing,region_2,Bachelors,m,other,1,52,4.0,3,1,0,52
12594,Procurement,region_4,Masters & above,m,other,2,46,5.0,18,1,0,66
45087,Sales & Marketing,region_31,Bachelors,m,other,1,35,5.0,8,0,0,50
56626,Operations,region_32,Bachelors,f,sourcing,1,30,3.0,10,0,0,58
4656,Operations,region_32,Bachelors,f,sourcing,1,31,3.0,6,1,0,59
9413,Analytics,region_2,Masters & above,m,sourcing,1,46,4.0,5,1,0,84
61127,Finance,region_22,Bachelors,m,other,1,25,,1,0,0,61
64092,Operations,region_15,Bachelors,m,referred,1,42,5.0,11,0,0,58
54571,Operations,region_7,Bachelors,m,sourcing,1,58,5.0,8,0,0,59
34935,Sales & Marketing,region_16,Masters & above,f,other,2,32,1.0,4,0,0,49
376,R&D,region_16,Bachelors,m,other,1,36,3.0,7,1,1,86
3280,Sales & Marketing,region_13,Bachelors,m,other,1,52,1.0,16,0,0,45
70065,Analytics,region_29,Masters & above,m,other,1,31,5.0,6,0,0,87
55001,HR,region_31,Bachelors,f,sourcing,1,25,5.0,3,1,0,47
65820,Sales & Marketing,region_7,Masters & above,m,sourcing,1,30,5.0,2,0,0,49
44778,Sales & Marketing,region_21,Bachelors,m,other,1,37,2.0,12,0,0,48
38944,Procurement,region_26,Masters & above,m,sourcing,1,37,3.0,9,0,0,71
72204,Technology,region_7,Masters & above,f,other,1,32,1.0,5,0,0,75
47520,Operations,region_24,Bachelors,f,other,1,33,4.0,9,1,0,61
21515,Operations,region_31,Bachelors,f,other,1,30,4.0,5,1,0,58
49003,Technology,region_2,Bachelors,f,other,1,32,4.0,4,1,0,79
19765,Sales & Marketing,region_4,Masters & above,f,sourcing,1,36,4.0,5,1,0,54
71545,Operations,region_2,Below Secondary,f,other,1,21,,1,0,0,60
68119,Operations,region_22,Masters & above,m,sourcing,1,57,1.0,19,1,0,55
77623,Analytics,region_32,Bachelors,m,sourcing,1,32,1.0,6,0,0,87
52819,Procurement,region_2,Bachelors,m,other,2,54,4.0,13,1,0,69
12003,Technology,region_28,Masters & above,m,other,1,33,5.0,8,1,0,82
2129,Operations,region_11,Bachelors,m,sourcing,1,40,4.0,5,0,0,59
70404,HR,region_17,Bachelors,f,sourcing,1,34,5.0,9,1,0,48
49263,Sales & Marketing,region_7,Bachelors,f,other,1,37,1.0,5,0,0,53
64884,Operations,region_2,Bachelors,m,sourcing,2,25,3.0,3,0,0,57
441,Sales & Marketing,region_2,Bachelors,m,sourcing,1,23,5.0,2,1,0,54
22939,Sales & Marketing,region_16,,m,other,1,41,3.0,12,0,0,49
54269,HR,region_11,Bachelors,m,sourcing,1,25,,1,0,0,48
24903,Operations,region_2,Masters & above,m,other,1,60,1.0,16,0,0,60
41978,Analytics,region_24,Bachelors,m,other,1,29,3.0,6,0,0,83
25236,Sales & Marketing,region_7,Bachelors,m,sourcing,1,32,4.0,5,1,0,52
14299,Procurement,region_2,Below Secondary,m,sourcing,1,24,4.0,2,1,0,69
66543,Operations,region_7,Masters & above,f,other,1,43,4.0,12,0,0,57
30182,Operations,region_2,Masters & above,f,other,2,40,5.0,11,1,0,60
64660,Operations,region_15,Bachelors,m,sourcing,1,36,4.0,9,0,0,57
48791,HR,region_31,Masters & above,f,sourcing,1,38,3.0,10,0,0,48
28988,Finance,region_22,Bachelors,m,sourcing,1,23,3.0,2,1,0,58
54211,Procurement,region_2,Bachelors,f,other,1,41,3.0,13,0,0,71
56386,Procurement,region_13,Bachelors,m,sourcing,1,38,4.0,9,1,0,69
42087,Technology,region_26,Bachelors,f,other,1,30,5.0,2,1,0,76
46844,Technology,region_5,Bachelors,m,sourcing,1,46,3.0,2,0,0,79
32740,Operations,region_28,Masters & above,m,sourcing,1,34,4.0,7,0,0,63
45425,Procurement,region_4,Bachelors,f,other,1,34,3.0,2,1,0,71
50278,Procurement,region_7,Masters & above,f,other,1,37,3.0,9,1,1,73
2096,Sales & Marketing,region_22,Bachelors,f,sourcing,3,29,4.0,5,0,0,52
64915,Sales & Marketing,region_28,Bachelors,m,other,2,30,5.0,2,1,0,49
9030,Technology,region_2,Bachelors,f,sourcing,1,60,3.0,14,0,0,79
28568,Sales & Marketing,region_19,Bachelors,m,other,1,38,2.0,9,0,0,54
17371,Sales & Marketing,region_2,Masters & above,m,other,1,52,3.0,26,0,0,48
50687,Procurement,region_31,Masters & above,m,sourcing,1,35,3.0,5,0,0,71
76930,Sales & Marketing,region_2,Bachelors,m,sourcing,1,20,1.0,2,0,0,45
74009,Procurement,region_17,Bachelors,f,sourcing,1,31,4.0,2,1,0,70
38938,Procurement,region_7,Bachelors,f,other,1,29,3.0,2,0,0,80
33757,HR,region_22,Bachelors,m,referred,1,27,4.0,2,0,0,51
43147,Operations,region_27,Masters & above,m,sourcing,1,47,3.0,7,0,0,61
47330,Sales & Marketing,region_34,Masters & above,m,other,1,37,3.0,8,1,0,46
15121,Analytics,region_30,Bachelors,m,other,1,27,,1,0,0,80
11839,Sales & Marketing,region_8,Bachelors,m,other,1,27,,1,0,0,48
28006,Technology,region_7,Masters & above,m,other,1,34,2.0,5,0,0,77
75464,Analytics,region_15,Bachelors,m,other,1,33,3.0,6,1,0,87
60054,Sales & Marketing,region_26,Bachelors,f,sourcing,1,35,5.0,2,1,0,49
44146,Analytics,region_29,Bachelors,m,sourcing,2,29,2.0,2,0,0,84
64644,Operations,region_1,Masters & above,f,other,1,32,5.0,7,1,0,61
941,Procurement,region_10,Masters & above,f,other,1,34,5.0,3,1,0,66
58258,R&D,region_7,Bachelors,m,sourcing,1,34,3.0,6,0,0,81
48882,Sales & Marketing,region_7,Bachelors,f,sourcing,1,30,1.0,5,0,0,48
64996,Analytics,region_22,,m,sourcing,1,27,3.0,3,1,0,84
17127,Technology,region_2,Below Secondary,m,other,1,22,4.0,2,1,0,78
10036,Technology,region_26,Masters & above,m,other,1,40,5.0,4,1,0,78
3960,Operations,region_21,Masters & above,f,other,2,34,1.0,4,0,0,63
51972,Analytics,region_7,Bachelors,m,sourcing,1,32,4.0,6,0,0,85
63993,Sales & Marketing,region_15,Bachelors,m,other,1,34,4.0,7,0,0,54
57157,Sales & Marketing,region_20,Bachelors,m,sourcing,4,26,1.0,2,0,0,51
22717,Procurement,region_24,Bachelors,m,sourcing,4,29,4.0,5,1,0,64
22903,Operations,region_22,Bachelors,f,sourcing,1,23,,1,1,0,59
14736,Sales & Marketing,region_23,Bachelors,m,sourcing,1,34,2.0,6,1,0,46
5990,Technology,region_26,Bachelors,m,sourcing,1,29,,1,0,0,78
41945,Analytics,region_2,Bachelors,m,other,1,40,3.0,11,0,0,84
32123,Sales & Marketing,region_2,Masters & above,f,sourcing,1,56,2.0,7,0,0,47
16426,Analytics,region_31,Bachelors,m,sourcing,1,27,1.0,4,0,0,83
13433,Procurement,region_31,Bachelors,m,sourcing,1,33,1.0,4,0,0,73
55153,Analytics,region_2,Masters & above,m,sourcing,1,52,4.0,11,0,0,82
9527,Sales & Marketing,region_2,Masters & above,m,other,1,44,5.0,13,1,0,52
72506,Technology,region_28,Bachelors,m,sourcing,1,30,2.0,5,0,0,86
38705,Operations,region_11,Bachelors,f,sourcing,1,32,5.0,5,0,0,56
11955,Finance,region_7,Bachelors,f,other,1,30,5.0,4,1,0,57
16633,Finance,region_13,Bachelors,f,sourcing,1,25,,1,1,0,64
32451,Operations,region_23,Masters & above,f,other,1,35,3.0,7,1,0,55
64903,Finance,region_30,Bachelors,m,sourcing,1,28,3.0,7,1,0,57
16583,Sales & Marketing,region_3,,m,sourcing,1,24,,1,0,0,53
75800,Sales & Marketing,region_2,Bachelors,f,other,1,29,4.0,6,1,0,45
26924,Sales & Marketing,region_7,Bachelors,m,sourcing,1,29,2.0,4,0,0,44
38674,Procurement,region_13,Bachelors,f,other,2,40,4.0,7,1,0,71
1191,Procurement,region_27,Bachelors,m,other,1,30,5.0,3,1,0,64
11999,Sales & Marketing,region_2,Bachelors,f,sourcing,1,34,1.0,7,0,0,47
75569,Sales & Marketing,region_22,Masters & above,m,other,1,36,4.0,8,0,0,49
57646,Technology,region_13,Bachelors,m,other,1,30,3.0,4,0,0,78
31874,Sales & Marketing,region_20,Bachelors,f,other,1,31,4.0,3,0,0,46
42653,Operations,region_32,Bachelors,m,sourcing,1,36,5.0,8,0,0,62
44044,Sales & Marketing,region_15,Masters & above,m,sourcing,1,32,1.0,8,0,0,53
43668,Operations,region_8,Masters & above,m,sourcing,1,42,3.0,7,1,0,59
51197,Operations,region_26,Bachelors,m,other,2,44,3.0,3,0,0,62
70737,Technology,region_2,Masters & above,m,other,2,38,1.0,4,0,0,83
991,HR,region_22,Bachelors,m,sourcing,1,32,5.0,7,1,0,48
67762,Operations,region_4,Bachelors,m,other,1,31,1.0,5,1,0,57
43580,Procurement,region_10,Bachelors,m,sourcing,2,32,4.0,3,1,0,71
74794,Analytics,region_7,Bachelors,m,other,1,39,4.0,10,0,0,84
36451,Operations,region_7,Bachelors,f,sourcing,1,30,3.0,7,0,0,58
66356,Operations,region_34,Bachelors,f,sourcing,1,27,3.0,3,0,0,60
17133,Sales & Marketing,region_17,Bachelors,f,other,1,28,5.0,4,1,0,46
32113,Operations,region_26,Bachelors,m,sourcing,1,26,3.0,5,0,0,60
33531,R&D,region_22,Bachelors,m,other,1,28,,1,1,0,85
9523,Sales & Marketing,region_25,Masters & above,f,sourcing,1,40,3.0,3,0,0,51
45272,Analytics,region_28,Masters & above,m,sourcing,1,38,3.0,5,0,0,85
66795,Technology,region_17,Masters & above,f,sourcing,1,41,1.0,14,0,0,80
21086,Operations,region_7,Bachelors,f,sourcing,1,26,5.0,3,0,0,56
8566,Finance,region_20,Bachelors,f,other,1,29,4.0,6,1,0,58
19332,Sales & Marketing,region_2,Bachelors,m,other,1,23,5.0,2,1,0,47
12141,HR,region_11,Bachelors,m,other,1,25,,1,0,0,52
68616,Operations,region_6,Bachelors,m,sourcing,1,36,4.0,3,0,0,62
70031,Operations,region_2,Bachelors,m,sourcing,1,40,4.0,4,0,0,62
1798,Analytics,region_8,Bachelors,m,sourcing,1,29,4.0,4,0,0,91
19801,Analytics,region_1,Bachelors,m,other,1,30,4.0,4,1,0,85
76150,Procurement,region_15,Masters & above,f,other,1,45,3.0,11,0,0,70
29881,Operations,region_7,Bachelors,f,other,1,32,3.0,3,1,0,56
65450,Technology,region_2,Masters & above,f,sourcing,2,57,2.0,7,0,0,83
7800,Sales & Marketing,region_11,Bachelors,m,other,1,45,1.0,7,0,0,46
59628,HR,region_2,Masters & above,f,other,1,41,5.0,2,0,0,62
65057,Sales & Marketing,region_2,Bachelors,f,other,1,36,5.0,10,1,0,44
60258,Sales & Marketing,region_25,Masters & above,m,sourcing,1,35,5.0,7,0,0,50
45823,Technology,region_26,Bachelors,f,other,1,29,3.0,4,0,0,80
31135,Sales & Marketing,region_3,Bachelors,m,sourcing,1,34,3.0,7,1,0,54
45113,Procurement,region_2,Bachelors,f,other,1,55,3.0,5,0,0,72
73986,Operations,region_26,Bachelors,f,other,1,39,5.0,4,1,0,59
27305,Sales & Marketing,region_13,Masters & above,m,other,1,43,3.0,7,0,0,53
916,Analytics,region_2,Bachelors,m,sourcing,2,34,3.0,10,0,0,85
53897,Analytics,region_20,Masters & above,m,other,1,28,,1,1,0,85
75994,Operations,region_26,Masters & above,f,sourcing,1,32,4.0,6,1,0,59
26180,Sales & Marketing,region_14,Bachelors,f,sourcing,1,34,3.0,5,0,0,49
23842,Legal,region_2,Bachelors,m,sourcing,1,32,5.0,5,0,0,56
3008,Sales & Marketing,region_28,Bachelors,f,other,1,36,1.0,8,0,0,51
6632,Sales & Marketing,region_2,Bachelors,m,sourcing,1,23,5.0,2,0,0,49
76723,Finance,region_2,Below Secondary,m,other,1,23,4.0,2,0,0,63
53627,Procurement,region_7,Bachelors,m,other,1,31,3.0,5,1,0,65
73643,Operations,region_21,Bachelors,m,other,1,27,3.0,4,0,0,62
30242,Sales & Marketing,region_23,Bachelors,m,other,1,31,5.0,7,1,0,52
3156,Operations,region_15,Bachelors,f,other,1,30,5.0,2,1,0,59
44222,Sales & Marketing,region_7,Bachelors,f,other,1,30,3.0,5,0,0,54
51293,Technology,region_2,Bachelors,f,other,1,45,5.0,5,0,0,81
31484,Sales & Marketing,region_31,Bachelors,m,other,1,30,4.0,4,0,0,47
22610,Sales & Marketing,region_13,Bachelors,m,sourcing,1,35,4.0,7,0,0,44
74752,Operations,region_22,Bachelors,m,other,1,36,5.0,8,0,0,57
68523,Technology,region_22,Masters & above,m,sourcing,1,56,3.0,17,0,0,82
70712,Technology,region_22,Bachelors,m,other,4,35,2.0,8,0,0,82
14833,Operations,region_29,Bachelors,m,sourcing,1,35,3.0,4,0,0,62
23670,R&D,region_23,Masters & above,m,sourcing,1,35,3.0,10,0,0,85
38302,Analytics,region_7,Masters & above,m,other,1,33,3.0,8,1,0,85
54173,Procurement,region_27,Masters & above,f,sourcing,1,38,5.0,8,1,0,68
33400,Sales & Marketing,region_12,Bachelors,m,other,1,25,4.0,2,0,0,51
17693,Procurement,region_13,Bachelors,f,other,1,28,4.0,2,1,0,69
43178,Sales & Marketing,region_15,,m,sourcing,1,38,1.0,7,0,0,51
32992,Operations,region_22,Bachelors,f,other,1,37,5.0,9,1,0,60
51063,Sales & Marketing,region_28,Bachelors,f,other,1,29,4.0,4,0,0,53
69382,Sales & Marketing,region_11,Bachelors,m,other,1,35,4.0,10,0,0,53
59719,Operations,region_14,Bachelors,m,sourcing,1,41,3.0,3,0,0,62
2622,Procurement,region_7,Masters & above,m,other,1,45,3.0,2,0,0,68
52311,Sales & Marketing,region_27,Masters & above,m,other,1,33,3.0,4,0,0,52
26680,Analytics,region_7,Bachelors,m,other,2,42,5.0,6,1,0,83
74965,Technology,region_15,Bachelors,f,other,1,34,4.0,6,1,0,82
24091,Analytics,region_16,Bachelors,m,other,1,34,5.0,7,1,0,86
23491,Operations,region_15,Masters & above,m,other,1,49,3.0,9,0,0,63
42207,Technology,region_7,Bachelors,m,other,1,34,1.0,5,0,0,72
48793,Sales & Marketing,region_15,Bachelors,m,other,3,27,4.0,5,0,0,46
78208,Sales & Marketing,region_31,Bachelors,m,sourcing,1,31,4.0,2,1,0,48
71878,Operations,region_2,Masters & above,m,other,2,47,3.0,19,0,0,63
68137,Technology,region_13,Masters & above,m,other,1,34,1.0,6,0,0,77
650,R&D,region_22,Bachelors,m,other,1,29,5.0,5,1,0,88
41320,Sales & Marketing,region_25,Masters & above,m,other,1,32,5.0,3,0,0,51
9428,Analytics,region_5,Bachelors,m,sourcing,1,28,,1,0,0,87
60800,Technology,region_30,Bachelors,f,other,1,32,3.0,7,0,0,84
30673,Operations,region_2,Bachelors,m,sourcing,1,39,4.0,2,0,0,61
58620,HR,region_2,Masters & above,f,sourcing,1,39,5.0,11,0,0,58
27390,Technology,region_33,Bachelors,m,sourcing,1,48,3.0,6,0,0,81
25055,Procurement,region_2,Bachelors,f,sourcing,1,29,,1,1,0,69
67777,Sales & Marketing,region_27,Masters & above,m,other,1,41,2.0,2,1,0,48
49612,HR,region_10,Masters & above,m,other,1,29,5.0,7,1,0,49
54477,Procurement,region_27,Masters & above,m,other,1,40,1.0,13,0,0,75
41576,Sales & Marketing,region_20,Masters & above,m,other,1,40,3.0,10,0,0,44
75297,Operations,region_22,Bachelors,m,other,1,37,4.0,3,1,0,60
12337,Sales & Marketing,region_29,Bachelors,m,other,2,29,1.0,5,1,0,48
38598,Procurement,region_2,Bachelors,f,sourcing,1,25,,1,1,0,68
64525,Sales & Marketing,region_23,,m,sourcing,1,33,1.0,7,0,0,49
41154,Technology,region_16,Bachelors,m,sourcing,1,38,1.0,5,0,0,81
24437,Procurement,region_28,Masters & above,m,other,1,36,3.0,3,0,0,70
22128,Procurement,region_15,Bachelors,m,sourcing,1,43,3.0,14,1,0,71
29918,Analytics,region_7,Bachelors,m,sourcing,1,27,3.0,2,0,0,90
26633,Analytics,region_22,Bachelors,f,sourcing,1,29,3.0,2,1,0,83
11668,Sales & Marketing,region_28,Bachelors,m,sourcing,1,27,5.0,2,0,0,52
38568,Sales & Marketing,region_24,Bachelors,m,sourcing,1,26,2.0,2,0,0,44
4213,Sales & Marketing,region_30,Bachelors,m,sourcing,1,39,5.0,5,1,0,49
50523,Technology,region_18,Bachelors,f,sourcing,1,29,4.0,5,1,0,74
11972,Operations,region_27,Bachelors,f,sourcing,1,43,4.0,4,1,0,59
26455,Operations,region_22,,m,sourcing,1,26,5.0,2,0,0,61
17053,R&D,region_26,Bachelors,m,sourcing,1,35,5.0,6,1,0,80
41428,Sales & Marketing,region_29,Bachelors,m,other,1,37,1.0,7,0,0,50
1663,Finance,region_7,Bachelors,f,other,1,29,5.0,2,1,0,63
51362,Analytics,region_7,Masters & above,m,other,3,44,3.0,10,0,0,86
131,Analytics,region_2,Bachelors,m,other,1,36,1.0,9,0,0,87
29398,Analytics,region_5,Bachelors,m,other,1,26,5.0,4,1,0,86
74089,Analytics,region_22,,m,sourcing,1,28,3.0,1,1,0,78
7622,Procurement,region_15,Masters & above,m,sourcing,1,38,2.0,10,0,0,71
17596,Technology,region_22,Masters & above,f,sourcing,1,35,5.0,9,1,0,80
34611,Operations,region_8,Bachelors,m,sourcing,1,28,4.0,3,0,0,58
56907,HR,region_2,Bachelors,m,other,1,30,3.0,2,0,0,47
65240,HR,region_7,Masters & above,m,sourcing,2,43,3.0,7,0,0,50
10533,Sales & Marketing,region_22,Bachelors,m,sourcing,1,30,5.0,5,1,0,50
2559,Sales & Marketing,region_27,Bachelors,m,sourcing,1,31,2.0,3,0,0,46
63464,Operations,region_15,Masters & above,f,other,1,43,3.0,13,1,0,58
55003,Procurement,region_22,Bachelors,f,other,1,29,3.0,3,0,0,72
28278,Procurement,region_26,Bachelors,m,other,2,31,5.0,3,1,0,73
18274,Operations,region_1,Bachelors,f,other,2,29,3.0,5,0,0,59
49294,Operations,region_2,Bachelors,f,sourcing,2,35,5.0,4,1,0,63
63372,Sales & Marketing,region_13,Bachelors,m,other,1,30,2.0,2,0,0,50
19580,R&D,region_15,Masters & above,m,other,1,31,,1,1,0,88
16852,Sales & Marketing,region_2,,m,sourcing,1,23,4.0,3,1,0,49
70664,Operations,region_26,Bachelors,m,other,1,39,3.0,5,0,0,62
718,Sales & Marketing,region_22,Bachelors,m,other,3,27,2.0,2,0,0,44
25694,Analytics,region_34,Bachelors,m,other,2,34,1.0,7,0,0,84
46588,Analytics,region_30,Bachelors,m,other,1,28,1.0,7,0,0,82
51003,Analytics,region_4,Masters & above,m,sourcing,2,39,3.0,2,1,0,81
34158,Sales & Marketing,region_26,Bachelors,m,other,1,36,3.0,4,0,0,54
68896,Operations,region_2,Bachelors,m,other,2,39,5.0,8,0,0,58
14363,Sales & Marketing,region_22,Bachelors,m,other,1,28,,1,0,0,50
37345,Procurement,region_2,Bachelors,m,sourcing,1,38,5.0,10,1,0,70
23153,Technology,region_7,Bachelors,f,other,2,30,3.0,5,1,0,76
67679,Sales & Marketing,region_2,Masters & above,f,other,1,36,4.0,9,0,0,45
55312,Procurement,region_28,Masters & above,f,sourcing,2,33,3.0,7,0,0,68
6035,Technology,region_13,Masters & above,f,sourcing,1,36,1.0,7,0,0,77
32911,Sales & Marketing,region_22,Masters & above,m,other,1,37,3.0,7,1,0,50
1348,Analytics,region_22,Masters & above,m,sourcing,1,38,3.0,10,0,0,90
6790,Procurement,region_2,Bachelors,f,sourcing,1,29,2.0,6,0,0,68
49919,Sales & Marketing,region_29,Bachelors,f,other,1,28,,1,1,0,50
50103,Procurement,region_2,Below Secondary,f,sourcing,2,23,5.0,2,1,0,68
44894,HR,region_7,Masters & above,m,sourcing,1,35,5.0,7,0,0,52
1422,Technology,region_7,Bachelors,m,other,1,27,5.0,2,0,0,92
62449,HR,region_26,Bachelors,f,other,1,29,2.0,5,0,0,50
7069,Sales & Marketing,region_32,Bachelors,m,other,1,25,3.0,2,1,0,50
52027,Technology,region_7,Masters & above,f,other,1,46,4.0,5,1,0,79
48786,Finance,region_22,Bachelors,m,other,1,28,4.0,2,0,0,57
3840,Sales & Marketing,region_2,Bachelors,f,sourcing,1,33,5.0,3,1,0,51
45919,Technology,region_2,Masters & above,f,sourcing,1,38,3.0,8,0,0,80
76761,HR,region_2,Masters & above,m,other,1,50,3.0,15,1,0,46
66305,Operations,region_27,Bachelors,f,other,1,30,3.0,8,0,0,61
2721,Analytics,region_22,,f,sourcing,2,26,5.0,3,1,0,86
46610,Sales & Marketing,region_12,Bachelors,m,sourcing,1,37,1.0,6,1,0,49
46725,Analytics,region_31,Bachelors,m,other,2,31,4.0,2,1,0,88
24398,Analytics,region_22,Bachelors,m,other,1,43,3.0,18,0,0,82
58692,Technology,region_33,Bachelors,m,other,2,32,3.0,6,0,0,88
3726,Analytics,region_7,Bachelors,m,other,1,27,1.0,5,0,0,79
10414,Operations,region_22,Bachelors,f,sourcing,3,33,4.0,5,0,0,59
41801,Sales & Marketing,region_13,Bachelors,m,sourcing,1,41,5.0,11,1,0,52
34673,Operations,region_2,Bachelors,f,other,1,55,4.0,10,0,0,59
40955,Legal,region_7,Masters & above,m,sourcing,1,36,4.0,10,0,0,57
4469,Operations,region_6,Bachelors,m,sourcing,1,31,3.0,3,1,0,57
68335,Sales & Marketing,region_13,Bachelors,m,other,1,30,3.0,2,1,0,51
19098,Analytics,region_15,Bachelors,m,other,1,31,4.0,4,0,1,85
75018,Sales & Marketing,region_28,Bachelors,m,other,1,27,3.0,4,1,0,49
34286,Technology,region_2,Below Secondary,m,other,1,25,,1,0,0,78
33683,Sales & Marketing,region_2,Bachelors,m,other,1,49,3.0,18,1,0,46
44834,Analytics,region_25,Bachelors,f,sourcing,1,29,3.0,8,0,0,84
41579,Sales & Marketing,region_28,Bachelors,m,other,1,27,3.0,4,0,0,48
27776,Sales & Marketing,region_2,Bachelors,f,sourcing,1,60,3.0,17,0,0,48
18984,Procurement,region_22,Bachelors,m,other,1,33,3.0,5,1,0,73
40661,Technology,region_26,Bachelors,f,sourcing,1,37,3.0,9,0,0,77
57001,Operations,region_26,Bachelors,f,sourcing,1,31,5.0,7,1,0,56
49400,Sales & Marketing,region_31,Bachelors,m,sourcing,1,25,2.0,3,0,0,51
41971,Analytics,region_22,Bachelors,m,sourcing,1,28,3.0,2,1,0,83
76113,HR,region_2,Bachelors,f,other,1,49,3.0,17,0,0,51
18768,Operations,region_31,Bachelors,f,other,1,35,2.0,10,0,0,61
59360,Operations,region_15,Bachelors,f,sourcing,1,46,3.0,10,0,0,61
55796,Finance,region_2,Bachelors,m,other,1,40,3.0,7,0,0,59
50600,Sales & Marketing,region_2,Masters & above,m,other,1,40,2.0,8,0,0,46
77761,Technology,region_22,Masters & above,m,sourcing,1,29,2.0,5,0,0,84
31614,Sales & Marketing,region_22,Masters & above,m,sourcing,1,33,5.0,6,1,0,51
25248,R&D,region_10,Bachelors,m,other,1,32,3.0,5,0,0,85
33424,Technology,region_2,Masters & above,f,other,3,39,1.0,3,0,0,74
61135,Legal,region_2,Bachelors,m,other,1,32,5.0,3,0,0,57
71220,HR,region_2,Bachelors,f,sourcing,1,28,,1,0,0,48
50512,Technology,region_7,Masters & above,f,other,1,37,4.0,8,0,0,82
4170,Sales & Marketing,region_15,Bachelors,m,sourcing,1,42,5.0,14,0,0,50
34933,HR,region_13,Masters & above,m,sourcing,1,36,3.0,9,0,0,52
63906,Sales & Marketing,region_20,Masters & above,m,other,1,34,3.0,5,0,0,52
44463,Analytics,region_2,Masters & above,m,other,1,55,3.0,28,0,0,83
74023,Finance,region_15,Bachelors,m,sourcing,1,34,3.0,6,0,0,62
44895,Operations,region_4,Masters & above,f,other,1,40,4.0,12,1,0,59
23190,Operations,region_23,Bachelors,m,other,1,31,5.0,3,1,0,60
56255,Operations,region_2,Bachelors,m,sourcing,1,50,4.0,4,0,0,63
66144,Procurement,region_2,Bachelors,m,other,1,28,4.0,5,0,0,68
61304,Sales & Marketing,region_2,Bachelors,m,other,1,23,,1,0,0,48
69127,Sales & Marketing,region_2,Bachelors,f,sourcing,1,28,,1,0,0,48
2254,Finance,region_13,Masters & above,f,sourcing,1,39,3.0,6,1,0,55
53522,Operations,region_29,Masters & above,m,sourcing,2,41,5.0,3,0,0,60
76672,Sales & Marketing,region_1,Bachelors,m,sourcing,2,27,3.0,2,1,0,48
49924,Operations,region_22,Bachelors,m,other,1,38,5.0,3,1,1,56
38561,Sales & Marketing,region_30,Bachelors,m,sourcing,1,29,1.0,5,0,0,52
68340,Analytics,region_26,Bachelors,m,sourcing,1,31,3.0,6,1,0,83
28585,Technology,region_5,Bachelors,m,sourcing,1,28,4.0,3,0,0,86
36458,Sales & Marketing,region_4,Bachelors,m,other,1,30,3.0,2,1,0,46
57059,Analytics,region_22,,m,other,2,26,,1,1,0,82
15574,Analytics,region_22,Bachelors,m,other,2,34,5.0,5,1,0,85
74072,Operations,region_22,Bachelors,m,sourcing,2,41,3.0,5,1,0,56
10298,Technology,region_29,Masters & above,m,sourcing,1,35,5.0,4,1,0,78
53508,Operations,region_22,Masters & above,m,sourcing,1,53,5.0,4,0,0,57
23625,Sales & Marketing,region_26,Masters & above,m,sourcing,1,47,3.0,4,0,0,46
44199,Technology,region_16,Below Secondary,m,other,1,23,,1,0,0,83
45842,Operations,region_2,Bachelors,m,sourcing,1,34,1.0,7,1,0,58
46599,Sales & Marketing,region_29,Bachelors,m,other,1,33,4.0,6,0,0,52
46950,Sales & Marketing,region_24,Bachelors,m,sourcing,1,28,4.0,3,0,0,49
76199,Analytics,region_22,Bachelors,m,sourcing,1,26,3.0,3,1,0,85
54051,Analytics,region_22,Bachelors,m,other,2,27,5.0,2,1,0,78
20911,Technology,region_2,Bachelors,m,sourcing,1,35,1.0,5,0,0,80
42292,Sales & Marketing,region_7,,m,sourcing,1,29,2.0,3,0,0,51
52582,Sales & Marketing,region_15,Bachelors,m,other,3,34,2.0,7,1,0,47
71459,Technology,region_30,Bachelors,m,other,1,26,2.0,3,1,0,77
30580,Sales & Marketing,region_2,,m,other,1,32,3.0,5,0,0,45
54196,Sales & Marketing,region_2,Masters & above,m,sourcing,1,35,5.0,9,0,0,54
58878,Technology,region_2,Masters & above,f,other,2,41,4.0,2,0,0,83
26701,Sales & Marketing,region_2,Bachelors,f,other,1,31,5.0,5,0,0,47
9219,Sales & Marketing,region_16,Bachelors,m,other,1,49,3.0,18,1,0,50
55479,Technology,region_4,Masters & above,m,other,1,47,1.0,14,0,0,79
61516,Operations,region_27,Masters & above,m,sourcing,1,43,3.0,16,0,0,60
13474,Procurement,region_13,Bachelors,f,other,1,31,3.0,3,0,0,71
34910,Procurement,region_2,Masters & above,f,sourcing,1,52,3.0,14,1,0,66
57099,Legal,region_13,Bachelors,m,other,1,28,5.0,3,1,0,60
73453,Procurement,region_2,Bachelors,m,other,1,50,4.0,7,1,0,70
65215,Sales & Marketing,region_13,Bachelors,f,other,1,41,5.0,11,1,0,47
58563,Operations,region_30,Bachelors,f,other,1,41,3.0,6,0,0,63
67985,Operations,region_4,Masters & above,f,sourcing,2,36,1.0,6,1,1,65
29350,HR,region_2,Bachelors,f,other,1,36,3.0,3,0,0,53
25862,HR,region_2,Masters & above,f,sourcing,1,42,5.0,5,0,0,50
40602,Operations,region_7,Bachelors,m,sourcing,1,28,2.0,4,1,0,61
40654,R&D,region_2,Bachelors,m,sourcing,1,38,3.0,11,0,0,88
29710,Analytics,region_2,Bachelors,m,other,1,36,3.0,8,0,0,83
18585,Technology,region_15,Masters & above,m,sourcing,2,50,3.0,16,0,0,86
8495,Sales & Marketing,region_13,Masters & above,m,other,1,36,1.0,5,0,0,54
1516,Technology,region_22,Bachelors,f,other,1,28,,1,1,0,77
50283,Sales & Marketing,region_7,Masters & above,m,sourcing,1,38,3.0,7,0,0,44
11499,Sales & Marketing,region_32,Masters & above,m,other,1,28,3.0,4,0,0,49
47305,Analytics,region_2,,m,other,2,23,4.0,2,0,0,84
491,Technology,region_2,Bachelors,m,sourcing,5,29,3.0,4,0,0,79
74165,Procurement,region_22,Bachelors,f,other,2,37,4.0,7,0,0,69
17633,Sales & Marketing,region_16,Bachelors,m,sourcing,4,25,2.0,5,0,0,51
69819,Sales & Marketing,region_32,,m,other,1,29,5.0,5,1,0,50
35151,Analytics,region_32,,m,other,1,28,,1,0,0,86
3678,Sales & Marketing,region_4,Masters & above,f,other,2,34,3.0,3,1,0,52
52065,Operations,region_29,Masters & above,f,sourcing,1,33,4.0,4,0,0,56
38712,Operations,region_7,Masters & above,m,other,1,38,3.0,4,0,0,64
65570,Sales & Marketing,region_13,Masters & above,m,other,1,44,3.0,4,1,0,48
35473,Sales & Marketing,region_14,Bachelors,m,other,2,32,2.0,8,0,0,49
50589,Analytics,region_2,Bachelors,m,sourcing,1,33,4.0,9,0,0,86
14098,Analytics,region_26,Bachelors,m,other,1,32,3.0,6,0,0,83
52556,Operations,region_31,Bachelors,m,other,1,43,5.0,6,0,0,62
69965,Operations,region_11,Masters & above,f,sourcing,1,32,2.0,9,0,0,58
48400,Finance,region_22,Bachelors,m,other,1,28,3.0,2,1,0,60
50038,HR,region_29,Bachelors,f,sourcing,1,33,3.0,8,1,0,49
1932,Sales & Marketing,region_8,Masters & above,m,other,1,41,2.0,13,0,0,47
51994,Operations,region_2,Bachelors,m,sourcing,1,50,4.0,18,0,0,62
47694,Procurement,region_2,Bachelors,m,other,1,33,3.0,8,0,0,66
35876,Procurement,region_13,Masters & above,m,other,2,31,3.0,2,0,0,73
2193,Sales & Marketing,region_31,,m,other,1,24,,1,1,0,52
45992,Finance,region_2,Bachelors,m,sourcing,1,37,5.0,10,0,0,60
66339,Sales & Marketing,region_13,Bachelors,m,other,1,45,3.0,7,0,0,48
8423,Operations,region_27,Bachelors,f,other,1,32,3.0,2,0,0,60
37202,Analytics,region_23,Bachelors,m,sourcing,1,35,5.0,5,0,0,82
27941,Procurement,region_7,Masters & above,f,other,1,40,5.0,12,1,0,68
12428,Technology,region_7,Bachelors,m,other,1,38,5.0,9,1,0,80
39568,Sales & Marketing,region_1,Bachelors,m,other,1,30,5.0,4,0,0,44
29371,Sales & Marketing,region_23,Masters & above,m,other,1,40,3.0,9,0,0,47
6727,Operations,region_27,Masters & above,f,other,1,50,5.0,4,1,0,58
55749,Sales & Marketing,region_15,Bachelors,m,sourcing,1,27,1.0,1,0,0,53
11974,Procurement,region_27,Bachelors,m,sourcing,3,36,5.0,5,1,0,72
16637,Procurement,region_6,Bachelors,f,sourcing,1,33,2.0,4,0,0,66
29430,Sales & Marketing,region_14,Bachelors,m,sourcing,1,28,1.0,3,0,0,51
12150,Analytics,region_22,Bachelors,m,sourcing,1,29,,1,0,0,82
49895,Analytics,region_11,Bachelors,m,other,1,32,1.0,5,0,0,84
31052,Analytics,region_22,Masters & above,m,sourcing,1,28,,1,0,0,84
69787,Sales & Marketing,region_5,Bachelors,m,sourcing,1,32,2.0,6,0,0,47
65818,HR,region_2,Masters & above,m,other,1,54,3.0,12,1,0,47
9583,HR,region_26,Masters & above,m,other,1,40,3.0,4,0,0,54
1980,Sales & Marketing,region_16,Bachelors,m,other,2,31,3.0,6,0,0,52
65635,Analytics,region_24,Bachelors,m,other,1,38,1.0,3,0,0,85
57143,Analytics,region_22,Bachelors,f,other,1,29,,1,1,0,86
15568,Sales & Marketing,region_6,Bachelors,f,other,1,33,1.0,5,0,0,49
28166,Finance,region_2,Bachelors,m,other,1,39,5.0,9,1,0,56
71269,Analytics,region_22,Bachelors,m,other,2,28,4.0,5,0,0,90
20598,Sales & Marketing,region_31,Bachelors,m,other,1,28,5.0,2,0,0,53
62819,Sales & Marketing,region_7,,m,sourcing,1,35,3.0,5,0,0,48
24523,HR,region_2,,f,sourcing,1,32,3.0,7,0,0,50
12364,Operations,region_22,Below Secondary,m,other,1,26,4.0,2,1,1,73
63572,Operations,region_3,Masters & above,f,other,1,35,4.0,3,0,0,53
47094,Technology,region_22,Bachelors,m,sourcing,2,28,3.0,3,0,0,77
28185,Technology,region_22,Bachelors,m,sourcing,3,27,,1,0,0,80
53950,Procurement,region_17,Bachelors,m,other,1,37,3.0,4,0,0,71
5763,Technology,region_26,Bachelors,f,other,1,27,4.0,4,1,0,82
6888,Sales & Marketing,region_2,Bachelors,f,sourcing,1,30,5.0,2,0,0,48
48228,Operations,region_2,Bachelors,m,other,1,25,,1,1,0,61
20461,Finance,region_29,Bachelors,m,other,2,32,1.0,6,0,0,60
29624,Sales & Marketing,region_15,Bachelors,m,other,1,36,3.0,10,0,0,52
33813,Procurement,region_7,Masters & above,m,other,2,49,2.0,4,0,0,67
33548,Analytics,region_2,Bachelors,m,sourcing,1,39,1.0,2,0,0,89
29084,Analytics,region_2,Bachelors,m,sourcing,1,37,2.0,4,0,0,82
33867,Operations,region_22,Bachelors,m,sourcing,2,34,5.0,4,1,0,60
57108,Analytics,region_25,Masters & above,m,sourcing,1,37,5.0,4,1,0,84
50665,Procurement,region_16,Bachelors,f,sourcing,1,38,4.0,6,0,0,72
59870,Sales & Marketing,region_27,Bachelors,m,sourcing,1,25,2.0,2,0,0,49
72975,Technology,region_5,Masters & above,m,sourcing,1,38,3.0,2,0,0,78
29141,Sales & Marketing,region_21,Bachelors,m,other,1,39,3.0,8,0,0,52
22926,Operations,region_2,Bachelors,m,sourcing,1,60,4.0,8,0,0,59
26992,Operations,region_2,,f,sourcing,1,50,4.0,4,1,0,63
53265,Legal,region_2,Masters & above,m,other,3,55,3.0,4,0,0,61
77370,Sales & Marketing,region_3,Bachelors,f,other,1,31,1.0,8,0,0,54
2947,Procurement,region_22,Masters & above,f,other,1,33,3.0,5,0,0,67
35623,Legal,region_2,Masters & above,m,other,1,59,4.0,14,0,0,56
28081,Procurement,region_17,Bachelors,m,sourcing,1,45,4.0,15,0,0,70
22824,Technology,region_10,Bachelors,f,other,1,29,1.0,6,0,0,75
54692,HR,region_13,Bachelors,f,other,1,24,4.0,2,1,0,51
74549,Procurement,region_2,Below Secondary,f,sourcing,1,25,2.0,2,1,1,66
35683,Sales & Marketing,region_2,Bachelors,m,referred,1,40,4.0,10,1,0,48
29193,Legal,region_2,Bachelors,m,sourcing,1,40,3.0,10,0,0,62
64726,Procurement,region_2,Bachelors,m,other,1,55,1.0,6,1,0,68
53274,Sales & Marketing,region_15,Bachelors,m,sourcing,1,36,3.0,3,0,0,48
55338,Sales & Marketing,region_24,Bachelors,m,sourcing,1,29,3.0,2,0,0,51
66111,Operations,region_9,Bachelors,m,sourcing,1,29,4.0,3,0,0,63
23267,Technology,region_1,Masters & above,m,other,1,33,3.0,4,0,0,77
2473,Procurement,region_15,Masters & above,m,sourcing,1,36,1.0,2,0,0,72
21182,Procurement,region_32,Bachelors,m,sourcing,1,34,3.0,3,0,0,73
9405,Sales & Marketing,region_9,Masters & above,m,other,1,30,2.0,4,0,0,48
1274,Finance,region_22,Masters & above,m,sourcing,1,36,4.0,10,0,0,60
42323,Sales & Marketing,region_13,Bachelors,m,other,1,29,,1,1,0,47
65259,Operations,region_26,Masters & above,f,sourcing,1,35,4.0,7,0,0,62
38830,Finance,region_7,Bachelors,m,other,2,27,3.0,3,0,0,59
61317,Operations,region_13,Bachelors,f,sourcing,1,30,4.0,3,0,0,61
53994,Analytics,region_2,Masters & above,m,sourcing,1,56,3.0,18,0,0,83
58190,Operations,region_25,Bachelors,m,sourcing,1,32,4.0,7,0,0,61
78083,Technology,region_20,Bachelors,m,other,1,31,3.0,8,0,0,77
71135,Sales & Marketing,region_2,,m,sourcing,1,42,5.0,5,0,0,46
66355,Sales & Marketing,region_2,Masters & above,m,sourcing,2,46,1.0,19,0,0,49
58618,Technology,region_11,Bachelors,m,other,1,30,1.0,5,0,0,75
52541,Analytics,region_22,Bachelors,m,sourcing,1,37,4.0,6,0,0,86
8201,Sales & Marketing,region_2,Masters & above,m,other,1,37,1.0,8,0,0,52
70731,Operations,region_19,Masters & above,m,other,2,38,4.0,2,0,0,60
40868,Sales & Marketing,region_2,Masters & above,m,other,2,37,2.0,11,0,0,49
49720,Operations,region_19,Masters & above,f,sourcing,1,33,3.0,6,1,0,57
36375,Sales & Marketing,region_16,Bachelors,m,other,2,23,3.0,2,0,0,48
33212,Procurement,region_30,Bachelors,m,other,3,28,3.0,3,1,0,70
4723,Sales & Marketing,region_24,Masters & above,m,other,1,38,2.0,8,0,0,49
76543,Operations,region_21,Masters & above,m,other,1,47,1.0,14,0,0,61
42062,Operations,region_7,Bachelors,f,other,3,29,1.0,4,0,0,59
39017,Analytics,region_28,Bachelors,m,sourcing,1,36,5.0,7,0,0,83
3556,Technology,region_31,Masters & above,m,other,1,34,4.0,5,1,0,78
51835,HR,region_28,Bachelors,m,other,1,29,,1,1,0,52
12309,Finance,region_2,Masters & above,m,sourcing,1,32,3.0,5,0,0,59
73522,Sales & Marketing,region_13,Bachelors,m,sourcing,1,51,3.0,25,0,0,53
76391,Operations,region_7,Bachelors,m,other,1,38,4.0,13,0,0,60
17756,Sales & Marketing,region_2,Masters & above,m,sourcing,1,38,4.0,3,1,0,48
47220,R&D,region_15,Masters & above,m,other,1,34,3.0,7,0,0,84
48557,Analytics,region_22,Bachelors,f,other,1,28,2.0,3,0,0,86
68495,Sales & Marketing,region_13,Bachelors,m,other,2,33,5.0,7,0,0,47
65903,Sales & Marketing,region_22,Bachelors,m,referred,3,27,5.0,4,1,0,50
46812,Analytics,region_31,Bachelors,m,sourcing,2,23,,1,0,0,85
23507,Procurement,region_7,Bachelors,f,other,1,32,4.0,6,0,0,66
57511,Procurement,region_2,Bachelors,f,other,1,36,5.0,5,1,0,69
69119,Operations,region_26,Bachelors,f,other,1,34,5.0,5,1,0,59
29053,Operations,region_15,Bachelors,m,sourcing,1,33,3.0,7,0,0,57
62471,Sales & Marketing,region_11,Bachelors,m,other,1,40,3.0,6,0,0,50
43546,Sales & Marketing,region_31,Masters & above,m,sourcing,1,29,3.0,3,0,0,49
30115,Sales & Marketing,region_15,Masters & above,m,other,1,49,3.0,13,1,0,49
53680,Technology,region_2,Bachelors,m,sourcing,1,29,2.0,3,0,0,80
7859,Procurement,region_23,Masters & above,f,sourcing,1,31,3.0,8,0,0,70
4249,HR,region_2,Masters & above,f,sourcing,1,41,5.0,8,0,0,51
28970,Technology,region_26,Bachelors,m,sourcing,1,39,4.0,3,0,0,81
32738,Technology,region_14,Bachelors,m,other,1,38,3.0,10,0,0,81
34591,Analytics,region_2,Masters & above,m,sourcing,2,45,5.0,3,1,0,85
73816,Sales & Marketing,region_34,Bachelors,m,other,1,25,5.0,2,0,0,43
57284,Legal,region_4,Masters & above,m,sourcing,1,34,3.0,4,0,0,62
14717,HR,region_2,Bachelors,m,other,1,35,3.0,8,0,0,48
53959,Operations,region_11,Bachelors,m,sourcing,1,38,3.0,3,1,0,58
5902,Procurement,region_27,Bachelors,m,sourcing,6,26,3.0,2,0,0,69
76242,HR,region_2,Masters & above,f,sourcing,1,47,3.0,8,0,0,48
76355,Procurement,region_7,Masters & above,f,other,2,35,3.0,9,1,0,67
856,Technology,region_2,Bachelors,m,other,1,29,3.0,4,1,0,81
71397,Analytics,region_2,Bachelors,m,other,2,36,3.0,9,0,0,84
73506,Analytics,region_29,Bachelors,m,other,3,29,4.0,6,1,0,86
62306,Procurement,region_1,Bachelors,f,sourcing,1,29,,1,0,0,69
61328,Sales & Marketing,region_2,Masters & above,m,other,1,36,3.0,7,0,0,48
16115,Finance,region_22,Bachelors,m,other,2,26,3.0,4,0,0,58
5736,Operations,region_26,Bachelors,m,sourcing,1,37,1.0,9,0,0,57
30150,Operations,region_2,Bachelors,f,sourcing,1,56,5.0,18,0,0,56
73985,Procurement,region_2,Masters & above,f,sourcing,2,54,3.0,10,1,0,73
62814,Analytics,region_22,Bachelors,f,other,1,36,4.0,7,1,0,85
43708,Sales & Marketing,region_2,Bachelors,m,referred,1,36,3.0,9,1,0,55
33299,Finance,region_28,Masters & above,m,sourcing,2,32,3.0,5,0,0,55
237,Sales & Marketing,region_10,Bachelors,m,sourcing,1,29,5.0,5,0,0,48
32544,Operations,region_21,Bachelors,m,sourcing,1,38,3.0,4,0,0,58
65305,Procurement,region_7,Bachelors,m,sourcing,3,28,,1,0,0,67
33997,Sales & Marketing,region_19,Bachelors,m,sourcing,1,30,2.0,3,0,0,50
18173,Finance,region_2,Masters & above,m,other,1,49,3.0,11,1,0,61
23492,Sales & Marketing,region_2,Bachelors,m,sourcing,1,41,5.0,8,1,0,52
69673,Finance,region_4,Masters & above,f,sourcing,1,35,4.0,7,0,0,57
39468,R&D,region_22,Masters & above,m,other,2,36,5.0,2,1,1,84
5470,Procurement,region_5,Bachelors,m,sourcing,2,34,1.0,4,1,0,75
41359,Operations,region_2,,f,sourcing,1,50,5.0,2,1,0,57
35086,Sales & Marketing,region_31,Bachelors,m,sourcing,1,38,3.0,8,1,0,49
20358,Sales & Marketing,region_25,Bachelors,m,other,2,31,1.0,6,0,0,48
18827,Sales & Marketing,region_3,Masters & above,m,sourcing,4,33,1.0,5,1,0,50
73904,Analytics,region_27,Bachelors,m,sourcing,2,34,4.0,7,0,0,81
57036,Sales & Marketing,region_22,Bachelors,m,other,1,26,2.0,3,1,0,44
41851,Legal,region_7,Masters & above,m,other,1,36,1.0,5,0,0,58
59906,Sales & Marketing,region_15,Bachelors,m,sourcing,2,26,3.0,3,0,0,51
10970,Technology,region_22,Bachelors,f,other,2,29,1.0,8,0,0,77
21130,Procurement,region_2,Masters & above,f,other,3,57,3.0,21,0,0,68
57952,Operations,region_16,Bachelors,f,other,1,32,4.0,7,0,0,59
198,Procurement,region_13,Bachelors,f,other,1,29,3.0,4,1,0,71
39106,Sales & Marketing,region_2,Bachelors,m,sourcing,2,30,5.0,3,0,0,50
31801,HR,region_2,Masters & above,m,other,2,38,3.0,5,0,0,48
47807,Sales & Marketing,region_26,Bachelors,f,other,1,27,,1,0,0,45
5915,HR,region_22,Below Secondary,m,other,1,25,5.0,2,1,0,52
74133,Procurement,region_13,Bachelors,m,sourcing,1,51,2.0,2,0,0,71
29021,Operations,region_14,Bachelors,m,other,1,41,3.0,7,0,1,99
22154,Procurement,region_2,Bachelors,f,other,1,56,3.0,28,0,0,66
8721,Procurement,region_26,Masters & above,m,other,1,55,4.0,17,1,0,65
8368,Procurement,region_7,Masters & above,f,sourcing,2,39,4.0,10,1,0,73
36796,Operations,region_26,Bachelors,f,other,1,32,4.0,3,0,0,60
43404,Operations,region_11,Bachelors,f,sourcing,1,30,3.0,6,0,0,58
63004,Procurement,region_33,Bachelors,m,sourcing,1,31,5.0,4,1,0,70
54011,Sales & Marketing,region_1,,m,sourcing,1,28,3.0,2,1,0,48
55145,Operations,region_15,Bachelors,m,sourcing,1,43,5.0,7,0,0,62
50147,Technology,region_2,Masters & above,m,sourcing,1,38,4.0,3,0,0,80
43083,Operations,region_7,Bachelors,f,other,1,25,,1,1,0,52
73497,Sales & Marketing,region_2,,m,other,2,26,4.0,3,0,0,48
69265,Sales & Marketing,region_19,Bachelors,f,sourcing,1,29,3.0,4,0,0,47
35300,Sales & Marketing,region_5,Masters & above,m,sourcing,1,35,3.0,7,0,0,52
66251,Sales & Marketing,region_15,Bachelors,m,other,2,26,3.0,3,0,1,48
48816,Procurement,region_22,Bachelors,m,sourcing,1,29,2.0,5,0,0,70
2182,Sales & Marketing,region_22,Bachelors,m,sourcing,1,28,4.0,5,1,0,91
74827,Technology,region_14,Masters & above,f,other,2,35,3.0,9,0,0,78
14660,Sales & Marketing,region_2,Masters & above,m,sourcing,1,54,1.0,15,0,0,47
66961,Sales & Marketing,region_3,Masters & above,m,other,1,33,4.0,3,1,0,51
72842,Operations,region_14,Masters & above,f,other,1,40,5.0,8,1,0,60
47024,Procurement,region_2,Masters & above,m,other,1,46,4.0,18,0,0,70
19598,Technology,region_5,Bachelors,m,sourcing,2,29,3.0,3,0,0,79
47154,Technology,region_6,Bachelors,m,other,1,24,2.0,2,1,0,78
77587,Technology,region_14,Bachelors,m,other,3,26,,1,1,0,81
42761,Procurement,region_31,Masters & above,m,other,1,37,5.0,5,1,0,73
48120,Procurement,region_7,Bachelors,m,other,1,33,3.0,7,1,0,73
56851,Sales & Marketing,region_34,Bachelors,m,sourcing,1,31,3.0,3,0,0,52
70806,Procurement,region_8,Bachelors,m,sourcing,2,28,1.0,4,0,0,71
75684,Technology,region_27,Bachelors,f,other,1,36,5.0,6,1,0,76
72363,HR,region_2,Bachelors,m,other,1,32,5.0,4,1,0,55
24503,Operations,region_25,Masters & above,m,other,1,34,5.0,9,0,0,61
2569,Sales & Marketing,region_23,Bachelors,m,other,4,29,3.0,5,0,0,52
30569,Operations,region_9,Bachelors,m,other,1,32,1.0,4,0,0,63
77093,Finance,region_15,Masters & above,m,sourcing,1,34,4.0,2,0,0,56
70099,Sales & Marketing,region_4,Masters & above,m,other,2,39,3.0,2,0,0,50
37227,Operations,region_7,Bachelors,m,other,1,33,4.0,3,0,0,58
31370,Analytics,region_7,,m,other,2,25,,1,1,0,85
76684,Sales & Marketing,region_4,Bachelors,m,other,2,26,3.0,3,0,0,52
62257,Sales & Marketing,region_1,Masters & above,m,other,1,38,3.0,2,0,0,48
11787,Operations,region_12,Bachelors,f,sourcing,2,33,3.0,6,1,0,62
16779,Analytics,region_32,Bachelors,m,other,1,29,,1,0,0,81
75340,Sales & Marketing,region_22,Bachelors,f,other,1,27,,1,1,0,48
18247,Sales & Marketing,region_16,Masters & above,m,other,1,39,5.0,10,1,0,50
25579,Procurement,region_22,Masters & above,m,sourcing,1,42,5.0,11,0,0,70
47252,Finance,region_2,Below Secondary,m,sourcing,1,23,,1,1,0,58
37098,Technology,region_31,Bachelors,m,sourcing,1,28,3.0,4,1,0,78
42587,Sales & Marketing,region_25,Masters & above,f,other,1,35,5.0,3,0,0,50
51009,Sales & Marketing,region_7,Bachelors,m,other,1,34,4.0,8,0,0,52
47834,Finance,region_22,Bachelors,m,sourcing,3,32,5.0,7,0,0,61
77618,Operations,region_2,Bachelors,m,sourcing,1,29,3.0,4,0,0,57
23990,Finance,region_28,Bachelors,m,other,3,29,5.0,4,1,0,60
60813,Finance,region_26,Bachelors,m,sourcing,1,29,1.0,4,0,0,58
52380,Technology,region_2,Bachelors,f,sourcing,3,60,1.0,11,1,0,80
27637,Operations,region_22,Masters & above,m,other,1,42,5.0,14,1,0,60
78009,Operations,region_22,Masters & above,m,other,2,41,5.0,11,0,0,56
55953,Procurement,region_19,Bachelors,m,sourcing,1,32,5.0,10,0,0,85
12224,Sales & Marketing,region_16,Bachelors,m,sourcing,1,39,5.0,8,0,0,51
30171,Analytics,region_15,Bachelors,m,other,1,30,4.0,2,1,0,85
25587,Operations,region_26,Bachelors,m,other,1,33,5.0,7,1,0,56
18964,Technology,region_25,Masters & above,f,sourcing,1,34,3.0,5,0,0,82
28849,Technology,region_13,Masters & above,m,sourcing,1,37,1.0,3,1,0,79
64232,Sales & Marketing,region_1,Masters & above,f,sourcing,1,35,4.0,6,0,0,50
50327,Operations,region_22,Masters & above,f,sourcing,1,35,3.0,5,1,0,55
63359,Procurement,region_2,Masters & above,f,sourcing,1,32,1.0,6,0,0,67
16480,Sales & Marketing,region_9,Bachelors,m,sourcing,1,28,3.0,4,1,0,48
22922,Operations,region_33,Bachelors,m,other,1,32,5.0,6,0,0,61
49845,Sales & Marketing,region_10,Masters & above,f,sourcing,1,30,3.0,6,0,0,50
8268,Technology,region_15,Bachelors,m,sourcing,1,39,3.0,11,0,0,82
65844,Operations,region_2,Masters & above,m,sourcing,1,42,5.0,6,1,0,65
69402,Sales & Marketing,region_1,Bachelors,m,other,1,30,,1,1,0,49
77655,Analytics,region_1,Masters & above,m,other,2,37,3.0,5,1,0,85
59589,Technology,region_2,Masters & above,f,other,2,35,3.0,9,0,0,81
35812,Technology,region_2,Masters & above,f,sourcing,1,42,3.0,15,0,0,78
32772,Analytics,region_22,Bachelors,f,sourcing,1,27,,1,1,0,83
44914,Sales & Marketing,region_28,Bachelors,m,sourcing,1,32,4.0,5,0,0,48
27522,Analytics,region_2,Bachelors,f,other,1,30,2.0,4,0,0,81
15191,Legal,region_7,Bachelors,f,other,1,30,5.0,4,0,0,58
27970,Operations,region_7,Bachelors,m,other,1,36,3.0,7,0,0,64
22389,Operations,region_23,Masters & above,f,sourcing,1,42,3.0,11,0,0,60
18096,Procurement,region_17,Bachelors,f,sourcing,1,24,,1,1,0,68
57172,Sales & Marketing,region_23,Bachelors,m,sourcing,1,41,5.0,7,1,0,47
10757,Finance,region_13,Bachelors,f,other,1,31,5.0,5,1,0,59
74616,Technology,region_10,Masters & above,f,other,1,33,1.0,4,0,0,78
23564,Sales & Marketing,region_30,Bachelors,m,other,1,47,3.0,20,0,0,53
7806,Finance,region_2,Bachelors,f,sourcing,1,27,4.0,3,1,0,64
70321,Sales & Marketing,region_2,Bachelors,m,other,1,25,5.0,3,1,1,47
39861,HR,region_2,Bachelors,f,sourcing,1,40,1.0,11,0,0,50
67478,HR,region_2,Bachelors,f,sourcing,1,31,4.0,5,1,0,50
6358,Operations,region_29,Bachelors,m,other,1,33,4.0,5,0,0,62
7894,Finance,region_2,Masters & above,m,sourcing,2,55,5.0,6,1,0,60
6571,Technology,region_16,Masters & above,m,sourcing,1,34,1.0,9,0,0,76
40390,Finance,region_22,Bachelors,m,sourcing,1,32,3.0,7,0,0,58
48673,Procurement,region_2,Masters & above,m,sourcing,2,51,3.0,4,0,0,71
59420,Operations,region_32,Bachelors,m,sourcing,1,28,5.0,2,0,0,59
35791,Operations,region_22,Masters & above,f,other,1,36,1.0,8,0,0,62
56487,Operations,region_6,Bachelors,m,other,2,31,5.0,3,0,0,63
64142,Sales & Marketing,region_22,Bachelors,m,sourcing,6,28,,1,0,0,52
50688,Technology,region_7,Masters & above,f,other,1,38,5.0,8,0,0,89
60158,Operations,region_16,Below Secondary,f,other,1,22,,1,1,0,62
24778,Operations,region_11,Bachelors,f,other,1,33,5.0,8,1,0,55
26436,Sales & Marketing,region_2,Bachelors,m,sourcing,2,37,1.0,4,0,0,43
45392,Sales & Marketing,region_23,Bachelors,m,sourcing,1,32,2.0,10,0,0,45
70698,Legal,region_2,Masters & above,m,other,1,37,2.0,4,0,0,73
29947,Technology,region_7,Masters & above,f,sourcing,1,31,3.0,7,0,0,81
10512,Analytics,region_30,Bachelors,m,other,1,33,4.0,3,0,0,80
19890,Analytics,region_20,Bachelors,m,other,1,39,4.0,9,0,0,86
39985,Sales & Marketing,region_7,Bachelors,m,sourcing,2,20,3.0,2,0,0,51
68380,Analytics,region_27,Bachelors,m,other,2,32,3.0,6,0,0,82
38928,Sales & Marketing,region_5,Bachelors,m,sourcing,2,29,1.0,2,0,0,50
6884,Operations,region_2,Bachelors,f,other,3,32,5.0,3,1,0,60
29862,Analytics,region_22,,m,other,2,28,5.0,7,1,0,84
68474,Analytics,region_12,Bachelors,m,sourcing,2,33,2.0,6,0,0,82
60595,Sales & Marketing,region_2,Bachelors,m,sourcing,1,38,3.0,7,1,1,90
28179,Procurement,region_7,Masters & above,m,sourcing,1,45,5.0,9,1,0,64
61864,Operations,region_27,Masters & above,m,other,1,38,3.0,5,1,0,59
16753,Sales & Marketing,region_20,Masters & above,m,sourcing,1,41,4.0,5,1,0,49
6891,Analytics,region_22,Masters & above,m,other,1,31,4.0,4,0,0,82
66542,Operations,region_26,Bachelors,f,other,1,34,5.0,6,0,0,61
1861,Sales & Marketing,region_13,Bachelors,m,sourcing,1,47,4.0,16,1,0,51
37252,Sales & Marketing,region_30,Bachelors,m,sourcing,1,36,5.0,8,0,0,50
26671,Operations,region_27,Bachelors,f,sourcing,1,43,3.0,12,0,0,53
13429,Sales & Marketing,region_16,,f,other,1,22,4.0,2,0,0,50
26353,Procurement,region_11,Bachelors,m,other,1,30,5.0,5,1,0,76
47070,Operations,region_8,Masters & above,m,sourcing,1,34,5.0,6,1,0,58
5978,Technology,region_2,,f,other,1,50,5.0,3,1,0,84
32313,Sales & Marketing,region_15,Bachelors,m,sourcing,4,30,1.0,2,1,0,52
54593,Analytics,region_22,,f,sourcing,1,29,1.0,2,0,0,86
10821,Procurement,region_17,Bachelors,f,sourcing,1,32,2.0,4,1,0,68
48587,Analytics,region_2,,m,other,1,35,1.0,9,0,0,83
53117,Operations,region_7,Masters & above,f,other,1,39,4.0,7,1,0,57
21823,Finance,region_2,Below Secondary,m,sourcing,3,25,1.0,3,0,0,59
40664,Operations,region_25,Bachelors,m,other,1,31,1.0,3,0,0,63
28434,Sales & Marketing,region_1,Bachelors,m,other,1,30,,1,0,0,48
17618,HR,region_13,Bachelors,m,other,1,30,5.0,4,1,0,54
25778,Technology,region_24,Masters & above,f,other,1,36,4.0,3,0,0,75
1386,R&D,region_7,Bachelors,m,other,1,35,1.0,5,0,0,87
43876,Procurement,region_5,Masters & above,m,sourcing,1,35,3.0,6,0,0,70
10455,Analytics,region_26,Bachelors,m,sourcing,1,49,3.0,9,0,0,89
76232,Analytics,region_7,Bachelors,f,other,1,27,,1,1,0,86
23898,Sales & Marketing,region_2,Bachelors,m,other,1,34,4.0,2,0,0,49
20324,Sales & Marketing,region_11,Bachelors,m,sourcing,1,31,5.0,5,0,0,48
53692,Sales & Marketing,region_28,Masters & above,m,sourcing,2,36,4.0,9,1,0,47
4925,Operations,region_2,Bachelors,f,sourcing,1,59,4.0,16,0,0,60
20656,Operations,region_7,Bachelors,m,sourcing,1,36,3.0,5,1,0,63
66238,Finance,region_27,Bachelors,m,sourcing,1,34,4.0,10,0,0,59
73496,Sales & Marketing,region_16,Bachelors,f,sourcing,1,33,1.0,5,0,0,45
18493,Analytics,region_7,Bachelors,m,other,1,33,5.0,5,0,0,82
30610,Technology,region_2,Bachelors,f,referred,1,31,4.0,4,0,0,85
43830,Finance,region_2,Bachelors,m,other,2,31,5.0,2,1,0,57
42191,Operations,region_22,Bachelors,f,other,1,26,4.0,3,0,0,59
39952,Sales & Marketing,region_25,Masters & above,m,sourcing,1,32,5.0,7,0,0,54
57989,Procurement,region_2,Bachelors,m,other,1,29,5.0,2,1,0,74
23347,Technology,region_9,Bachelors,m,sourcing,4,30,3.0,2,0,0,78
28766,Sales & Marketing,region_30,Bachelors,m,sourcing,1,32,1.0,3,0,0,46
66914,HR,region_2,Masters & above,m,sourcing,1,33,3.0,8,0,0,47
33416,Operations,region_22,Bachelors,m,referred,1,28,5.0,2,0,0,62
9391,Operations,region_2,Bachelors,f,referred,1,31,5.0,5,0,0,60
25394,Operations,region_3,Masters & above,m,other,2,41,3.0,7,0,0,57
10055,Sales & Marketing,region_2,,m,other,1,27,1.0,4,0,0,49
42805,Analytics,region_29,Bachelors,m,other,1,25,4.0,2,1,0,81
112,Sales & Marketing,region_7,Masters & above,m,other,1,53,4.0,23,1,0,54
11149,Procurement,region_4,Masters & above,f,other,1,38,5.0,5,1,0,67
8486,Technology,region_10,Masters & above,f,sourcing,1,35,3.0,7,0,0,75
62980,Procurement,region_13,Masters & above,m,sourcing,2,41,5.0,11,1,0,70
53150,Procurement,region_2,Bachelors,f,other,1,29,4.0,4,0,0,67
69751,Technology,region_28,Bachelors,m,other,1,29,3.0,2,0,0,83
45785,Operations,region_2,Bachelors,m,other,1,50,3.0,7,0,0,58
36992,Technology,region_31,Bachelors,f,sourcing,1,31,2.0,5,1,0,79
30272,Sales & Marketing,region_29,Bachelors,f,other,1,27,5.0,7,0,0,46
29227,Sales & Marketing,region_11,Bachelors,m,other,1,39,4.0,9,0,0,52
705,Technology,region_26,Bachelors,m,other,1,32,5.0,4,1,0,92
29945,Operations,region_22,Bachelors,m,other,1,27,,1,1,0,58
17370,Technology,region_22,Masters & above,m,other,2,46,5.0,17,0,0,91
58785,Sales & Marketing,region_15,Masters & above,m,other,2,39,3.0,5,1,0,49
63541,Finance,region_2,Bachelors,m,sourcing,1,31,5.0,2,0,0,60
59574,Procurement,region_28,Masters & above,f,sourcing,2,33,1.0,3,0,0,69
70918,Sales & Marketing,region_22,Bachelors,m,referred,1,31,,1,1,0,54
13256,Sales & Marketing,region_31,Bachelors,m,other,1,30,1.0,1,0,0,47
56065,Operations,region_2,Bachelors,m,sourcing,1,31,,1,0,0,62
75137,Procurement,region_22,Bachelors,f,other,2,28,3.0,4,0,0,84
14864,Sales & Marketing,region_9,Masters & above,m,sourcing,1,28,2.0,4,0,0,52
42743,Sales & Marketing,region_5,Bachelors,m,sourcing,1,37,4.0,3,0,0,46
16406,Procurement,region_25,Masters & above,f,other,1,32,2.0,1,0,0,72
22997,Analytics,region_22,Bachelors,f,other,2,26,4.0,3,1,0,82
74576,Technology,region_13,Bachelors,m,other,2,40,5.0,7,0,0,82
56398,Technology,region_27,Below Secondary,m,sourcing,2,23,,1,1,0,85
40809,Procurement,region_4,Masters & above,m,other,2,37,3.0,3,0,0,73
31191,Procurement,region_16,Bachelors,f,other,1,31,4.0,5,0,0,71
46946,HR,region_2,Bachelors,m,sourcing,1,48,3.0,8,0,0,46
73305,Sales & Marketing,region_22,Bachelors,m,sourcing,1,35,3.0,2,1,0,49
73084,Analytics,region_11,Bachelors,m,other,1,31,4.0,3,1,0,86
64358,Sales & Marketing,region_23,Bachelors,m,other,1,33,,1,0,0,47
16023,HR,region_2,Masters & above,m,other,1,37,3.0,3,0,0,51
24025,Technology,region_24,Bachelors,m,other,1,31,3.0,2,0,0,81
33155,Sales & Marketing,region_27,Masters & above,m,sourcing,1,37,5.0,3,1,0,45
70209,Technology,region_13,Bachelors,f,other,1,29,5.0,6,0,0,99
59330,Finance,region_2,Bachelors,m,sourcing,1,42,3.0,6,1,0,63
60654,Sales & Marketing,region_6,,m,other,1,30,5.0,5,1,0,47
51264,Sales & Marketing,region_2,,m,sourcing,1,44,5.0,4,0,0,49
66240,Technology,region_31,Masters & above,m,sourcing,1,39,3.0,8,0,0,81
2854,Technology,region_15,Bachelors,m,other,1,36,3.0,4,0,0,78
38972,Operations,region_15,Masters & above,m,sourcing,2,46,3.0,4,0,0,61
35626,Technology,region_22,Bachelors,m,other,4,27,,1,1,0,79
30592,Technology,region_6,Bachelors,f,sourcing,1,35,4.0,6,1,0,76
9112,Operations,region_15,Bachelors,m,other,1,42,1.0,12,0,0,61
7190,Analytics,region_5,Bachelors,m,sourcing,2,31,5.0,2,1,0,86
49485,Sales & Marketing,region_20,Masters & above,m,sourcing,2,37,5.0,2,1,0,51
68526,Sales & Marketing,region_16,Bachelors,f,sourcing,2,34,3.0,7,0,0,52
29463,Technology,region_5,Bachelors,m,sourcing,1,43,3.0,3,0,0,81
1968,Sales & Marketing,region_4,Masters & above,m,other,1,52,3.0,5,0,0,49
60807,Sales & Marketing,region_2,,m,sourcing,1,23,5.0,2,1,0,48
24908,Sales & Marketing,region_7,,m,other,1,33,3.0,8,0,0,54
70178,Sales & Marketing,region_30,Bachelors,m,sourcing,1,37,3.0,8,0,0,48
56192,Analytics,region_2,Bachelors,m,sourcing,1,39,3.0,7,0,0,83
47329,Sales & Marketing,region_22,Bachelors,m,sourcing,4,29,4.0,5,0,0,50
10161,Legal,region_22,Below Secondary,m,other,1,27,,1,1,0,62
26447,Technology,region_28,Masters & above,m,other,1,30,3.0,3,0,0,82
1118,Analytics,region_2,Masters & above,m,other,1,44,3.0,4,0,0,83
48136,Sales & Marketing,region_34,Bachelors,m,other,1,30,4.0,3,0,0,49
73003,Finance,region_31,Bachelors,m,other,1,31,5.0,8,1,0,59
31361,Procurement,region_31,Masters & above,m,sourcing,1,37,3.0,7,0,0,73
47090,Operations,region_23,Bachelors,m,other,1,26,4.0,4,1,0,56
8411,Procurement,region_2,Bachelors,f,other,1,38,5.0,10,1,0,65
61857,Sales & Marketing,region_13,Masters & above,m,sourcing,1,45,3.0,7,1,0,50
76964,Sales & Marketing,region_13,Bachelors,m,sourcing,3,28,2.0,2,0,0,48
68307,Sales & Marketing,region_4,Masters & above,m,other,1,50,3.0,19,0,0,54
4478,Technology,region_31,Bachelors,f,sourcing,1,26,4.0,3,0,0,82
33183,Legal,region_2,Masters & above,m,other,1,38,1.0,3,0,0,57
7552,Sales & Marketing,region_2,,m,other,2,30,,1,0,0,46
45630,Analytics,region_14,Bachelors,m,other,1,27,5.0,2,1,0,84
74314,Sales & Marketing,region_32,Bachelors,m,sourcing,2,35,1.0,4,0,0,51
39531,Operations,region_26,Bachelors,m,other,1,31,4.0,6,1,0,60
74292,Procurement,region_2,,m,sourcing,1,27,,1,0,0,68
73268,Analytics,region_2,Bachelors,m,sourcing,1,32,4.0,8,0,0,86
27,Sales & Marketing,region_16,Bachelors,m,sourcing,1,29,2.0,6,0,0,51
23945,Sales & Marketing,region_2,Bachelors,f,other,1,58,3.0,2,1,1,48
54334,Procurement,region_2,Masters & above,m,sourcing,1,45,5.0,3,1,0,74
1822,Sales & Marketing,region_22,Bachelors,m,sourcing,3,29,1.0,3,0,0,51
13352,Procurement,region_13,Bachelors,m,sourcing,1,45,4.0,15,0,0,66
78025,Sales & Marketing,region_2,Bachelors,m,referred,1,42,3.0,6,1,0,51
14746,Procurement,region_7,Bachelors,f,other,1,47,3.0,13,0,0,64
23167,Analytics,region_29,Bachelors,m,other,2,26,1.0,4,0,0,83
75888,Operations,region_23,Bachelors,m,other,1,35,3.0,3,0,0,72
51812,Procurement,region_2,Bachelors,m,other,1,53,3.0,8,0,0,74
2157,Technology,region_17,Bachelors,m,sourcing,1,33,5.0,4,1,1,81
48491,Finance,region_29,Bachelors,m,sourcing,1,29,3.0,5,1,1,55
77552,Operations,region_15,Masters & above,m,other,1,42,5.0,7,1,0,63
3681,Technology,region_2,Masters & above,m,other,1,35,4.0,8,0,0,70
75398,Operations,region_7,Bachelors,m,sourcing,1,39,4.0,11,1,0,61
73226,Sales & Marketing,region_26,Bachelors,m,other,1,41,1.0,5,0,0,48
27303,Procurement,region_2,Bachelors,f,sourcing,1,36,3.0,9,0,0,69
7770,Sales & Marketing,region_2,Masters & above,m,sourcing,1,49,5.0,7,0,0,47
66825,Procurement,region_2,Masters & above,m,sourcing,1,42,4.0,4,0,0,69
54755,Procurement,region_21,Bachelors,m,other,1,31,3.0,7,0,0,64
24447,HR,region_28,Bachelors,m,sourcing,1,33,3.0,8,0,0,51
56906,Operations,region_8,Bachelors,f,other,1,26,2.0,3,0,0,62
15626,Procurement,region_1,Bachelors,f,sourcing,1,32,3.0,10,0,0,70
60504,Sales & Marketing,region_13,,m,sourcing,1,32,4.0,5,0,0,44
61018,HR,region_22,Masters & above,f,other,1,30,3.0,3,0,0,50
68260,Sales & Marketing,region_10,Masters & above,m,other,1,32,5.0,6,0,0,53
25573,Sales & Marketing,region_22,Bachelors,m,sourcing,3,23,,1,0,0,49
7670,Operations,region_16,Bachelors,f,sourcing,1,35,3.0,7,0,0,61
33507,Procurement,region_2,Bachelors,m,other,1,50,4.0,5,0,0,72
67929,Finance,region_7,Bachelors,m,sourcing,1,25,3.0,2,0,0,62
55837,Analytics,region_32,Bachelors,f,other,1,34,5.0,2,1,0,82
23029,Operations,region_27,Bachelors,f,sourcing,2,31,5.0,5,1,0,58
6988,Sales & Marketing,region_17,Bachelors,m,sourcing,1,38,2.0,7,0,0,51
20985,Sales & Marketing,region_15,Bachelors,m,other,1,28,5.0,5,0,0,51
35775,HR,region_17,Bachelors,f,sourcing,1,34,3.0,3,1,0,49
21516,Sales & Marketing,region_2,Masters & above,f,sourcing,1,43,2.0,14,0,0,51
42780,Operations,region_29,Bachelors,m,sourcing,1,37,3.0,9,0,0,60
52860,Sales & Marketing,region_8,Masters & above,m,other,1,36,1.0,7,1,0,51
70909,Analytics,region_21,Bachelors,m,other,2,28,3.0,3,1,0,88
20556,Operations,region_22,Masters & above,m,sourcing,1,40,5.0,3,1,0,60
61577,Sales & Marketing,region_22,Bachelors,f,sourcing,1,26,4.0,2,0,0,52
19513,Analytics,region_6,Bachelors,m,other,1,28,,1,1,0,84
22405,Procurement,region_7,Bachelors,m,other,1,28,3.0,4,0,0,73
34600,Sales & Marketing,region_2,Bachelors,f,other,1,33,5.0,4,1,0,50
6096,Sales & Marketing,region_27,Bachelors,f,sourcing,1,31,5.0,2,1,0,50
3182,Sales & Marketing,region_15,Bachelors,m,other,1,37,2.0,6,0,0,51
22268,Sales & Marketing,region_34,Bachelors,m,sourcing,1,25,3.0,1,0,0,49
11165,Technology,region_22,,m,sourcing,1,27,5.0,2,1,0,81
67091,Technology,region_26,Bachelors,f,sourcing,1,37,1.0,7,0,0,84
43696,Sales & Marketing,region_2,,f,sourcing,1,33,1.0,6,1,0,49
32370,Technology,region_7,Masters & above,m,sourcing,1,37,5.0,7,1,0,77
15607,Operations,region_28,Bachelors,m,sourcing,1,35,4.0,6,0,0,59
51472,Finance,region_26,Bachelors,m,other,1,26,1.0,3,0,0,60
21751,Procurement,region_2,Bachelors,m,other,1,42,4.0,7,0,0,71
16602,Operations,region_11,Bachelors,f,other,1,38,3.0,7,0,0,59
50482,Sales & Marketing,region_13,Bachelors,f,other,4,30,1.0,7,0,0,49
75283,Sales & Marketing,region_19,,m,sourcing,1,34,3.0,6,0,0,49
53895,Sales & Marketing,region_23,Bachelors,m,other,1,28,5.0,6,1,0,49
43151,Technology,region_11,Bachelors,m,other,1,33,4.0,4,0,0,78
43011,Sales & Marketing,region_2,Bachelors,m,other,2,42,4.0,5,0,0,53
35453,Procurement,region_11,Bachelors,m,other,1,27,3.0,2,0,0,69
58292,Technology,region_3,Masters & above,m,other,1,36,3.0,2,0,0,83
57502,Procurement,region_11,Bachelors,f,other,1,31,4.0,3,0,0,74
58320,Finance,region_2,Masters & above,m,sourcing,1,34,1.0,8,0,0,58
40053,Sales & Marketing,region_22,Bachelors,m,sourcing,1,35,3.0,5,1,0,54
40047,Procurement,region_31,Bachelors,m,sourcing,2,27,,1,0,0,72
50806,Sales & Marketing,region_14,,m,sourcing,1,23,4.0,2,0,0,47
36273,Operations,region_3,Masters & above,f,other,1,33,4.0,7,1,0,61
46896,Sales & Marketing,region_13,Bachelors,m,sourcing,1,38,5.0,10,1,0,46
78255,Finance,region_4,Bachelors,m,other,1,25,1.0,2,0,0,60
60199,Operations,region_14,Bachelors,m,sourcing,1,30,1.0,3,1,0,56
18122,Procurement,region_2,Masters & above,m,other,1,33,3.0,7,1,0,68
56517,Operations,region_15,Bachelors,m,other,1,36,2.0,9,1,0,90
37762,Finance,region_11,Bachelors,m,other,3,32,4.0,7,1,0,60
52458,Finance,region_4,Masters & above,m,sourcing,3,35,5.0,7,0,0,56
11130,Operations,region_13,Masters & above,m,sourcing,1,39,3.0,10,1,0,57
33086,Sales & Marketing,region_13,Bachelors,f,other,2,31,1.0,5,0,0,51
70845,Procurement,region_5,Bachelors,f,sourcing,2,26,3.0,3,0,0,67
64638,Sales & Marketing,region_2,Bachelors,m,other,1,58,3.0,18,0,0,50
57753,Operations,region_19,Bachelors,f,other,1,40,3.0,5,0,0,57
19353,Finance,region_2,Bachelors,m,other,1,44,2.0,9,0,0,64
47191,Sales & Marketing,region_4,Masters & above,m,other,1,44,1.0,11,0,0,45
34359,Finance,region_2,Masters & above,m,sourcing,1,40,5.0,8,0,0,58
32152,Operations,region_13,Bachelors,m,sourcing,1,27,3.0,2,0,0,60
26553,Procurement,region_23,Masters & above,m,other,2,44,3.0,13,0,0,72
30918,HR,region_22,Bachelors,m,referred,1,29,,1,0,0,49
16674,Analytics,region_2,Bachelors,m,sourcing,1,34,5.0,3,0,0,82
29688,Sales & Marketing,region_7,Bachelors,m,sourcing,1,47,1.0,16,0,0,54
5079,Operations,region_22,Bachelors,f,other,1,33,5.0,9,1,0,57
41222,Sales & Marketing,region_26,Bachelors,m,other,1,44,1.0,7,0,0,51
53451,Sales & Marketing,region_23,Bachelors,f,other,1,32,3.0,6,0,0,45
5972,Sales & Marketing,region_16,Bachelors,m,other,1,32,2.0,6,0,0,49
10386,Technology,region_7,Masters & above,m,other,1,33,5.0,8,1,0,78
28611,Sales & Marketing,region_19,Bachelors,m,sourcing,1,31,1.0,4,0,0,51
72425,Technology,region_26,Bachelors,m,other,1,33,5.0,2,1,0,79
37155,Sales & Marketing,region_31,Bachelors,f,sourcing,2,29,1.0,3,0,0,47
4513,Technology,region_31,Bachelors,f,other,2,30,4.0,5,0,0,89
518,Technology,region_23,Bachelors,f,sourcing,2,32,5.0,4,1,0,79
68908,Analytics,region_16,Bachelors,m,other,2,27,5.0,7,1,0,85
47448,Sales & Marketing,region_2,Masters & above,f,other,2,53,3.0,18,0,0,51
3247,Technology,region_22,Bachelors,m,sourcing,1,31,4.0,2,0,0,81
8615,Sales & Marketing,region_4,Bachelors,m,sourcing,1,29,,1,0,0,47
77743,Technology,region_7,Bachelors,m,other,2,27,,1,0,0,76
6928,Sales & Marketing,region_31,Bachelors,f,sourcing,1,26,4.0,3,1,0,52
9432,Analytics,region_22,Bachelors,f,other,1,30,4.0,7,0,0,89
37256,Sales & Marketing,region_20,Bachelors,m,sourcing,1,29,,1,0,0,48
18609,Analytics,region_30,Masters & above,m,other,2,36,5.0,8,1,0,85
51857,Sales & Marketing,region_19,Bachelors,m,sourcing,1,32,2.0,3,0,0,49
54023,Operations,region_2,Masters & above,m,other,1,57,5.0,8,1,0,57
20574,Sales & Marketing,region_13,Masters & above,f,other,1,30,1.0,4,0,0,56
17317,Technology,region_4,Bachelors,m,sourcing,2,30,3.0,4,0,0,81
16368,Sales & Marketing,region_15,Bachelors,m,sourcing,1,20,,1,0,0,50
74715,Analytics,region_7,Bachelors,m,sourcing,1,40,3.0,10,1,0,84
8232,Operations,region_15,Bachelors,m,other,2,37,5.0,7,0,0,53
10379,Technology,region_2,Bachelors,m,sourcing,2,27,3.0,3,0,0,81
17923,Technology,region_31,Bachelors,m,other,1,32,3.0,8,0,0,80
35864,Procurement,region_16,Bachelors,m,sourcing,1,34,3.0,5,1,0,70
20407,Sales & Marketing,region_25,Bachelors,m,sourcing,2,29,3.0,6,0,0,47
7510,Analytics,region_15,Bachelors,m,sourcing,3,31,,1,0,0,83
31964,Procurement,region_27,Bachelors,m,other,1,33,5.0,9,0,0,68
37744,Sales & Marketing,region_2,Bachelors,f,other,1,45,3.0,12,0,0,51
41442,Procurement,region_5,Bachelors,f,sourcing,1,35,3.0,6,0,0,71
22942,Sales & Marketing,region_31,Masters & above,m,other,1,46,5.0,3,1,0,51
56056,Sales & Marketing,region_25,Bachelors,f,sourcing,2,31,3.0,4,1,0,50
56069,Operations,region_2,Masters & above,f,other,1,48,4.0,8,0,0,62
2425,Sales & Marketing,region_26,,m,other,1,29,3.0,4,0,0,55
11704,R&D,region_22,Masters & above,m,sourcing,4,29,3.0,4,1,0,84
17445,Sales & Marketing,region_22,Bachelors,m,other,2,29,1.0,5,0,0,49
69616,Technology,region_16,Masters & above,f,sourcing,1,41,3.0,7,0,0,81
64181,Technology,region_8,Bachelors,m,other,1,31,3.0,4,0,0,84
18638,Technology,region_6,Bachelors,m,other,1,24,,1,1,0,80
58599,Operations,region_12,Bachelors,f,other,1,26,1.0,2,0,0,60
53916,Sales & Marketing,region_1,Bachelors,f,other,1,28,3.0,2,0,0,46
23738,Finance,region_29,Bachelors,m,other,1,29,1.0,3,0,0,62
20382,Sales & Marketing,region_7,Bachelors,m,sourcing,1,34,5.0,6,0,0,58
28647,Operations,region_14,Bachelors,m,sourcing,1,48,5.0,20,1,0,61
58841,Sales & Marketing,region_19,Bachelors,m,other,2,32,3.0,5,1,0,52
53127,Procurement,region_15,Masters & above,m,other,1,43,4.0,3,0,0,73
58471,Sales & Marketing,region_28,,m,sourcing,1,30,3.0,4,0,0,49
43155,Sales & Marketing,region_25,Bachelors,m,other,1,29,,1,1,0,54
13507,Operations,region_30,Bachelors,m,sourcing,1,30,5.0,8,1,0,60
76813,HR,region_2,Masters & above,m,sourcing,1,41,3.0,8,0,0,51
38434,Sales & Marketing,region_22,,m,other,1,22,1.0,2,0,0,52
70746,Operations,region_2,Masters & above,f,sourcing,2,38,4.0,11,0,0,59
3627,Sales & Marketing,region_8,Bachelors,m,sourcing,2,25,3.0,2,0,0,50
59369,Analytics,region_29,Bachelors,m,sourcing,1,28,1.0,2,1,0,86
11679,Analytics,region_29,Bachelors,m,other,2,29,5.0,2,1,0,86
72065,Operations,region_14,Below Secondary,m,other,1,22,3.0,2,0,0,57
41740,Technology,region_27,Bachelors,m,sourcing,1,27,3.0,3,1,0,78
17366,Procurement,region_2,Masters & above,m,other,1,55,2.0,4,0,0,65
62573,Sales & Marketing,region_26,Bachelors,m,sourcing,1,28,,1,0,0,48
33876,Analytics,region_7,Masters & above,m,other,2,41,3.0,9,0,0,86
64491,Operations,region_7,Bachelors,f,sourcing,2,29,3.0,6,1,0,55
1410,Operations,region_4,Bachelors,f,other,1,27,3.0,3,0,0,59
39929,Sales & Marketing,region_2,,m,sourcing,2,24,3.0,2,0,0,49
72648,Sales & Marketing,region_2,Masters & above,m,sourcing,1,45,5.0,5,1,0,49
20865,Procurement,region_17,Bachelors,f,sourcing,1,31,,1,0,0,70
63216,Finance,region_2,Masters & above,m,sourcing,1,37,4.0,10,0,0,58
8679,Operations,region_22,Bachelors,m,other,1,46,5.0,6,1,0,60
36436,Finance,region_2,Bachelors,f,other,1,30,5.0,5,0,0,59
14469,Sales & Marketing,region_3,Bachelors,m,sourcing,1,28,5.0,2,0,0,56
5958,R&D,region_4,Masters & above,m,sourcing,1,37,3.0,7,1,0,89
67228,Operations,region_8,Masters & above,m,sourcing,1,39,3.0,3,1,0,60
27500,HR,region_2,Bachelors,f,other,1,38,3.0,11,0,0,51
26685,Operations,region_26,Bachelors,f,other,1,32,3.0,2,0,0,62
57915,Operations,region_23,Masters & above,m,other,1,38,5.0,11,1,0,60
35645,Sales & Marketing,region_28,Masters & above,m,other,1,48,2.0,17,0,1,50
27424,HR,region_2,Bachelors,f,sourcing,1,50,1.0,9,0,0,46
72819,HR,region_32,Bachelors,m,other,1,37,1.0,2,0,0,47
2174,Sales & Marketing,region_12,Bachelors,m,sourcing,2,26,1.0,1,0,0,49
43706,Operations,region_23,Bachelors,m,sourcing,1,39,3.0,4,0,0,64
42523,Operations,region_5,Bachelors,m,other,2,34,5.0,7,1,0,53
68132,Operations,region_2,Bachelors,m,referred,2,32,3.0,3,1,0,55
63265,Operations,region_8,Bachelors,m,other,1,26,3.0,3,1,0,62
61917,Operations,region_4,Bachelors,m,other,1,39,3.0,3,0,0,75
74231,Operations,region_2,,f,sourcing,1,29,3.0,2,0,0,59
72825,Analytics,region_4,Masters & above,m,sourcing,1,45,2.0,6,1,0,83
13871,Sales & Marketing,region_31,Bachelors,m,other,1,29,5.0,3,1,0,91
44938,Technology,region_26,Bachelors,f,sourcing,1,29,,1,0,0,78
54588,HR,region_2,Bachelors,f,referred,1,32,4.0,5,1,0,50
15659,Sales & Marketing,region_30,Bachelors,m,sourcing,1,31,1.0,3,1,0,45
47380,Analytics,region_22,Masters & above,m,sourcing,1,29,3.0,4,1,0,84
73414,Analytics,region_2,Bachelors,m,other,1,59,3.0,28,0,0,83
61611,Sales & Marketing,region_17,Bachelors,m,sourcing,2,37,3.0,7,0,0,49
63586,Operations,region_7,Bachelors,f,sourcing,1,32,4.0,6,0,0,54
43115,Sales & Marketing,region_13,Bachelors,m,other,1,30,2.0,4,1,0,48
19128,Procurement,region_17,Masters & above,m,sourcing,1,32,3.0,4,0,0,82
11831,Sales & Marketing,region_13,Masters & above,f,other,1,35,5.0,6,0,0,47
31032,Analytics,region_32,Bachelors,m,sourcing,4,28,,1,0,0,85
55502,Sales & Marketing,region_28,Bachelors,m,other,1,36,3.0,10,0,0,49
50557,HR,region_2,Bachelors,f,other,1,42,5.0,6,0,0,51
49812,Technology,region_31,Masters & above,f,sourcing,1,32,5.0,6,1,1,81
46443,Operations,region_22,Bachelors,f,other,1,32,5.0,3,0,0,58
14298,Procurement,region_13,Masters & above,f,sourcing,2,45,5.0,13,1,0,70
43824,Analytics,region_26,Bachelors,m,sourcing,1,30,3.0,5,0,0,87
35959,Operations,region_3,Bachelors,f,sourcing,1,37,5.0,2,1,0,59
64579,Finance,region_2,Bachelors,m,other,2,53,1.0,16,0,0,54
37113,Sales & Marketing,region_22,Masters & above,f,other,1,41,3.0,8,0,0,50
7361,Operations,region_23,Bachelors,m,other,1,32,5.0,2,1,0,60
31363,Technology,region_15,Bachelors,m,sourcing,2,33,3.0,6,0,0,77
8304,Technology,region_2,Bachelors,m,other,1,42,3.0,8,1,0,78
37738,Legal,region_22,Bachelors,f,sourcing,1,30,,1,1,0,59
42355,R&D,region_15,Masters & above,m,sourcing,1,27,5.0,4,0,0,81
21026,Technology,region_27,Bachelors,m,other,1,44,1.0,4,1,0,79
49404,Procurement,region_14,Bachelors,f,sourcing,1,39,3.0,8,0,0,72
2325,Operations,region_15,Bachelors,m,referred,1,39,4.0,8,1,0,61
19247,Sales & Marketing,region_22,,m,other,2,22,,1,0,0,50
65988,Procurement,region_2,Masters & above,m,sourcing,1,35,5.0,2,1,0,70
13884,Operations,region_4,Bachelors,m,other,1,30,,1,1,0,57
41742,Sales & Marketing,region_13,Masters & above,m,other,1,34,5.0,4,0,0,50
67937,Technology,region_30,Bachelors,f,sourcing,2,28,,1,1,0,78
55861,Sales & Marketing,region_2,,m,sourcing,1,32,4.0,7,0,0,48
64617,Sales & Marketing,region_7,Masters & above,m,sourcing,1,49,3.0,4,0,0,49
24099,Analytics,region_30,Bachelors,m,sourcing,1,34,5.0,6,1,0,85
26558,Technology,region_7,Masters & above,m,sourcing,1,47,5.0,15,1,0,80
6644,Sales & Marketing,region_32,Bachelors,m,other,1,38,3.0,10,0,0,55
37455,Sales & Marketing,region_7,,m,sourcing,1,36,3.0,6,0,0,46
23340,Legal,region_13,Bachelors,m,sourcing,1,33,3.0,6,0,0,59
74989,Analytics,region_7,Bachelors,m,sourcing,1,30,3.0,2,1,0,85
61547,Operations,region_2,Bachelors,f,sourcing,1,38,3.0,13,1,0,51
4965,Technology,region_33,Bachelors,m,other,1,27,1.0,2,0,0,75
46664,Finance,region_13,Masters & above,f,sourcing,1,39,4.0,7,0,0,63
71445,Sales & Marketing,region_2,Bachelors,f,other,1,48,1.0,2,1,0,49
1581,Analytics,region_32,Bachelors,m,other,1,27,5.0,3,1,0,90
2198,Operations,region_32,Bachelors,m,sourcing,1,26,5.0,1,0,0,59
12342,Technology,region_5,Masters & above,m,other,1,35,3.0,7,0,0,81
54519,Operations,region_22,Bachelors,m,sourcing,1,33,4.0,9,1,0,61
63496,Operations,region_2,,m,sourcing,1,29,,1,0,0,61
26127,Sales & Marketing,region_7,Bachelors,m,sourcing,2,28,4.0,5,1,0,45
60152,Sales & Marketing,region_26,Bachelors,m,sourcing,1,26,,1,0,0,52
55361,Sales & Marketing,region_4,Masters & above,f,sourcing,1,31,1.0,4,0,0,51
14179,Sales & Marketing,region_1,Bachelors,m,other,1,28,,1,0,0,67
12391,R&D,region_24,Bachelors,m,other,1,27,3.0,4,0,0,82
45619,Sales & Marketing,region_31,Masters & above,m,other,1,46,3.0,7,1,0,49
48686,Procurement,region_26,Bachelors,f,sourcing,1,26,,1,1,0,66
68198,Sales & Marketing,region_7,Bachelors,m,sourcing,2,32,5.0,8,0,0,49
27987,Sales & Marketing,region_7,Bachelors,m,other,1,38,4.0,5,0,0,50
31794,Sales & Marketing,region_9,Bachelors,m,other,1,33,1.0,5,0,0,49
28569,Procurement,region_7,Bachelors,f,sourcing,1,31,5.0,1,1,0,72
16592,Operations,region_22,Bachelors,f,sourcing,2,35,3.0,7,1,0,60
73436,Sales & Marketing,region_26,Masters & above,m,sourcing,1,39,5.0,2,0,0,49
5698,Technology,region_23,Bachelors,m,other,1,24,,1,1,0,84
40404,Sales & Marketing,region_17,Masters & above,m,sourcing,1,34,5.0,3,1,0,44
73516,Operations,region_22,Bachelors,m,sourcing,1,26,5.0,3,1,0,56
38551,Finance,region_31,Bachelors,m,other,1,29,,1,1,0,60
37950,Operations,region_22,Bachelors,m,other,1,29,,1,1,0,59
63732,Operations,region_32,,m,other,1,31,5.0,6,1,0,56
2105,Analytics,region_28,Masters & above,m,sourcing,1,35,4.0,4,0,0,81
17747,Analytics,region_26,Bachelors,m,other,2,27,,1,1,0,84
13207,Sales & Marketing,region_2,Masters & above,m,other,1,52,2.0,4,0,0,50
46427,Procurement,region_2,Bachelors,f,sourcing,1,33,4.0,7,1,0,66
8067,Analytics,region_11,Bachelors,m,other,1,26,3.0,2,0,0,80
44360,Operations,region_22,Bachelors,f,other,1,28,4.0,4,1,0,60
3845,Procurement,region_17,Bachelors,f,other,1,31,5.0,3,1,0,73
73796,Operations,region_2,Masters & above,m,other,1,42,5.0,5,0,1,70
64979,Sales & Marketing,region_27,,m,sourcing,2,33,1.0,4,0,0,48
30177,Finance,region_22,Bachelors,m,other,1,31,1.0,5,0,0,62
63145,Sales & Marketing,region_23,Masters & above,m,other,1,36,5.0,10,0,0,51
54743,Sales & Marketing,region_9,,m,other,1,28,1.0,2,0,0,43
39018,Technology,region_7,Bachelors,m,sourcing,1,32,4.0,3,1,0,82
8919,Sales & Marketing,region_19,Bachelors,m,other,1,42,3.0,6,0,0,44
71179,Sales & Marketing,region_11,Masters & above,m,sourcing,1,45,3.0,6,1,1,50
58356,Analytics,region_22,,m,other,1,29,5.0,6,1,0,83
4094,Sales & Marketing,region_32,Bachelors,m,other,1,31,3.0,4,0,0,47
60366,Sales & Marketing,region_14,Bachelors,f,other,1,37,5.0,3,0,0,52
1704,Operations,region_22,Masters & above,m,sourcing,1,50,5.0,13,1,0,64
4803,Analytics,region_32,Bachelors,m,other,2,30,3.0,3,0,0,89
48863,Operations,region_2,Masters & above,f,other,1,41,5.0,3,1,0,65
43913,Sales & Marketing,region_24,Masters & above,f,other,1,33,1.0,3,0,0,47
59000,Procurement,region_2,Bachelors,m,sourcing,1,39,4.0,9,1,0,70
56919,Sales & Marketing,region_7,Bachelors,m,other,4,39,1.0,10,0,0,55
73208,Sales & Marketing,region_2,Masters & above,m,other,1,37,1.0,12,0,0,48
45543,Sales & Marketing,region_31,Bachelors,m,other,2,30,3.0,6,0,0,52
10899,R&D,region_23,Masters & above,m,other,2,35,5.0,7,1,0,85
59584,Technology,region_13,Bachelors,f,other,1,30,4.0,2,1,0,94
6730,Sales & Marketing,region_26,Bachelors,m,sourcing,1,26,,1,1,1,46
30119,Sales & Marketing,region_6,Bachelors,f,other,1,30,1.0,6,0,0,45
53712,Procurement,region_2,Bachelors,f,sourcing,1,29,,1,0,0,81
31849,Procurement,region_22,Bachelors,f,sourcing,1,29,3.0,2,0,0,73
73067,Procurement,region_11,Bachelors,m,sourcing,1,29,3.0,2,0,0,69
43675,Sales & Marketing,region_4,Masters & above,m,sourcing,1,44,3.0,14,0,0,50
6014,Sales & Marketing,region_13,Bachelors,m,sourcing,1,33,3.0,4,0,0,49
59688,Operations,region_2,Bachelors,f,sourcing,1,50,3.0,4,1,0,55
50090,Sales & Marketing,region_19,Bachelors,m,sourcing,1,29,5.0,2,1,0,45
8231,Sales & Marketing,region_16,Bachelors,m,referred,1,31,4.0,3,0,0,52
12220,Sales & Marketing,region_28,Masters & above,f,other,1,33,1.0,8,0,0,49
59082,HR,region_11,Bachelors,m,sourcing,1,45,3.0,15,0,0,55
65218,Technology,region_8,Bachelors,f,sourcing,1,31,3.0,4,0,0,83
60516,Operations,region_15,Bachelors,m,other,1,31,5.0,7,0,0,59
55324,Sales & Marketing,region_30,Bachelors,m,other,1,32,4.0,6,0,0,51
60447,Operations,region_15,Bachelors,m,other,2,40,5.0,13,1,0,60
42769,Operations,region_2,Masters & above,m,other,1,42,4.0,7,0,0,60
7890,Sales & Marketing,region_22,Bachelors,m,other,2,28,3.0,3,0,0,47
31335,Sales & Marketing,region_6,Bachelors,f,other,1,26,4.0,2,1,0,48
41340,Procurement,region_14,Masters & above,m,other,1,33,5.0,6,1,0,70
16297,Sales & Marketing,region_32,Bachelors,f,sourcing,2,29,3.0,2,0,0,47
74758,Operations,region_22,Bachelors,m,sourcing,1,28,4.0,4,0,0,64
77677,Sales & Marketing,region_11,Bachelors,m,other,1,32,5.0,7,1,0,49
9173,Technology,region_2,Masters & above,m,sourcing,1,47,1.0,14,0,0,78
36514,Sales & Marketing,region_2,,m,sourcing,1,21,1.0,2,0,0,50
26816,Procurement,region_13,Bachelors,m,sourcing,1,31,5.0,6,0,0,71
62383,Sales & Marketing,region_2,Bachelors,m,other,1,29,4.0,2,0,0,52
11898,Analytics,region_4,Masters & above,m,sourcing,1,33,4.0,7,1,0,83
76819,Sales & Marketing,region_2,Masters & above,f,other,1,33,3.0,9,0,0,47
47716,Operations,region_22,Bachelors,m,other,1,28,4.0,3,1,0,55
8101,Procurement,region_26,Bachelors,m,sourcing,1,35,2.0,3,0,0,67
10312,Technology,region_15,Bachelors,f,sourcing,1,36,3.0,9,1,0,79
15060,Sales & Marketing,region_1,Masters & above,m,sourcing,1,31,,1,1,0,99
35434,Analytics,region_19,Bachelors,m,other,2,38,3.0,4,0,0,84
59222,Technology,region_27,Bachelors,m,sourcing,1,28,,1,1,0,80
6519,Operations,region_6,Bachelors,f,sourcing,1,37,5.0,9,0,0,60
59957,Operations,region_4,Masters & above,m,sourcing,1,39,4.0,3,0,0,62
19253,Procurement,region_26,Bachelors,m,other,2,27,3.0,2,0,0,65
75991,Sales & Marketing,region_22,,m,other,1,28,4.0,4,0,0,50
76460,Sales & Marketing,region_12,Bachelors,m,sourcing,1,37,3.0,7,0,0,55
30943,R&D,region_2,Bachelors,m,sourcing,3,26,1.0,2,1,0,83
54412,Sales & Marketing,region_17,Bachelors,m,other,1,40,5.0,7,0,0,53
77712,Analytics,region_22,Masters & above,f,other,1,31,3.0,4,0,0,83
9457,Operations,region_13,Bachelors,f,other,2,33,3.0,6,1,0,64
13107,Analytics,region_2,Bachelors,m,sourcing,2,30,3.0,2,0,0,85
72451,Technology,region_23,Bachelors,f,other,1,30,3.0,4,1,0,84
61905,Analytics,region_31,Bachelors,f,sourcing,1,30,3.0,6,0,0,87
24951,Operations,region_15,Bachelors,m,other,1,43,4.0,11,1,0,58
412,Procurement,region_5,Bachelors,f,sourcing,1,29,4.0,2,0,0,70
8808,Sales & Marketing,region_2,Masters & above,f,other,1,41,5.0,9,1,0,51
37507,Operations,region_31,Bachelors,m,other,1,30,4.0,6,1,0,60
58838,Sales & Marketing,region_2,Masters & above,f,sourcing,1,35,5.0,7,1,0,55
46851,Operations,region_14,Bachelors,m,sourcing,1,40,3.0,4,0,0,59
70695,Sales & Marketing,region_14,Bachelors,m,other,1,35,4.0,7,0,0,48
30897,Finance,region_2,Bachelors,f,sourcing,1,28,3.0,2,0,0,59
70815,Analytics,region_22,Bachelors,m,other,1,42,3.0,18,1,0,85
72005,Sales & Marketing,region_2,Masters & above,m,sourcing,1,46,3.0,19,0,0,50
58088,Technology,region_7,Bachelors,f,sourcing,3,31,3.0,3,0,0,80
71071,R&D,region_22,Masters & above,m,other,1,32,5.0,7,1,0,81
41662,Procurement,region_20,Bachelors,m,sourcing,1,28,3.0,4,0,0,69
39819,HR,region_20,Masters & above,f,sourcing,1,35,4.0,10,0,0,52
6547,Sales & Marketing,region_22,Bachelors,m,other,1,29,,1,0,0,55
52143,Technology,region_17,Masters & above,f,sourcing,1,36,4.0,8,1,0,79
3886,Sales & Marketing,region_2,Bachelors,m,other,2,36,4.0,8,0,0,45
51750,Sales & Marketing,region_7,Masters & above,m,sourcing,1,49,5.0,2,1,1,48
10096,Sales & Marketing,region_22,Bachelors,m,sourcing,2,26,,1,0,0,50
1618,Operations,region_15,Bachelors,m,sourcing,1,29,4.0,5,0,0,61
75751,Sales & Marketing,region_26,Bachelors,m,sourcing,2,37,4.0,9,0,0,49
6445,Sales & Marketing,region_11,Bachelors,m,other,2,35,5.0,5,0,0,48
16515,Technology,region_22,Masters & above,f,other,3,39,4.0,4,1,0,78
52956,Legal,region_31,Bachelors,m,other,1,34,5.0,7,1,0,62
23754,Analytics,region_22,Bachelors,m,other,1,30,1.0,4,0,0,82
19053,Operations,region_32,Bachelors,f,sourcing,1,30,5.0,6,0,0,60
29915,Operations,region_8,Bachelors,f,other,1,26,3.0,3,1,0,60
76634,Operations,region_9,Bachelors,f,sourcing,1,26,5.0,3,0,0,59
25790,Sales & Marketing,region_4,Masters & above,m,sourcing,1,36,3.0,8,0,0,49
50404,Operations,region_2,Masters & above,f,other,1,36,1.0,5,0,0,59
62960,Operations,region_16,Masters & above,m,sourcing,1,43,3.0,4,0,0,72
20795,Procurement,region_24,Bachelors,f,other,1,31,1.0,4,0,0,69
12362,Analytics,region_2,Bachelors,m,other,1,51,5.0,8,1,0,84
23970,Sales & Marketing,region_13,Masters & above,m,other,1,40,5.0,7,1,0,54
7286,Operations,region_7,Bachelors,m,other,1,50,1.0,23,0,0,61
7884,Operations,region_7,Bachelors,m,sourcing,1,30,3.0,7,0,0,58
37626,Sales & Marketing,region_29,Masters & above,m,sourcing,1,38,3.0,6,0,0,48
61003,Sales & Marketing,region_7,Masters & above,m,other,1,41,2.0,6,0,0,46
61861,Technology,region_2,,m,sourcing,1,40,3.0,3,0,0,79
38880,Operations,region_13,Bachelors,m,other,1,39,4.0,4,0,0,60
68778,Analytics,region_16,Bachelors,m,other,1,30,5.0,7,1,0,88
50254,Procurement,region_22,Bachelors,f,sourcing,2,27,,1,1,0,70
19998,Technology,region_7,Masters & above,m,other,1,41,3.0,7,0,0,87
35412,Analytics,region_22,Masters & above,m,other,1,47,3.0,17,0,0,85
36502,Operations,region_13,Bachelors,m,other,1,31,4.0,7,1,0,59
57551,Procurement,region_20,Bachelors,m,other,1,26,2.0,3,1,0,67
76683,Sales & Marketing,region_12,Bachelors,f,other,1,29,4.0,2,1,0,44
18212,Sales & Marketing,region_33,Bachelors,m,sourcing,4,29,3.0,8,0,1,51
1247,Procurement,region_2,Bachelors,f,other,1,38,5.0,8,0,0,69
46470,Sales & Marketing,region_20,,m,other,1,24,,1,0,0,50
16156,Sales & Marketing,region_15,,m,sourcing,1,36,3.0,7,0,0,50
39475,HR,region_2,,m,sourcing,1,30,3.0,9,0,0,44
62048,Finance,region_32,Bachelors,m,other,3,28,5.0,1,1,0,64
13956,Sales & Marketing,region_7,Bachelors,m,other,1,32,1.0,5,1,0,49
17629,Sales & Marketing,region_15,Bachelors,m,other,2,39,3.0,12,0,0,46
2783,Sales & Marketing,region_7,Masters & above,m,sourcing,2,35,3.0,4,0,0,48
62464,HR,region_4,Bachelors,m,other,1,40,3.0,3,0,0,49
68899,Finance,region_22,Bachelors,m,other,1,30,4.0,3,1,0,57
64883,Sales & Marketing,region_2,Bachelors,m,other,2,26,5.0,3,0,0,49
1786,Operations,region_2,Bachelors,f,sourcing,1,47,5.0,14,0,0,58
14738,Finance,region_22,Bachelors,m,other,2,29,3.0,4,0,0,61
41087,Procurement,region_17,Bachelors,f,other,1,52,3.0,5,0,0,71
42363,Technology,region_31,Bachelors,f,sourcing,1,32,1.0,5,0,0,78
61787,Technology,region_11,Bachelors,m,sourcing,1,30,4.0,4,1,0,83
76095,Operations,region_22,Masters & above,f,sourcing,1,30,,1,1,0,58
23778,Sales & Marketing,region_2,Bachelors,f,other,1,37,5.0,4,1,0,49
26403,Technology,region_29,Masters & above,f,sourcing,1,31,3.0,5,0,0,78
36140,Sales & Marketing,region_4,Masters & above,m,sourcing,1,34,4.0,6,0,0,50
27922,Operations,region_2,Masters & above,m,sourcing,1,55,5.0,5,1,0,62
54557,Sales & Marketing,region_2,Bachelors,m,sourcing,1,22,,1,0,0,48
30638,Operations,region_7,Masters & above,m,other,1,39,4.0,7,0,0,57
23109,HR,region_2,Masters & above,m,other,1,46,4.0,18,1,0,57
16666,Sales & Marketing,region_2,Bachelors,f,other,1,39,3.0,9,1,0,51
43963,Operations,region_26,Masters & above,f,other,1,49,5.0,7,0,0,56
72280,Sales & Marketing,region_11,Bachelors,m,other,1,33,5.0,7,1,0,48
38917,Sales & Marketing,region_1,,m,other,1,28,4.0,5,0,0,49
20731,Operations,region_2,Masters & above,m,other,1,42,2.0,7,0,0,58
27338,HR,region_25,Bachelors,m,other,1,29,3.0,6,1,0,50
12263,Technology,region_2,Masters & above,f,other,2,34,2.0,9,0,0,75
41044,Technology,region_4,Masters & above,m,other,1,37,5.0,3,1,0,80
36074,Analytics,region_19,Bachelors,m,sourcing,1,31,3.0,6,0,0,88
78125,Analytics,region_29,Bachelors,m,sourcing,2,35,3.0,4,0,0,82
24576,Sales & Marketing,region_16,Bachelors,m,other,2,51,2.0,17,0,0,48
16908,Legal,region_22,Masters & above,m,other,1,34,4.0,4,0,0,62
68819,Operations,region_13,Bachelors,m,other,1,36,4.0,10,0,0,62
26282,Operations,region_22,Masters & above,f,referred,1,36,4.0,8,0,0,60
36716,HR,region_2,Bachelors,m,other,1,30,2.0,4,0,0,48
6390,Technology,region_2,Masters & above,m,other,2,35,3.0,3,1,0,77
50570,Technology,region_29,Bachelors,f,sourcing,1,28,1.0,3,0,0,82
70921,HR,region_7,Masters & above,m,other,1,42,3.0,7,1,1,52
3358,Sales & Marketing,region_7,Bachelors,f,other,1,28,,1,0,0,48
20068,Sales & Marketing,region_2,Bachelors,m,other,2,43,1.0,5,0,0,54
32220,Sales & Marketing,region_22,Bachelors,m,sourcing,3,28,4.0,4,0,0,49
11323,Sales & Marketing,region_5,Bachelors,m,other,1,28,3.0,3,0,0,52
12664,Analytics,region_31,Bachelors,m,other,1,30,2.0,3,0,0,86
34771,Sales & Marketing,region_7,Masters & above,m,other,1,36,5.0,9,0,0,49
68358,Sales & Marketing,region_7,Masters & above,f,other,2,35,1.0,8,0,0,49
4508,Analytics,region_7,Bachelors,m,sourcing,2,43,5.0,13,0,0,87
7783,Finance,region_7,Bachelors,m,other,1,43,3.0,14,0,0,59
2184,Operations,region_2,Masters & above,f,sourcing,1,38,3.0,8,0,0,58
42301,Analytics,region_30,Bachelors,m,sourcing,2,28,,1,1,0,80
36713,Sales & Marketing,region_2,Bachelors,f,other,2,45,3.0,10,0,0,46
66546,Procurement,region_13,Masters & above,m,sourcing,1,51,3.0,3,0,0,67
54662,Operations,region_2,Bachelors,m,sourcing,1,42,3.0,14,0,0,77
42142,Operations,region_30,Bachelors,f,sourcing,1,30,3.0,6,0,0,58
49388,Procurement,region_2,Masters & above,m,other,1,48,3.0,5,1,0,70
11971,Sales & Marketing,region_2,Masters & above,m,sourcing,1,60,3.0,8,0,0,51
34018,HR,region_2,Bachelors,m,referred,1,33,2.0,3,0,0,57
76085,Technology,region_27,Bachelors,m,sourcing,1,37,4.0,6,1,0,82
23717,Finance,region_15,Bachelors,m,other,1,30,5.0,5,1,0,60
77684,Technology,region_22,Bachelors,m,sourcing,1,28,3.0,2,0,0,80
34835,Technology,region_16,Bachelors,m,sourcing,1,34,3.0,5,1,0,80
21144,Sales & Marketing,region_28,Bachelors,m,sourcing,1,26,,1,1,0,47
66208,Analytics,region_11,Bachelors,m,other,1,33,3.0,8,1,0,84
29562,Analytics,region_6,Bachelors,m,other,2,34,2.0,5,1,0,85
22012,Operations,region_27,Bachelors,f,other,1,44,5.0,5,1,0,62
47209,Sales & Marketing,region_2,,m,other,1,21,3.0,2,0,0,54
68458,Sales & Marketing,region_7,Masters & above,f,sourcing,1,34,3.0,3,0,0,50
29795,Sales & Marketing,region_24,Bachelors,m,sourcing,1,34,3.0,9,0,0,48
36089,Sales & Marketing,region_2,Masters & above,m,sourcing,2,35,4.0,8,1,0,49
68640,Legal,region_22,Bachelors,f,other,1,30,1.0,2,0,0,59
55217,Operations,region_14,Bachelors,f,sourcing,1,33,3.0,9,0,0,59
20413,Procurement,region_2,Bachelors,f,other,1,40,4.0,14,1,0,71
64722,Analytics,region_1,Masters & above,m,other,1,38,1.0,4,0,0,81
5464,Technology,region_4,Masters & above,f,other,1,36,2.0,7,0,0,76
7818,Sales & Marketing,region_14,Bachelors,m,other,1,33,3.0,3,1,0,52
9996,Procurement,region_17,Masters & above,f,sourcing,1,34,5.0,5,1,0,70
55345,Sales & Marketing,region_2,,m,sourcing,1,43,1.0,12,0,0,49
7864,Sales & Marketing,region_29,Bachelors,m,sourcing,2,26,1.0,2,0,0,40
65204,Legal,region_27,Bachelors,f,other,1,29,3.0,5,0,0,57
28067,Technology,region_5,Masters & above,m,sourcing,2,37,1.0,4,0,0,79
51153,Procurement,region_26,Bachelors,m,other,2,41,4.0,2,1,0,73
12493,Sales & Marketing,region_3,Bachelors,m,sourcing,2,31,3.0,5,0,0,48
14874,Operations,region_22,Bachelors,f,other,1,27,,1,0,0,58
4334,Operations,region_16,Masters & above,f,other,1,36,3.0,6,0,0,55
60024,Sales & Marketing,region_30,Bachelors,m,other,1,28,,1,0,0,49
53143,Sales & Marketing,region_4,Masters & above,m,other,1,40,3.0,7,1,0,50
67418,Procurement,region_2,Masters & above,m,other,1,49,1.0,4,0,0,66
25709,Operations,region_25,Masters & above,f,other,1,34,3.0,9,0,0,62
41201,Technology,region_26,Bachelors,m,other,1,29,5.0,4,1,0,80
71741,Operations,region_19,Bachelors,f,other,1,41,5.0,5,1,0,61
70721,Technology,region_26,Bachelors,m,sourcing,1,27,3.0,4,0,0,80
23488,Sales & Marketing,region_2,Masters & above,m,other,2,38,3.0,2,1,0,51
59694,Sales & Marketing,region_4,Bachelors,m,other,1,44,2.0,3,1,0,51
58821,Sales & Marketing,region_24,Bachelors,m,sourcing,2,31,3.0,4,0,0,60
37406,Analytics,region_28,Masters & above,m,other,2,31,4.0,5,0,0,82
74410,Operations,region_15,Bachelors,m,other,1,31,4.0,5,0,0,55
66956,Operations,region_25,Bachelors,m,other,1,29,5.0,4,1,0,57
69971,Technology,region_25,Bachelors,f,sourcing,2,30,1.0,2,0,0,79
9828,Procurement,region_16,Bachelors,m,other,1,25,,1,0,0,68
67052,Operations,region_7,Bachelors,m,sourcing,1,37,5.0,4,0,0,55
33871,Sales & Marketing,region_24,Bachelors,m,sourcing,1,30,3.0,3,0,0,51
16913,Operations,region_2,Bachelors,f,other,1,35,2.0,9,0,0,63
5815,Operations,region_13,Masters & above,f,sourcing,2,33,4.0,3,0,0,59
68808,Sales & Marketing,region_2,Bachelors,f,sourcing,1,25,,1,0,0,47
44485,Legal,region_2,Masters & above,m,sourcing,1,56,5.0,3,0,0,56
14573,Technology,region_22,Masters & above,m,other,1,36,4.0,8,0,0,85
4259,Operations,region_14,Masters & above,m,other,1,48,5.0,8,1,0,57
58844,Finance,region_7,Bachelors,m,sourcing,1,28,3.0,2,1,0,56
29011,Operations,region_31,Bachelors,m,other,2,27,4.0,3,1,0,62
66097,Procurement,region_15,Masters & above,m,other,1,37,1.0,9,0,0,73
65264,Technology,region_33,Bachelors,m,sourcing,1,54,4.0,19,0,0,81
71589,Analytics,region_22,Bachelors,m,sourcing,3,28,4.0,3,1,0,89
77489,Procurement,region_10,Bachelors,f,sourcing,1,32,2.0,7,0,0,95
19727,Legal,region_7,Bachelors,m,sourcing,1,34,5.0,3,0,0,59
34421,Technology,region_13,Bachelors,m,other,1,45,4.0,4,1,0,82
30329,Technology,region_23,Masters & above,m,sourcing,1,43,4.0,12,1,0,78
30041,Sales & Marketing,region_11,Masters & above,m,other,1,39,3.0,10,0,0,50
7906,Sales & Marketing,region_13,Bachelors,m,other,1,34,5.0,10,0,0,66
13223,R&D,region_7,Bachelors,f,other,1,32,3.0,5,0,0,85
35964,Operations,region_2,Bachelors,f,sourcing,2,39,5.0,4,0,0,59
24015,Operations,region_19,Bachelors,f,sourcing,1,38,4.0,7,1,0,59
24582,Sales & Marketing,region_7,Masters & above,m,sourcing,3,35,3.0,7,1,0,54
16699,Sales & Marketing,region_25,Bachelors,m,other,1,29,3.0,4,0,0,52
27416,Technology,region_2,Bachelors,m,other,2,39,1.0,10,0,0,80
25294,Finance,region_2,Bachelors,m,other,1,28,3.0,2,0,0,58
67326,R&D,region_16,Bachelors,m,other,1,28,5.0,2,0,0,86
41456,Analytics,region_2,Masters & above,m,sourcing,1,40,3.0,11,0,0,87
41110,Technology,region_26,Bachelors,f,sourcing,1,27,4.0,3,1,0,77
54455,Technology,region_7,Masters & above,f,other,1,55,4.0,12,0,0,78
77626,Operations,region_22,Bachelors,m,other,1,43,4.0,3,1,0,61
32124,Analytics,region_32,Bachelors,f,sourcing,1,29,1.0,4,0,0,87
69725,Analytics,region_30,Bachelors,m,sourcing,1,28,5.0,3,0,0,86
40899,Operations,region_27,Bachelors,f,other,2,34,4.0,6,0,0,64
35266,Operations,region_31,Masters & above,f,other,1,46,3.0,4,1,0,53
75681,Operations,region_11,Bachelors,m,other,1,37,5.0,10,1,0,63
35969,Sales & Marketing,region_26,,m,other,1,31,2.0,5,0,0,48
23130,Sales & Marketing,region_1,Bachelors,m,sourcing,1,26,4.0,2,0,0,46
7108,Procurement,region_15,Masters & above,f,sourcing,1,44,2.0,13,0,0,67
26847,Analytics,region_26,Bachelors,m,sourcing,1,34,3.0,6,0,0,83
7237,Operations,region_14,Bachelors,f,other,1,41,3.0,7,0,0,58
19695,Finance,region_2,Bachelors,f,other,1,30,5.0,4,1,0,56
48997,Procurement,region_2,Bachelors,m,sourcing,1,25,,1,0,0,72
3733,Operations,region_30,Bachelors,f,other,1,38,5.0,9,1,0,57
11376,Sales & Marketing,region_15,,m,sourcing,1,33,1.0,7,0,0,48
70644,Operations,region_2,Bachelors,f,other,1,29,5.0,4,1,0,60
24735,Sales & Marketing,region_26,Bachelors,m,sourcing,1,27,3.0,4,1,1,49
72923,Analytics,region_2,Bachelors,m,other,3,33,3.0,4,0,0,81
23688,Procurement,region_30,Bachelors,m,other,1,27,3.0,3,0,0,69
51347,Sales & Marketing,region_20,Masters & above,m,sourcing,1,31,3.0,7,0,0,52
73456,Sales & Marketing,region_22,Bachelors,m,sourcing,1,27,,1,1,0,50
26264,Sales & Marketing,region_29,Masters & above,m,other,1,34,1.0,8,0,0,46
32465,Sales & Marketing,region_2,Bachelors,f,other,2,31,3.0,3,0,0,57
75424,Operations,region_23,Bachelors,m,other,1,30,4.0,6,1,0,58
77391,Sales & Marketing,region_32,Bachelors,m,other,1,35,3.0,4,0,0,50
76610,Operations,region_2,Bachelors,f,sourcing,2,34,5.0,7,0,0,64
35884,Analytics,region_20,Bachelors,m,other,1,27,3.0,3,0,0,86
64672,Technology,region_13,Masters & above,f,other,1,41,3.0,9,1,0,78
32569,Analytics,region_2,Masters & above,m,other,1,42,3.0,10,0,0,88
10355,Sales & Marketing,region_14,Bachelors,f,other,1,31,3.0,4,0,0,46
15670,Sales & Marketing,region_2,Bachelors,f,other,1,32,1.0,10,0,0,53
63354,Technology,region_2,,f,other,1,56,3.0,12,0,0,79
60016,Analytics,region_2,Masters & above,m,sourcing,1,54,3.0,15,0,0,84
33077,Procurement,region_2,Bachelors,f,sourcing,1,52,3.0,7,0,0,69
2012,Legal,region_7,Bachelors,m,other,1,34,4.0,2,0,0,59
58780,Technology,region_7,Bachelors,f,other,1,28,4.0,5,1,0,76
39209,Finance,region_2,Masters & above,f,sourcing,1,52,4.0,20,1,0,64
69033,Finance,region_2,Bachelors,m,sourcing,1,25,3.0,2,1,0,62
52222,Sales & Marketing,region_22,Bachelors,m,other,1,40,5.0,6,0,0,50
41683,HR,region_7,Bachelors,f,sourcing,1,27,3.0,2,1,0,47
67884,Technology,region_7,Masters & above,m,sourcing,3,37,3.0,4,0,0,83
30685,Technology,region_13,Masters & above,m,other,1,44,2.0,12,0,0,80
57018,Technology,region_4,Masters & above,m,sourcing,2,49,3.0,19,0,0,81
7623,Analytics,region_31,Bachelors,m,sourcing,1,36,1.0,2,0,0,84
33112,Sales & Marketing,region_11,Bachelors,m,other,1,32,1.0,7,0,0,48
28947,Sales & Marketing,region_4,Masters & above,m,sourcing,1,38,5.0,11,1,0,51
34731,Procurement,region_24,Bachelors,f,other,1,25,3.0,3,0,0,72
52768,Legal,region_31,Masters & above,m,other,1,33,1.0,7,1,1,62
52126,Sales & Marketing,region_18,Bachelors,m,other,1,34,1.0,4,0,0,50
60717,Operations,region_2,Below Secondary,f,other,1,25,3.0,2,0,0,55
13295,Sales & Marketing,region_5,Bachelors,m,other,3,29,1.0,3,0,0,49
5289,Sales & Marketing,region_2,Bachelors,f,sourcing,1,31,5.0,2,1,0,49
61515,HR,region_31,Masters & above,f,other,1,34,5.0,7,1,0,48
52701,Operations,region_10,Masters & above,f,sourcing,2,34,3.0,7,0,0,60
14667,R&D,region_26,Masters & above,m,other,1,40,3.0,6,0,0,81
30439,Legal,region_7,Bachelors,f,sourcing,1,29,4.0,3,0,0,62
25845,Sales & Marketing,region_15,Bachelors,m,sourcing,1,45,4.0,3,1,0,52
6513,Sales & Marketing,region_4,Bachelors,m,sourcing,1,28,4.0,1,1,0,45
31049,Analytics,region_13,Bachelors,m,sourcing,1,34,4.0,9,0,0,84
45213,Operations,region_30,Bachelors,f,sourcing,1,35,5.0,3,1,0,62
60817,Technology,region_2,Masters & above,f,other,1,47,1.0,15,0,0,79
6142,Operations,region_34,Bachelors,f,other,2,36,3.0,8,0,0,67
48519,Operations,region_22,Masters & above,m,referred,1,45,4.0,17,1,0,56
63267,HR,region_2,Masters & above,m,other,1,36,4.0,3,0,0,50
38682,Sales & Marketing,region_23,Masters & above,m,sourcing,1,46,3.0,7,1,0,51
6486,Sales & Marketing,region_2,Bachelors,m,sourcing,1,37,3.0,7,1,0,45
45428,HR,region_22,Bachelors,m,sourcing,1,23,1.0,2,0,0,45
23631,HR,region_2,Below Secondary,f,other,1,24,2.0,2,0,0,50
49036,R&D,region_7,Masters & above,m,other,1,40,4.0,3,1,0,85
38268,Sales & Marketing,region_31,,m,sourcing,1,23,3.0,2,0,0,45
75181,Procurement,region_2,Bachelors,f,sourcing,1,30,5.0,6,0,0,68
42881,Technology,region_13,Masters & above,m,sourcing,2,41,5.0,3,1,1,92
68087,Analytics,region_2,,m,sourcing,1,28,1.0,6,0,0,87
45386,HR,region_2,Below Secondary,m,other,1,21,1.0,2,0,0,48
62160,Sales & Marketing,region_2,Bachelors,m,other,2,43,3.0,14,0,0,49
34905,Technology,region_21,Masters & above,f,other,1,33,3.0,6,0,0,78
52216,Procurement,region_7,Masters & above,f,sourcing,1,47,3.0,4,0,0,69
68480,Sales & Marketing,region_31,Bachelors,m,other,1,31,1.0,7,0,0,52
4461,Analytics,region_11,Bachelors,m,other,1,29,3.0,2,0,0,85
26123,Operations,region_25,Bachelors,f,sourcing,1,28,,1,0,0,61
1206,Analytics,region_9,,m,other,1,28,,1,0,0,82
59890,Finance,region_2,Below Secondary,f,sourcing,1,24,,1,1,0,59
38585,Sales & Marketing,region_7,Bachelors,f,sourcing,1,48,3.0,17,0,0,59
33420,Analytics,region_22,Masters & above,m,sourcing,1,35,3.0,8,0,0,85
24172,Sales & Marketing,region_2,Bachelors,f,sourcing,1,25,5.0,2,1,0,47
16109,Technology,region_2,Bachelors,m,other,1,26,2.0,2,0,0,75
45314,Sales & Marketing,region_7,Masters & above,m,sourcing,1,40,5.0,10,1,0,47
42978,Analytics,region_2,Bachelors,m,other,1,35,1.0,4,0,0,86
26340,Operations,region_26,Bachelors,m,sourcing,1,43,3.0,12,0,0,60
65449,Operations,region_29,Bachelors,f,sourcing,1,34,3.0,3,0,0,56
6225,Sales & Marketing,region_25,Masters & above,m,other,1,31,2.0,5,0,0,51
16738,Legal,region_2,Bachelors,m,other,1,45,3.0,12,1,0,56
7468,Technology,region_2,Masters & above,f,other,1,56,4.0,2,1,1,79
78075,Analytics,region_22,Masters & above,m,sourcing,2,39,3.0,9,1,0,82
46695,Technology,region_22,Masters & above,m,sourcing,1,33,3.0,4,0,0,81
25510,Operations,region_4,Masters & above,f,other,1,48,5.0,15,1,0,61
7241,Finance,region_7,Below Secondary,f,sourcing,1,24,,1,0,0,57
41183,Technology,region_5,Bachelors,f,other,1,38,5.0,5,1,0,79
8264,Sales & Marketing,region_2,,m,other,1,29,3.0,2,0,0,52
14022,Analytics,region_4,Masters & above,m,sourcing,1,44,3.0,7,0,0,83
34855,Technology,region_5,Bachelors,f,other,1,29,1.0,3,0,0,79
1042,Sales & Marketing,region_26,Bachelors,m,other,1,31,3.0,6,0,0,52
76561,Sales & Marketing,region_11,Masters & above,m,sourcing,1,33,3.0,3,0,0,49
57624,Sales & Marketing,region_28,Masters & above,m,sourcing,1,31,5.0,7,1,0,50
27844,Finance,region_2,Masters & above,f,other,3,40,3.0,4,0,0,56
69910,Technology,region_4,Masters & above,m,sourcing,1,37,3.0,6,1,0,78
42588,Sales & Marketing,region_7,Bachelors,m,sourcing,3,29,1.0,6,0,0,42
15107,Sales & Marketing,region_31,Bachelors,f,sourcing,1,27,3.0,3,0,0,50
40487,Sales & Marketing,region_13,Bachelors,m,other,2,27,2.0,2,0,0,50
16525,R&D,region_26,Bachelors,m,other,1,35,3.0,7,0,0,82
8123,Finance,region_2,Masters & above,m,other,2,41,3.0,13,0,0,56
42827,Analytics,region_22,Masters & above,f,other,1,41,5.0,7,1,0,83
36870,Operations,region_3,Masters & above,m,sourcing,1,33,5.0,5,1,0,61
16472,Legal,region_31,Bachelors,m,other,1,31,,1,1,0,56
53394,Technology,region_2,Bachelors,f,sourcing,2,46,3.0,4,0,0,77
10103,Analytics,region_2,,m,sourcing,1,32,5.0,6,1,0,86
43330,Operations,region_11,Bachelors,f,other,1,32,1.0,6,0,0,59
5277,Sales & Marketing,region_2,Bachelors,f,other,1,38,4.0,12,0,0,52
69821,Technology,region_13,Bachelors,m,sourcing,1,34,2.0,6,0,0,77
57695,Sales & Marketing,region_2,Bachelors,m,sourcing,1,43,5.0,4,0,0,52
25305,Sales & Marketing,region_7,Masters & above,m,sourcing,1,36,5.0,8,1,0,52
72638,Operations,region_4,Masters & above,m,other,1,41,3.0,4,1,0,55
11961,Procurement,region_22,Masters & above,m,other,1,32,4.0,4,1,0,69
49953,Technology,region_27,Bachelors,f,referred,1,30,4.0,8,0,0,79
2697,HR,region_2,Bachelors,m,referred,1,26,3.0,3,0,0,52
24810,Analytics,region_26,Bachelors,m,sourcing,2,39,5.0,3,1,0,82
36393,Technology,region_2,Bachelors,f,sourcing,1,60,4.0,29,0,0,73
56472,Procurement,region_2,Bachelors,m,other,1,35,4.0,8,0,0,68
7368,HR,region_2,Bachelors,m,other,1,35,1.0,3,0,0,49
51081,Technology,region_2,Bachelors,f,other,1,31,4.0,4,1,0,80
56599,Sales & Marketing,region_26,Masters & above,m,other,2,39,4.0,3,0,0,50
7436,Operations,region_16,Bachelors,m,sourcing,1,32,5.0,6,1,0,59
66317,Technology,region_26,Bachelors,m,sourcing,1,39,3.0,11,1,0,85
77038,Operations,region_19,Bachelors,m,other,1,47,5.0,14,0,0,61
52754,Procurement,region_26,Bachelors,f,sourcing,2,26,3.0,4,0,0,71
25857,Procurement,region_2,Bachelors,m,sourcing,1,40,3.0,12,0,0,68
15689,R&D,region_22,Masters & above,m,sourcing,1,31,5.0,5,1,0,86
60304,HR,region_25,Bachelors,f,sourcing,1,28,4.0,3,0,0,50
19947,Technology,region_2,Bachelors,m,other,1,44,3.0,3,0,0,78
28061,Operations,region_2,Bachelors,f,sourcing,1,60,5.0,7,1,0,57
34791,Operations,region_19,Bachelors,f,sourcing,1,40,2.0,11,0,0,59
63084,Sales & Marketing,region_30,Bachelors,m,sourcing,1,26,,1,1,0,51
1368,Operations,region_15,Masters & above,m,sourcing,1,45,3.0,13,0,0,55
7702,Analytics,region_28,Bachelors,m,other,3,29,4.0,5,0,0,83
60883,Operations,region_23,Bachelors,m,sourcing,1,33,4.0,2,0,0,58
1789,HR,region_7,Bachelors,f,sourcing,1,25,5.0,3,1,0,53
1334,Procurement,region_22,Masters & above,m,other,3,30,3.0,3,1,0,68
76447,Analytics,region_2,Bachelors,m,sourcing,2,27,2.0,6,0,0,86
70559,Sales & Marketing,region_32,Bachelors,m,other,1,25,,1,0,0,50
68852,Operations,region_15,Bachelors,f,other,1,35,5.0,8,1,0,59
46178,Sales & Marketing,region_31,Bachelors,f,sourcing,1,30,5.0,3,1,0,48
12654,Analytics,region_7,Bachelors,m,sourcing,1,26,3.0,2,0,0,84
9799,Operations,region_26,Bachelors,f,sourcing,2,27,3.0,6,0,0,59
68056,Analytics,region_2,Bachelors,f,sourcing,2,33,3.0,4,0,0,80
13562,Operations,region_22,Masters & above,f,sourcing,1,38,1.0,8,0,0,62
52100,Sales & Marketing,region_2,Masters & above,m,other,1,46,5.0,16,0,1,62
74362,Finance,region_2,Bachelors,m,other,1,59,3.0,22,0,0,60
34620,Sales & Marketing,region_7,Bachelors,m,other,1,33,2.0,6,0,0,50
60162,Operations,region_22,Bachelors,m,sourcing,1,36,5.0,3,1,0,57
55234,Technology,region_22,Bachelors,m,sourcing,1,29,3.0,5,1,0,72
25356,Procurement,region_2,Bachelors,m,sourcing,1,36,1.0,3,0,0,67
18612,Sales & Marketing,region_22,,m,other,1,26,,1,0,0,48
25917,Technology,region_7,,m,other,1,24,4.0,1,0,0,79
38514,Sales & Marketing,region_22,Bachelors,f,other,2,30,1.0,2,1,0,55
699,Sales & Marketing,region_23,Bachelors,f,other,1,31,5.0,3,0,0,50
35602,Technology,region_27,Bachelors,m,other,1,31,3.0,6,0,0,80
16173,Technology,region_23,Bachelors,m,sourcing,1,29,5.0,3,1,0,79
29959,Sales & Marketing,region_27,Bachelors,f,other,1,40,3.0,11,0,0,47
55204,Operations,region_20,Bachelors,m,other,1,41,5.0,12,0,0,67
45581,Sales & Marketing,region_26,Bachelors,m,sourcing,2,27,,1,0,0,47
73238,Sales & Marketing,region_21,Bachelors,m,other,1,34,3.0,3,0,0,51
38996,Procurement,region_15,Masters & above,f,sourcing,1,44,3.0,14,0,0,69
15305,Operations,region_13,Bachelors,f,sourcing,1,32,5.0,4,0,0,59
19572,Operations,region_22,Masters & above,m,sourcing,1,42,5.0,10,1,0,62
13677,Sales & Marketing,region_2,,m,other,1,29,2.0,3,0,0,48
65455,Sales & Marketing,region_1,Bachelors,f,sourcing,1,28,3.0,2,1,0,46
32026,Operations,region_30,Bachelors,f,other,1,33,3.0,10,0,0,64
61881,Sales & Marketing,region_26,Masters & above,m,other,1,34,1.0,5,0,0,53
78029,Sales & Marketing,region_1,Masters & above,m,other,1,34,4.0,3,0,0,54
55608,Sales & Marketing,region_26,Bachelors,m,sourcing,1,32,5.0,5,0,0,53
19017,Procurement,region_24,Bachelors,f,sourcing,1,28,3.0,3,0,0,72
27599,Operations,region_2,Bachelors,m,other,1,59,5.0,2,0,0,59
1150,Operations,region_26,Bachelors,f,sourcing,1,28,5.0,4,1,0,54
1946,Operations,region_8,,m,sourcing,1,27,4.0,5,0,0,66
13202,Sales & Marketing,region_2,Bachelors,m,referred,1,26,4.0,2,0,0,48
14106,HR,region_22,Bachelors,m,other,1,23,3.0,2,0,0,55
25668,Sales & Marketing,region_2,Bachelors,f,other,1,37,3.0,9,1,0,91
59453,Sales & Marketing,region_26,Bachelors,m,other,1,39,3.0,4,0,0,49
75476,Finance,region_15,Bachelors,m,sourcing,1,27,2.0,3,0,0,62
39353,Sales & Marketing,region_31,Bachelors,m,sourcing,1,36,3.0,4,1,0,51
69315,Legal,region_26,Bachelors,m,sourcing,1,35,5.0,4,0,0,58
44314,Sales & Marketing,region_11,Bachelors,m,other,1,27,,1,0,0,48
56541,Sales & Marketing,region_2,Bachelors,m,other,1,31,5.0,2,1,0,94
18555,Sales & Marketing,region_22,Bachelors,f,other,1,29,5.0,3,1,0,49
42787,HR,region_25,Bachelors,m,sourcing,1,31,3.0,4,0,0,51
47554,Technology,region_2,Bachelors,m,referred,2,27,,1,0,0,82
41864,Sales & Marketing,region_17,Bachelors,m,other,1,30,,1,0,0,51
36740,Procurement,region_13,Masters & above,m,sourcing,1,49,2.0,4,0,0,71
7817,Sales & Marketing,region_7,Bachelors,m,other,1,39,1.0,7,0,0,49
434,Sales & Marketing,region_16,Bachelors,m,other,1,38,1.0,7,0,0,51
61330,Sales & Marketing,region_2,Masters & above,m,other,2,37,3.0,3,1,0,53
13874,Analytics,region_7,Bachelors,m,other,2,28,,1,0,0,80
63348,Sales & Marketing,region_7,Masters & above,m,other,1,36,3.0,2,1,0,49
41543,Operations,region_31,Bachelors,f,other,1,38,3.0,3,0,0,60
35843,HR,region_2,Bachelors,m,referred,2,29,5.0,4,0,0,51
15715,Sales & Marketing,region_8,Bachelors,m,other,1,38,1.0,5,0,0,52
31613,Operations,region_12,Bachelors,f,sourcing,1,43,4.0,5,1,0,59
46704,Sales & Marketing,region_15,Bachelors,m,sourcing,1,31,4.0,7,0,0,50
2788,Finance,region_2,,m,other,1,44,3.0,15,0,0,58
73298,Sales & Marketing,region_23,Bachelors,f,other,1,29,1.0,2,1,0,48
68332,Operations,region_22,Bachelors,m,other,1,40,2.0,4,1,0,61
44923,Operations,region_2,Masters & above,f,sourcing,1,36,5.0,9,0,0,61
39261,Sales & Marketing,region_2,Masters & above,m,sourcing,2,36,1.0,10,0,0,52
73395,Operations,region_31,Masters & above,m,sourcing,1,37,1.0,9,0,0,58
38736,Sales & Marketing,region_2,Bachelors,m,other,1,54,1.0,4,0,0,52
62019,Operations,region_7,Masters & above,m,other,1,35,4.0,3,1,0,58
32440,Analytics,region_22,Bachelors,f,sourcing,1,29,3.0,7,1,0,83
2953,Operations,region_15,Bachelors,m,other,1,44,3.0,2,1,0,61
43445,Analytics,region_1,Masters & above,m,other,1,36,3.0,8,1,0,81
52356,Finance,region_13,Bachelors,m,other,1,32,1.0,4,0,0,59
52373,Sales & Marketing,region_19,Bachelors,m,other,1,38,5.0,8,0,0,49
27404,Procurement,region_2,Masters & above,f,other,1,37,5.0,4,0,0,70
63980,Sales & Marketing,region_22,Bachelors,f,sourcing,2,28,3.0,5,1,0,50
70532,Operations,region_31,Bachelors,m,other,1,24,,1,1,0,55
59139,Sales & Marketing,region_7,Bachelors,m,sourcing,1,27,,1,0,0,52
69054,Technology,region_2,Masters & above,m,sourcing,1,36,1.0,7,0,0,81
18697,HR,region_30,Bachelors,f,other,1,30,3.0,3,0,0,46
52775,Sales & Marketing,region_20,Masters & above,m,sourcing,1,44,3.0,4,0,0,52
51095,Finance,region_13,Masters & above,m,other,1,32,3.0,5,0,0,60
25903,Sales & Marketing,region_32,Bachelors,m,sourcing,2,30,4.0,5,0,0,55
2230,Legal,region_22,Bachelors,m,referred,2,31,,1,0,0,56
57010,Sales & Marketing,region_2,Bachelors,m,sourcing,2,34,5.0,6,1,0,48
27752,HR,region_4,Masters & above,m,sourcing,1,35,4.0,5,1,1,51
62129,Sales & Marketing,region_7,,m,sourcing,1,28,3.0,6,0,0,53
72567,HR,region_2,Masters & above,f,other,1,48,3.0,18,0,0,46
2214,Analytics,region_6,Bachelors,m,sourcing,1,26,,1,0,0,90
20412,Operations,region_2,Bachelors,m,other,1,25,5.0,3,1,0,57
5864,Procurement,region_22,Bachelors,m,sourcing,1,32,5.0,6,1,0,73
22351,Sales & Marketing,region_2,Bachelors,m,sourcing,1,52,1.0,24,0,0,51
50871,Sales & Marketing,region_27,Bachelors,m,other,4,29,1.0,4,0,0,53
58870,Operations,region_8,Masters & above,f,other,1,39,2.0,5,0,0,63
50024,Operations,region_16,Bachelors,m,other,1,42,3.0,5,1,0,60
51345,HR,region_2,Bachelors,f,sourcing,1,30,5.0,5,0,0,48
51964,Technology,region_2,Bachelors,m,sourcing,1,40,3.0,3,0,0,79
60968,Operations,region_22,Bachelors,f,other,1,43,5.0,5,0,0,61
34496,Sales & Marketing,region_22,Masters & above,m,other,1,41,1.0,5,0,0,52
36807,Operations,region_22,Masters & above,m,referred,1,36,5.0,9,0,0,61
46547,Finance,region_31,Bachelors,m,other,1,25,3.0,3,0,0,73
65901,Analytics,region_23,Bachelors,m,other,2,29,3.0,3,0,0,87
72914,Sales & Marketing,region_23,Bachelors,m,sourcing,1,37,3.0,8,0,0,49
52441,Sales & Marketing,region_16,Masters & above,f,other,2,51,3.0,17,0,0,46
77717,Procurement,region_17,Bachelors,f,other,1,32,5.0,7,0,0,71
36038,Analytics,region_16,Bachelors,m,other,1,26,4.0,4,0,0,88
57168,Sales & Marketing,region_16,Bachelors,f,other,1,26,,1,0,0,44
55029,Finance,region_2,Bachelors,f,sourcing,1,32,5.0,5,1,0,60
24874,Operations,region_15,Bachelors,m,referred,1,36,5.0,2,0,0,61
74374,Operations,region_17,Bachelors,m,sourcing,1,31,3.0,10,0,0,59
47368,Procurement,region_2,Masters & above,f,other,1,47,3.0,7,1,0,70
20319,Sales & Marketing,region_3,Bachelors,m,sourcing,1,29,3.0,6,0,0,51
24905,Operations,region_2,Bachelors,f,sourcing,1,36,2.0,8,0,0,57
93,Sales & Marketing,region_2,Bachelors,m,other,1,36,3.0,3,1,0,49
10130,Finance,region_7,Masters & above,m,other,1,36,5.0,7,1,0,63
16773,Sales & Marketing,region_23,Bachelors,m,other,3,33,1.0,10,0,0,50
5715,Operations,region_15,Masters & above,f,other,1,43,4.0,4,1,0,58
49279,Operations,region_2,Below Secondary,f,sourcing,1,26,4.0,3,0,0,60
34256,Sales & Marketing,region_13,Bachelors,m,sourcing,1,33,3.0,6,0,0,48
4911,Sales & Marketing,region_7,Bachelors,m,sourcing,1,53,3.0,17,0,0,45
22561,Operations,region_7,Masters & above,f,other,1,34,3.0,10,1,0,58
17186,Sales & Marketing,region_23,Bachelors,m,sourcing,2,31,4.0,3,0,0,51
6528,HR,region_2,Bachelors,m,other,1,40,3.0,7,0,0,45
54294,Operations,region_16,Bachelors,m,sourcing,2,35,5.0,4,1,0,93
67533,HR,region_28,Masters & above,m,sourcing,1,40,5.0,4,1,0,89
22723,Sales & Marketing,region_22,,m,other,2,24,3.0,2,0,0,50
49455,Technology,region_26,Masters & above,f,sourcing,1,42,3.0,6,0,0,75
49949,Technology,region_2,Masters & above,f,sourcing,1,40,2.0,12,0,0,86
46013,Technology,region_2,,m,other,1,36,3.0,6,0,0,81
65319,Technology,region_2,Bachelors,f,sourcing,1,49,2.0,18,0,0,80
10398,HR,region_22,Bachelors,m,other,1,30,5.0,4,0,0,51
67189,Operations,region_12,Bachelors,m,other,1,28,3.0,5,0,0,61
30753,Sales & Marketing,region_4,Masters & above,m,sourcing,2,38,1.0,6,0,0,48
4055,Legal,region_11,Bachelors,m,other,1,29,4.0,3,0,0,59
23123,Technology,region_24,Masters & above,m,sourcing,1,35,3.0,7,0,0,82
26381,Sales & Marketing,region_27,Bachelors,f,other,1,32,2.0,8,0,0,51
21198,Sales & Marketing,region_11,Bachelors,m,sourcing,2,29,3.0,5,0,0,49
15187,Finance,region_27,Bachelors,m,other,1,26,3.0,2,0,0,64
42727,Operations,region_14,Masters & above,f,other,1,49,3.0,9,0,0,60
15245,Procurement,region_7,Bachelors,m,other,1,30,,1,1,0,69
22468,Sales & Marketing,region_33,Bachelors,m,other,1,36,1.0,3,0,0,53
17574,Technology,region_27,Bachelors,f,other,1,39,4.0,12,1,0,82
41927,Finance,region_31,Bachelors,m,sourcing,1,29,4.0,6,0,0,60
46770,Operations,region_31,Bachelors,f,sourcing,2,28,5.0,4,1,0,54
27469,Analytics,region_22,Masters & above,m,other,2,48,5.0,11,1,0,84
31758,Operations,region_2,Bachelors,f,sourcing,1,27,2.0,3,0,0,59
47647,Sales & Marketing,region_2,Bachelors,m,sourcing,2,25,1.0,3,0,0,51
8895,Technology,region_1,Masters & above,m,other,1,35,1.0,2,0,0,79
10753,Operations,region_23,Bachelors,m,other,1,34,1.0,5,0,0,61
64728,Sales & Marketing,region_19,Bachelors,m,sourcing,1,27,3.0,4,0,0,49
62916,Sales & Marketing,region_7,Bachelors,m,other,1,42,5.0,7,1,1,91
47031,Analytics,region_24,Masters & above,m,sourcing,1,33,1.0,2,0,0,88
73526,Operations,region_20,Masters & above,f,sourcing,1,38,3.0,4,1,0,63
21112,Technology,region_2,Bachelors,m,sourcing,1,37,2.0,3,0,0,80
40989,Sales & Marketing,region_2,Bachelors,m,sourcing,1,37,3.0,8,1,0,46
17583,Operations,region_13,Masters & above,m,other,1,37,5.0,6,0,0,58
28111,R&D,region_22,Bachelors,m,sourcing,1,30,5.0,5,1,0,83
59517,Operations,region_31,Bachelors,m,other,1,46,4.0,12,0,0,62
5387,Technology,region_5,Below Secondary,m,other,1,23,,1,0,0,81
61831,Procurement,region_2,Bachelors,m,other,1,34,3.0,5,0,0,71
57226,Operations,region_29,Bachelors,m,sourcing,1,26,1.0,5,0,0,58
59262,Technology,region_8,Masters & above,f,other,1,32,3.0,3,0,0,82
21163,HR,region_2,Bachelors,m,other,1,31,3.0,6,1,0,49
69588,Operations,region_22,Bachelors,f,other,1,34,4.0,9,1,0,61
13361,Operations,region_2,Bachelors,f,other,2,39,5.0,3,1,1,59
18865,Sales & Marketing,region_22,Masters & above,f,other,1,33,2.0,3,0,0,47
21473,Sales & Marketing,region_28,Masters & above,m,other,1,46,3.0,3,0,0,52
62431,Operations,region_4,Bachelors,f,sourcing,1,33,4.0,7,1,0,61
59166,Operations,region_23,Bachelors,m,other,1,31,3.0,3,0,0,61
23851,Operations,region_15,Masters & above,m,other,2,46,4.0,12,0,0,59
45212,Operations,region_8,Masters & above,f,other,1,39,3.0,2,0,0,61
74677,Sales & Marketing,region_27,Bachelors,m,sourcing,1,28,5.0,2,1,0,48
39770,Operations,region_7,Bachelors,f,sourcing,1,25,,1,0,0,61
40663,Sales & Marketing,region_5,Bachelors,m,other,1,44,3.0,16,0,0,53
56724,Sales & Marketing,region_3,Bachelors,m,other,1,30,3.0,6,0,0,51
54451,HR,region_2,Masters & above,f,other,1,57,5.0,14,0,0,49
51077,Sales & Marketing,region_2,Masters & above,f,other,1,43,4.0,9,0,0,49
60493,Analytics,region_26,Bachelors,m,other,1,32,5.0,5,0,0,85
31107,Operations,region_2,Masters & above,f,sourcing,1,37,4.0,4,1,0,60
41024,Sales & Marketing,region_17,Bachelors,m,other,3,27,3.0,2,0,0,48
65241,Sales & Marketing,region_6,Bachelors,m,other,1,32,1.0,5,0,0,50
29677,Analytics,region_10,Bachelors,m,other,1,28,4.0,2,0,0,85
5118,Technology,region_26,Bachelors,f,sourcing,1,27,,1,0,0,90
35209,Analytics,region_28,Masters & above,m,sourcing,2,37,5.0,2,1,0,81
40544,Sales & Marketing,region_28,Masters & above,m,other,2,48,3.0,9,0,0,50
30308,Sales & Marketing,region_9,Bachelors,m,other,2,31,3.0,6,1,0,49
38267,Sales & Marketing,region_31,Masters & above,f,sourcing,1,33,3.0,3,0,0,50
60173,Operations,region_16,Bachelors,f,sourcing,1,25,4.0,3,1,0,60
3076,Operations,region_26,Bachelors,f,other,1,34,4.0,7,1,0,58
66610,Finance,region_4,Masters & above,m,sourcing,1,40,5.0,4,1,0,90
76330,Analytics,region_22,Bachelors,m,other,1,29,2.0,2,0,0,84
22542,Sales & Marketing,region_31,,m,other,1,34,4.0,2,0,0,50
15994,Legal,region_2,Below Secondary,f,other,1,27,4.0,2,0,0,54
62877,Sales & Marketing,region_28,Bachelors,m,other,1,35,3.0,9,0,0,48
70900,Analytics,region_23,Masters & above,m,other,1,34,3.0,8,0,0,87
10737,Legal,region_27,Below Secondary,m,sourcing,1,26,3.0,1,1,0,57
7790,Sales & Marketing,region_6,Bachelors,m,other,1,26,4.0,3,0,0,51
38911,Sales & Marketing,region_2,Masters & above,f,sourcing,1,40,3.0,5,0,0,52
1074,Analytics,region_22,Bachelors,m,other,1,31,4.0,6,0,0,89
22804,Sales & Marketing,region_17,Bachelors,m,other,1,30,2.0,5,0,0,45
52583,Operations,region_31,Bachelors,m,sourcing,1,29,3.0,4,0,0,57
32064,Procurement,region_31,Bachelors,f,other,1,31,2.0,5,0,0,71
34450,Technology,region_10,Masters & above,f,other,1,35,5.0,8,1,0,79
19902,Technology,region_1,Bachelors,f,sourcing,2,28,4.0,4,0,0,78
69607,Operations,region_20,Masters & above,f,other,1,33,5.0,3,0,0,75
25733,Legal,region_2,Below Secondary,m,other,1,27,5.0,4,1,0,55
23761,Operations,region_2,,m,other,1,34,3.0,8,0,0,59
28612,Sales & Marketing,region_29,Masters & above,m,sourcing,1,32,3.0,4,0,0,46
58560,Procurement,region_2,Masters & above,f,sourcing,1,50,3.0,9,0,0,69
18739,Procurement,region_19,Bachelors,m,other,1,38,3.0,5,0,0,71
67822,Sales & Marketing,region_22,Bachelors,m,sourcing,2,27,2.0,4,1,0,49
36360,Technology,region_13,Masters & above,m,other,1,41,4.0,5,0,0,79
73477,Sales & Marketing,region_14,Bachelors,m,other,1,23,3.0,1,0,0,48
16016,Sales & Marketing,region_28,,m,other,1,34,3.0,2,0,0,46
4766,Sales & Marketing,region_22,Bachelors,f,sourcing,2,26,,1,0,0,47
41910,HR,region_27,Bachelors,m,other,1,28,,1,0,0,54
39505,Procurement,region_22,Masters & above,f,sourcing,1,47,3.0,6,0,0,69
25382,Sales & Marketing,region_29,Bachelors,m,other,1,27,3.0,4,0,0,46
77961,Sales & Marketing,region_2,,m,other,1,45,5.0,4,1,0,50
66486,Sales & Marketing,region_29,Bachelors,m,sourcing,1,26,3.0,3,0,0,51
21502,Operations,region_19,Bachelors,m,other,1,36,4.0,12,1,0,58
40902,Operations,region_23,Bachelors,m,other,1,37,5.0,7,1,0,65
73884,Procurement,region_27,Masters & above,f,sourcing,1,37,1.0,2,0,0,70
54890,Procurement,region_11,Bachelors,f,other,1,29,2.0,5,0,0,73
57858,Technology,region_7,Bachelors,m,other,1,32,4.0,4,1,0,81
49437,Analytics,region_1,Bachelors,m,other,2,28,4.0,4,0,0,80
22790,Procurement,region_6,Bachelors,m,other,1,29,3.0,5,0,0,68
73070,Sales & Marketing,region_28,Bachelors,m,sourcing,1,42,4.0,3,0,0,47
77202,R&D,region_2,Masters & above,m,sourcing,3,26,3.0,3,0,0,82
49000,Procurement,region_2,Bachelors,m,other,1,41,3.0,11,0,0,65
19150,Operations,region_22,Masters & above,m,other,1,35,5.0,2,0,0,62
64335,Operations,region_7,Bachelors,f,other,2,50,4.0,20,0,0,64
61088,Legal,region_22,Bachelors,m,sourcing,2,29,3.0,6,0,0,55
3664,Technology,region_20,Bachelors,m,sourcing,4,28,3.0,6,0,0,79
54689,Sales & Marketing,region_21,Bachelors,f,other,1,31,3.0,3,1,0,52
21480,Sales & Marketing,region_2,Bachelors,m,sourcing,1,49,5.0,6,1,0,52
15444,Operations,region_13,Bachelors,f,other,1,29,3.0,2,1,0,60
48328,Technology,region_17,Bachelors,m,other,1,29,3.0,3,1,0,78
25086,Analytics,region_22,Masters & above,f,other,2,31,3.0,6,1,0,85
32914,Technology,region_19,Bachelors,m,other,1,46,3.0,5,0,0,88
56021,Sales & Marketing,region_2,Masters & above,m,sourcing,2,43,2.0,2,0,0,50
5747,Operations,region_23,Masters & above,m,other,1,41,5.0,4,1,0,55
38383,HR,region_7,Masters & above,m,other,1,35,3.0,9,0,0,51
18665,Legal,region_7,Bachelors,m,other,3,49,3.0,3,0,0,59
37830,Technology,region_13,Masters & above,m,sourcing,2,30,,1,1,1,80
65536,Sales & Marketing,region_13,Bachelors,m,other,1,30,5.0,5,1,0,46
23915,Technology,region_22,Bachelors,m,other,1,29,4.0,5,0,0,77
38696,Operations,region_14,Bachelors,m,sourcing,1,33,3.0,6,0,0,61
20724,Technology,region_7,Masters & above,m,other,1,38,4.0,4,1,0,83
53208,Operations,region_2,Bachelors,f,other,1,43,2.0,10,0,0,64
74891,Sales & Marketing,region_14,Bachelors,m,other,2,29,3.0,8,0,0,46
60983,Operations,region_19,Bachelors,m,other,1,36,3.0,5,0,0,59
17644,R&D,region_22,Masters & above,m,other,2,35,4.0,6,0,0,87
68776,Analytics,region_26,Bachelors,m,sourcing,1,28,5.0,2,1,0,81
40763,Technology,region_7,Masters & above,f,other,1,52,4.0,16,1,0,87
24337,Legal,region_13,Masters & above,m,other,1,40,2.0,8,0,0,54
31390,Sales & Marketing,region_2,Masters & above,f,other,1,44,1.0,14,0,0,50
75440,Technology,region_30,Bachelors,m,other,1,35,3.0,2,0,0,84
39384,R&D,region_31,Masters & above,m,sourcing,1,35,3.0,3,0,0,81
35837,Analytics,region_34,Bachelors,m,other,1,31,3.0,7,0,0,85
38414,Sales & Marketing,region_13,Bachelors,m,sourcing,1,29,1.0,8,0,0,49
76796,Procurement,region_2,Bachelors,f,sourcing,1,30,5.0,3,1,0,70
58024,Sales & Marketing,region_17,Masters & above,m,sourcing,1,40,1.0,8,0,0,54
68777,Operations,region_22,Bachelors,m,other,1,30,3.0,10,1,0,56
75653,Operations,region_22,Masters & above,f,sourcing,1,47,4.0,2,0,0,55
481,Procurement,region_15,Masters & above,f,sourcing,1,36,3.0,7,0,0,67
61588,Technology,region_7,,m,other,1,31,3.0,6,0,0,78
48726,Operations,region_15,Bachelors,m,other,3,35,4.0,3,0,0,59
37521,Operations,region_22,Masters & above,f,other,3,35,5.0,4,1,0,59
23909,Operations,region_9,Bachelors,m,other,1,32,2.0,7,0,0,60
57327,Sales & Marketing,region_6,Bachelors,f,other,1,24,,1,0,0,51
14685,Sales & Marketing,region_30,Bachelors,m,other,2,33,1.0,3,0,0,51
74822,HR,region_2,Masters & above,f,other,1,55,3.0,15,0,0,50
60914,Procurement,region_2,Masters & above,f,sourcing,1,33,5.0,6,1,0,70
36993,Technology,region_7,Bachelors,m,sourcing,2,25,,1,0,0,80
59174,Procurement,region_15,Bachelors,f,other,1,34,5.0,5,1,0,67
44223,Analytics,region_17,Bachelors,m,other,1,30,3.0,4,1,0,92
50304,Operations,region_22,Below Secondary,f,other,1,23,3.0,2,0,0,59
67047,Technology,region_11,Bachelors,f,sourcing,1,35,3.0,8,0,0,75
72306,Sales & Marketing,region_7,Masters & above,m,sourcing,1,53,1.0,19,0,0,48
59602,Procurement,region_27,Masters & above,m,other,1,40,5.0,13,1,0,73
14388,Procurement,region_2,,f,sourcing,1,34,5.0,8,1,0,73
43920,Operations,region_8,Bachelors,f,sourcing,1,32,4.0,4,1,0,63
41498,Sales & Marketing,region_2,,m,sourcing,1,33,3.0,6,0,0,52
46699,Operations,region_22,Masters & above,f,other,1,34,2.0,3,0,0,58
65174,Legal,region_15,Bachelors,m,sourcing,1,33,3.0,3,0,0,64
22999,Finance,region_28,Masters & above,f,other,2,32,4.0,6,1,0,57
69217,Procurement,region_4,Masters & above,f,sourcing,1,41,1.0,7,0,0,72
7389,Finance,region_2,Masters & above,m,other,3,42,3.0,12,0,0,58
7443,Technology,region_27,Bachelors,m,other,2,34,5.0,9,0,0,79
88,HR,region_2,Bachelors,m,other,1,26,3.0,2,1,0,54
22208,Sales & Marketing,region_12,Bachelors,m,other,1,29,2.0,5,0,0,50
71122,Operations,region_14,Bachelors,f,other,1,30,3.0,3,1,1,95
56110,Sales & Marketing,region_27,,m,other,1,27,,1,0,0,54
63918,Analytics,region_7,Bachelors,f,other,1,27,,1,1,0,85
10528,Analytics,region_27,Bachelors,m,sourcing,2,29,3.0,2,0,0,82
38429,Sales & Marketing,region_11,Bachelors,m,other,2,40,1.0,2,1,0,50
1363,Analytics,region_32,Bachelors,m,other,1,24,2.0,2,0,0,83
14416,Operations,region_15,Masters & above,m,sourcing,1,44,3.0,3,1,0,54
44291,Procurement,region_13,Masters & above,f,other,4,35,3.0,7,0,0,70
1441,HR,region_13,Bachelors,m,other,1,27,5.0,4,0,0,51
47309,Sales & Marketing,region_7,Masters & above,m,other,1,53,3.0,19,0,0,51
54298,Operations,region_19,Masters & above,m,sourcing,1,46,5.0,6,0,0,64
67233,Analytics,region_32,Bachelors,m,sourcing,1,38,3.0,3,0,0,82
75762,Operations,region_2,Bachelors,f,other,1,39,3.0,11,1,0,60
655,Sales & Marketing,region_7,Bachelors,m,sourcing,2,31,4.0,5,0,0,51
22948,Procurement,region_2,Bachelors,m,sourcing,1,40,3.0,3,0,0,68
8564,Sales & Marketing,region_2,Bachelors,f,other,1,46,4.0,17,0,0,52
17731,Operations,region_11,Bachelors,f,other,1,30,5.0,6,1,0,60
63725,R&D,region_11,Masters & above,m,other,1,33,5.0,3,0,0,82
50627,Analytics,region_10,Masters & above,m,other,2,32,4.0,4,0,0,86
29048,Operations,region_13,Bachelors,m,sourcing,1,44,4.0,5,0,0,60
17714,Operations,region_2,Bachelors,m,sourcing,1,28,,1,1,0,55
63840,Technology,region_10,Masters & above,f,other,1,34,3.0,7,0,0,85
52175,HR,region_2,Bachelors,f,referred,1,25,5.0,2,1,0,53
34840,Operations,region_2,Masters & above,f,sourcing,1,55,5.0,6,1,0,59
1227,Finance,region_11,Bachelors,m,other,2,31,3.0,2,1,0,64
18123,Finance,region_2,Masters & above,m,sourcing,1,34,4.0,7,1,0,60
29845,Sales & Marketing,region_11,Masters & above,m,other,1,32,5.0,8,1,0,46
65145,Operations,region_10,Masters & above,m,other,2,40,4.0,5,0,0,60
28214,Sales & Marketing,region_7,Bachelors,f,other,1,35,5.0,10,0,0,45
2832,Sales & Marketing,region_31,Bachelors,m,other,1,30,1.0,7,0,0,53
47562,Sales & Marketing,region_30,Bachelors,m,sourcing,1,25,1.0,2,0,0,51
3780,Technology,region_7,Bachelors,f,sourcing,1,37,3.0,2,1,0,89
27069,Operations,region_22,Bachelors,f,sourcing,1,45,5.0,17,1,0,61
337,Operations,region_13,Bachelors,f,other,1,33,4.0,6,1,0,63
39414,Sales & Marketing,region_22,Bachelors,m,other,4,28,,1,0,0,47
41979,Operations,region_15,Masters & above,f,other,1,38,3.0,9,0,0,60
13348,Sales & Marketing,region_12,Bachelors,f,other,1,28,5.0,2,1,0,49
56405,Operations,region_19,Bachelors,m,sourcing,1,34,5.0,7,0,0,62
27711,Operations,region_26,Masters & above,m,other,1,34,3.0,9,1,0,57
75197,Sales & Marketing,region_13,Bachelors,m,sourcing,1,34,4.0,8,0,0,50
13200,HR,region_2,Masters & above,m,sourcing,1,54,5.0,4,1,0,51
40233,Procurement,region_23,Masters & above,f,other,1,38,3.0,9,0,0,66
13338,Sales & Marketing,region_26,Bachelors,m,other,2,28,1.0,2,0,0,51
63706,Sales & Marketing,region_2,Bachelors,m,sourcing,3,50,3.0,8,0,0,54
3774,Analytics,region_28,Bachelors,m,other,1,29,5.0,7,0,0,86
2746,Technology,region_6,Bachelors,m,sourcing,2,28,3.0,4,1,0,80
60956,Operations,region_26,Bachelors,f,other,1,30,2.0,6,1,0,61
40909,Operations,region_29,Bachelors,m,other,1,29,5.0,4,0,0,59
30863,Sales & Marketing,region_6,Bachelors,m,other,1,43,4.0,14,0,0,53
7554,Legal,region_22,Bachelors,m,other,1,32,4.0,3,0,0,58
10021,Sales & Marketing,region_15,Bachelors,f,sourcing,1,41,1.0,7,1,0,47
59215,Sales & Marketing,region_2,Bachelors,m,sourcing,4,28,3.0,4,0,0,46
40500,Sales & Marketing,region_22,Bachelors,m,sourcing,2,31,4.0,6,0,0,48
970,Analytics,region_22,Bachelors,m,referred,1,31,4.0,5,0,0,86
63738,Sales & Marketing,region_22,Bachelors,m,sourcing,2,36,1.0,7,0,0,49
23607,R&D,region_22,Bachelors,m,other,4,36,4.0,5,0,0,84
52005,Finance,region_2,Bachelors,m,other,2,39,5.0,5,1,0,64
16971,Sales & Marketing,region_4,Bachelors,m,sourcing,1,32,1.0,5,0,0,45
32275,Operations,region_2,Masters & above,m,other,1,37,4.0,10,0,0,58
47058,Technology,region_28,Masters & above,m,other,1,36,3.0,7,1,0,77
67257,Sales & Marketing,region_23,Masters & above,m,other,1,34,4.0,10,0,0,47
42251,Operations,region_26,Bachelors,m,sourcing,1,38,1.0,4,1,0,60
22735,Sales & Marketing,region_20,Bachelors,m,sourcing,1,41,1.0,9,0,0,47
59338,Analytics,region_23,Masters & above,m,sourcing,3,33,2.0,3,0,0,90
34261,Operations,region_22,Masters & above,m,other,1,40,2.0,16,0,0,56
41569,HR,region_25,Masters & above,m,other,1,32,4.0,3,1,0,50
9111,HR,region_2,Bachelors,f,sourcing,1,32,3.0,3,0,0,48
54569,Operations,region_2,Bachelors,f,sourcing,1,55,5.0,8,0,0,61
611,Finance,region_6,Bachelors,m,sourcing,1,28,1.0,1,0,0,62
54354,Sales & Marketing,region_22,Bachelors,m,other,2,31,4.0,5,0,0,51
5649,Sales & Marketing,region_2,Masters & above,m,sourcing,1,39,5.0,12,0,0,49
47100,Sales & Marketing,region_15,Masters & above,m,sourcing,2,38,1.0,7,1,1,49
14665,Procurement,region_2,Bachelors,m,other,2,35,3.0,6,1,0,74
51051,Sales & Marketing,region_14,Bachelors,m,sourcing,1,41,4.0,4,0,0,60
7116,Sales & Marketing,region_2,Bachelors,m,other,3,34,2.0,9,0,0,52
45446,Finance,region_2,Bachelors,m,sourcing,1,27,5.0,3,0,0,72
48201,Analytics,region_2,Bachelors,f,other,1,32,5.0,6,0,0,81
51839,Procurement,region_17,Bachelors,f,other,2,28,4.0,3,0,0,70
8882,Procurement,region_23,Masters & above,m,sourcing,1,37,1.0,8,0,0,74
44340,Operations,region_2,Bachelors,m,sourcing,2,33,3.0,9,1,0,63
37398,Sales & Marketing,region_2,Bachelors,m,other,1,49,3.0,3,0,0,48
57995,Procurement,region_5,Bachelors,m,other,1,36,2.0,4,0,0,64
7979,Sales & Marketing,region_17,Bachelors,m,other,1,32,2.0,6,1,0,47
49362,Sales & Marketing,region_27,Masters & above,m,other,1,32,1.0,7,0,0,45
8716,Finance,region_29,Bachelors,m,sourcing,1,38,2.0,3,0,0,61
53014,Procurement,region_17,Bachelors,f,other,1,24,3.0,2,0,0,72
57650,Sales & Marketing,region_15,Bachelors,f,sourcing,1,34,2.0,7,1,1,47
8204,Sales & Marketing,region_11,Bachelors,m,other,1,47,3.0,16,0,0,56
32424,Sales & Marketing,region_31,Bachelors,m,other,1,31,4.0,6,0,0,45
10688,Sales & Marketing,region_31,Bachelors,m,sourcing,1,33,3.0,9,1,0,51
73686,Sales & Marketing,region_4,Masters & above,m,other,1,54,5.0,18,1,0,48
4379,Procurement,region_15,Masters & above,f,other,1,38,4.0,10,0,0,69
39108,Procurement,region_23,Masters & above,m,sourcing,1,37,3.0,6,0,0,73
9719,Sales & Marketing,region_4,Bachelors,m,other,1,27,4.0,4,1,0,54
73142,Sales & Marketing,region_11,Bachelors,m,sourcing,1,30,2.0,5,0,0,50
6890,Operations,region_13,Bachelors,m,other,1,31,3.0,8,1,0,59
45058,Sales & Marketing,region_2,Bachelors,m,sourcing,1,34,5.0,7,1,0,48
62135,Sales & Marketing,region_32,,m,sourcing,1,29,2.0,4,0,0,44
43503,Analytics,region_29,Bachelors,m,sourcing,1,28,5.0,5,1,0,85
63401,Technology,region_31,Bachelors,m,other,1,32,1.0,7,0,0,78
20626,Technology,region_24,Bachelors,m,sourcing,1,31,3.0,6,0,0,84
61310,HR,region_22,Masters & above,f,sourcing,1,30,4.0,2,0,0,51
30033,Technology,region_27,Bachelors,m,sourcing,1,28,,1,0,0,83
31203,Operations,region_20,Masters & above,f,other,1,40,5.0,12,1,0,63
52104,Sales & Marketing,region_4,Bachelors,m,other,1,29,3.0,2,1,0,50
37670,Analytics,region_22,,m,other,1,26,5.0,2,1,0,85
8726,Operations,region_22,Bachelors,m,other,2,24,4.0,2,1,0,60
12129,R&D,region_15,Masters & above,m,sourcing,2,32,3.0,3,0,0,83
64168,Operations,region_22,Bachelors,m,other,1,29,4.0,2,1,0,62
42628,Sales & Marketing,region_2,,m,sourcing,1,22,2.0,2,0,0,47
3367,Procurement,region_2,Bachelors,f,other,1,49,2.0,15,0,0,71
55147,Sales & Marketing,region_1,Masters & above,m,other,2,32,3.0,5,1,0,48
14538,Procurement,region_17,Bachelors,m,other,1,25,5.0,2,1,0,69
18281,Operations,region_2,Bachelors,f,sourcing,1,57,4.0,6,0,0,60
29165,Analytics,region_22,Bachelors,m,sourcing,2,33,3.0,5,1,0,86
67675,Sales & Marketing,region_16,Bachelors,f,other,3,29,3.0,2,0,0,49
56710,Sales & Marketing,region_1,Masters & above,f,other,1,37,3.0,4,0,0,47
51906,Analytics,region_22,Bachelors,m,sourcing,1,31,5.0,5,0,0,84
12726,Sales & Marketing,region_31,Bachelors,m,other,2,32,1.0,4,0,0,48
48743,Sales & Marketing,region_21,Bachelors,m,sourcing,1,32,5.0,7,1,0,51
39685,R&D,region_20,Bachelors,m,other,1,38,1.0,7,0,0,84
77760,Sales & Marketing,region_5,Bachelors,m,other,1,42,5.0,4,0,0,59
76886,Operations,region_2,Masters & above,m,sourcing,1,34,5.0,6,1,0,62
41719,Operations,region_7,Bachelors,f,other,2,36,5.0,7,1,0,64
4353,Legal,region_22,Bachelors,m,referred,1,30,3.0,2,1,0,51
77121,Procurement,region_23,Masters & above,m,sourcing,1,36,2.0,6,0,0,72
51519,Procurement,region_20,Bachelors,m,other,1,35,4.0,6,1,0,66
18776,Operations,region_16,Masters & above,m,sourcing,1,38,5.0,9,1,0,58
74889,Operations,region_2,Bachelors,m,other,3,34,5.0,3,1,0,58
3242,Sales & Marketing,region_19,Bachelors,m,sourcing,1,28,2.0,2,0,0,54
8595,Procurement,region_16,Masters & above,f,other,1,38,2.0,11,0,0,68
13346,Operations,region_29,Bachelors,f,other,1,29,,1,0,0,54
42325,Technology,region_15,Bachelors,m,sourcing,2,34,4.0,8,0,0,77
45047,Sales & Marketing,region_15,Bachelors,m,other,2,33,3.0,5,0,0,52
13700,Sales & Marketing,region_15,Bachelors,f,other,1,28,1.0,3,1,0,53
17212,Sales & Marketing,region_2,Masters & above,f,other,1,60,3.0,16,0,0,48
47171,Operations,region_13,Bachelors,f,other,1,30,2.0,5,0,0,60
75668,Analytics,region_22,Bachelors,m,other,2,29,2.0,3,0,0,82
60391,Technology,region_27,Bachelors,m,other,2,28,1.0,7,0,0,76
54678,Finance,region_7,Bachelors,m,other,1,34,3.0,5,0,0,58
63111,Operations,region_22,Bachelors,m,other,2,27,3.0,3,0,0,59
15147,Technology,region_22,Below Secondary,m,other,1,24,3.0,2,0,0,81
15613,R&D,region_2,Bachelors,m,other,2,42,3.0,9,0,0,84
11061,Technology,region_33,Bachelors,m,other,1,48,3.0,6,1,0,81
63132,Sales & Marketing,region_2,Masters & above,m,sourcing,1,60,3.0,19,0,0,50
39697,Sales & Marketing,region_13,Bachelors,m,other,1,39,3.0,6,0,0,53
36521,HR,region_2,Masters & above,f,sourcing,1,36,3.0,10,0,0,49
13221,Operations,region_2,Bachelors,f,other,1,26,,1,1,0,57
52788,Legal,region_22,Masters & above,m,sourcing,1,37,3.0,6,0,0,58
27449,Sales & Marketing,region_22,Bachelors,f,other,1,27,3.0,3,0,0,59
73806,Operations,region_29,Bachelors,f,sourcing,2,35,3.0,7,0,0,62
68999,Sales & Marketing,region_28,Bachelors,m,other,1,31,4.0,3,0,0,48
18649,Sales & Marketing,region_6,Bachelors,m,other,1,34,4.0,7,0,0,50
8041,Sales & Marketing,region_32,Bachelors,m,other,1,31,4.0,3,0,0,49
74554,Sales & Marketing,region_13,,m,other,1,45,3.0,7,0,0,57
68353,Finance,region_31,Bachelors,m,other,1,29,3.0,3,0,0,58
34770,Analytics,region_15,Bachelors,m,other,2,30,1.0,6,0,0,89
72241,Procurement,region_15,Bachelors,m,other,1,44,4.0,15,0,0,67
60221,HR,region_2,Masters & above,f,sourcing,1,44,3.0,15,0,0,51
41219,Technology,region_22,Masters & above,m,sourcing,1,39,1.0,4,0,0,82
49274,Procurement,region_12,Bachelors,f,other,1,30,3.0,4,1,0,72
68655,Procurement,region_28,Masters & above,f,other,1,31,3.0,3,0,0,71
39138,Finance,region_23,Bachelors,m,sourcing,1,32,5.0,5,1,0,58
23562,Technology,region_2,Bachelors,m,referred,1,35,4.0,3,1,0,82
47779,Sales & Marketing,region_30,Bachelors,m,other,1,28,,1,0,0,53
6653,HR,region_22,Masters & above,m,other,1,33,2.0,5,0,0,52
74742,Sales & Marketing,region_8,Masters & above,m,other,1,31,3.0,5,1,0,52
61359,Technology,region_23,Masters & above,f,other,1,37,4.0,10,0,0,82
31243,Procurement,region_19,Bachelors,m,sourcing,2,30,5.0,2,0,0,72
58328,Sales & Marketing,region_2,,m,other,1,37,5.0,6,0,0,51
50870,Sales & Marketing,region_22,Bachelors,m,other,1,26,3.0,3,0,0,50
66604,Technology,region_12,Bachelors,m,sourcing,1,35,5.0,3,1,0,75
18751,Sales & Marketing,region_15,Bachelors,m,sourcing,2,24,,1,0,0,48
28529,Procurement,region_26,Bachelors,f,sourcing,1,30,1.0,6,1,0,67
56355,HR,region_7,Bachelors,m,other,1,33,4.0,5,1,0,50
75326,Sales & Marketing,region_13,Bachelors,m,other,1,31,3.0,7,1,0,49
9574,Procurement,region_26,Bachelors,m,other,1,55,3.0,10,0,0,70
49423,Operations,region_2,Bachelors,m,other,1,56,4.0,12,1,0,64
33340,Sales & Marketing,region_11,Bachelors,m,sourcing,1,29,5.0,4,1,0,49
60361,Technology,region_2,Bachelors,f,other,1,33,5.0,7,1,0,77
58215,Sales & Marketing,region_27,Bachelors,m,other,1,36,4.0,4,0,0,53
25330,Procurement,region_2,Masters & above,f,sourcing,2,40,3.0,3,1,0,67
34988,Procurement,region_29,Masters & above,m,sourcing,1,36,5.0,7,0,0,68
26510,Technology,region_2,Below Secondary,m,referred,1,25,,1,0,0,87
22967,Sales & Marketing,region_26,Bachelors,m,other,1,34,1.0,10,0,0,44
69701,Analytics,region_2,Bachelors,m,sourcing,1,38,1.0,8,0,0,84
50428,Legal,region_7,Below Secondary,m,sourcing,1,28,5.0,3,0,0,59
41432,Analytics,region_26,Bachelors,m,sourcing,1,26,5.0,4,1,0,90
29359,Legal,region_29,Bachelors,m,other,1,28,3.0,5,0,0,58
59475,Technology,region_7,Masters & above,f,other,1,51,3.0,7,0,0,81
15023,Operations,region_32,Below Secondary,m,other,1,24,3.0,2,0,0,61
29040,Procurement,region_17,Bachelors,f,other,5,34,3.0,2,1,1,66
40457,Sales & Marketing,region_2,Bachelors,m,sourcing,1,34,4.0,8,1,0,55
16980,Analytics,region_22,Bachelors,m,other,1,37,3.0,4,0,0,82
1612,HR,region_15,Bachelors,f,sourcing,1,28,,1,0,0,50
43224,Technology,region_5,Bachelors,m,other,1,29,4.0,4,1,0,89
4486,Sales & Marketing,region_8,Masters & above,m,sourcing,1,34,3.0,6,0,0,50
45538,Operations,region_6,Bachelors,f,other,1,28,3.0,3,0,0,62
37816,Procurement,region_2,Bachelors,f,other,1,25,,1,0,0,74
4874,Technology,region_2,Masters & above,m,sourcing,6,56,3.0,14,0,0,78
23449,HR,region_32,Bachelors,f,sourcing,1,32,3.0,7,1,0,51
45856,Operations,region_2,Bachelors,m,other,1,32,2.0,9,1,0,65
41358,Technology,region_7,Bachelors,m,other,1,33,5.0,8,0,0,78
54629,Technology,region_2,Masters & above,m,other,4,59,4.0,18,0,0,79
45308,Finance,region_2,Bachelors,m,other,2,26,1.0,4,1,0,57
36095,Analytics,region_25,Bachelors,m,other,1,32,5.0,5,1,0,86
28980,Procurement,region_15,Masters & above,f,sourcing,1,35,1.0,10,0,0,67
19161,Technology,region_2,Bachelors,f,other,4,33,5.0,9,1,0,82
40185,Analytics,region_5,Masters & above,m,sourcing,1,39,3.0,6,0,0,85
22469,Analytics,region_28,Masters & above,m,sourcing,1,35,5.0,7,0,0,85
32521,Finance,region_2,Bachelors,m,sourcing,1,26,3.0,2,1,0,58
53696,Procurement,region_15,Bachelors,m,other,1,38,3.0,4,1,0,71
32964,Sales & Marketing,region_2,,m,other,1,36,5.0,5,1,0,52
37650,Sales & Marketing,region_13,Masters & above,m,other,2,43,3.0,12,0,0,53
74112,Technology,region_5,Bachelors,f,other,1,28,4.0,4,0,0,77
25239,Analytics,region_31,Bachelors,f,other,1,30,4.0,4,1,0,84
68729,Sales & Marketing,region_1,Bachelors,f,sourcing,1,25,2.0,4,0,0,51
74508,Sales & Marketing,region_23,Bachelors,m,sourcing,2,27,,1,0,0,51
23584,Procurement,region_22,Bachelors,f,sourcing,1,28,,1,0,0,67
55703,Sales & Marketing,region_13,Bachelors,m,sourcing,1,54,4.0,17,0,0,50
54761,Sales & Marketing,region_27,Masters & above,m,other,1,39,5.0,3,0,0,45
27754,Sales & Marketing,region_16,Bachelors,f,other,1,31,3.0,5,0,0,46
72876,Sales & Marketing,region_28,Bachelors,m,other,2,26,5.0,2,0,0,47
76782,Sales & Marketing,region_31,Bachelors,m,sourcing,1,38,2.0,7,0,0,48
52871,Technology,region_31,Bachelors,m,other,1,34,3.0,7,0,0,79
68015,Sales & Marketing,region_6,Bachelors,m,sourcing,1,27,1.0,2,1,0,51
74451,Sales & Marketing,region_13,Bachelors,f,sourcing,1,40,3.0,9,0,0,50
63411,Analytics,region_13,Bachelors,m,sourcing,2,31,3.0,6,0,0,82
51730,Technology,region_27,Masters & above,m,other,2,37,4.0,8,0,0,77
65839,Finance,region_2,Bachelors,f,sourcing,1,39,5.0,11,1,0,64
52013,Sales & Marketing,region_22,Masters & above,m,sourcing,1,35,4.0,3,1,0,97
57809,Analytics,region_3,Bachelors,m,sourcing,1,30,1.0,5,0,0,87
16849,Sales & Marketing,region_4,Masters & above,m,sourcing,1,39,5.0,4,0,0,50
16019,Sales & Marketing,region_22,Masters & above,f,other,1,40,1.0,10,0,0,52
47247,Procurement,region_17,Bachelors,f,other,1,26,1.0,2,0,0,67
2191,Sales & Marketing,region_2,Bachelors,f,sourcing,2,34,3.0,6,0,0,45
8842,Technology,region_4,Bachelors,f,other,1,37,3.0,2,0,0,80
21894,Technology,region_7,Masters & above,m,sourcing,1,52,5.0,21,0,0,76
75980,Technology,region_9,Bachelors,m,sourcing,2,29,3.0,3,1,0,80
53562,Sales & Marketing,region_7,Bachelors,m,sourcing,1,31,4.0,7,0,0,51
54387,Analytics,region_6,Bachelors,m,sourcing,1,37,5.0,8,1,0,88
18873,Technology,region_27,Bachelors,m,sourcing,1,30,4.0,2,0,0,78
59357,Sales & Marketing,region_27,Bachelors,m,other,1,41,1.0,15,0,0,49
51662,Operations,region_2,Masters & above,f,other,1,59,5.0,18,1,0,62
52367,Technology,region_7,Bachelors,f,other,1,35,4.0,10,0,0,79
11131,Operations,region_30,Bachelors,f,other,1,30,5.0,8,0,0,59
11983,Sales & Marketing,region_2,Bachelors,f,other,1,41,5.0,5,1,0,48
41577,Technology,region_23,Masters & above,m,sourcing,1,57,3.0,15,0,0,79
11947,Technology,region_26,Bachelors,f,sourcing,1,36,3.0,7,0,0,78
2181,Sales & Marketing,region_13,Bachelors,m,other,1,27,1.0,5,0,0,49
62144,Operations,region_7,Bachelors,f,other,1,26,5.0,2,1,0,61
71494,Analytics,region_22,Bachelors,m,other,1,29,3.0,2,1,0,80
2342,Procurement,region_7,Bachelors,f,sourcing,1,30,3.0,5,0,0,66
20881,Procurement,region_28,Bachelors,m,sourcing,4,29,3.0,4,0,0,71
43485,Sales & Marketing,region_2,Masters & above,m,other,1,39,2.0,10,0,0,52
60830,Sales & Marketing,region_31,Bachelors,m,other,1,45,3.0,4,0,0,47
24836,Procurement,region_10,Masters & above,m,sourcing,1,35,5.0,5,1,0,69
21564,Analytics,region_22,Bachelors,m,sourcing,1,32,3.0,6,1,0,80
6239,Operations,region_31,Bachelors,m,sourcing,1,30,4.0,8,1,0,60
44650,Sales & Marketing,region_27,Bachelors,m,sourcing,1,29,1.0,3,1,0,52
20009,Operations,region_15,Bachelors,f,sourcing,1,37,3.0,7,0,0,60
70775,Technology,region_17,Bachelors,f,other,1,32,4.0,3,0,0,77
26723,Sales & Marketing,region_1,Masters & above,f,other,1,32,5.0,7,0,0,51
14706,Finance,region_14,Bachelors,m,other,1,27,1.0,3,0,0,63
28324,Sales & Marketing,region_17,Bachelors,m,sourcing,1,31,3.0,7,0,0,50
74333,Sales & Marketing,region_7,Bachelors,m,sourcing,1,51,1.0,23,0,0,49
48210,Sales & Marketing,region_26,Bachelors,m,other,1,49,3.0,7,0,0,53
72187,Analytics,region_4,Masters & above,m,other,1,36,3.0,4,1,0,86
29808,Analytics,region_13,Bachelors,m,sourcing,1,27,5.0,3,1,0,86
64191,Technology,region_7,Bachelors,f,other,1,38,2.0,6,0,0,77
19666,Sales & Marketing,region_29,Bachelors,m,sourcing,2,26,,1,0,0,50
70063,Analytics,region_27,Bachelors,m,other,2,28,3.0,2,1,1,79
3578,Sales & Marketing,region_2,Bachelors,m,other,1,30,2.0,4,0,0,52
37070,Sales & Marketing,region_32,Bachelors,m,other,1,28,5.0,2,0,0,53
40380,Finance,region_11,Bachelors,m,other,1,32,3.0,7,1,0,68
60934,Sales & Marketing,region_7,Bachelors,m,other,1,30,2.0,4,0,0,46
7235,Procurement,region_10,Masters & above,f,other,1,38,5.0,11,1,0,73
38167,Technology,region_2,Masters & above,m,other,1,47,3.0,4,1,0,80
77533,Technology,region_7,Bachelors,f,sourcing,1,29,4.0,4,0,0,77
6769,Procurement,region_7,Masters & above,m,other,1,38,3.0,5,0,0,73
20463,Finance,region_4,Masters & above,f,other,1,35,5.0,6,0,0,64
78043,Operations,region_7,Masters & above,f,other,1,42,3.0,14,0,0,58
69250,Operations,region_15,Bachelors,m,other,2,40,2.0,5,0,0,61
46126,Operations,region_17,Masters & above,m,sourcing,2,39,3.0,2,1,0,58
73520,Sales & Marketing,region_7,Bachelors,m,other,1,49,2.0,18,0,0,54
74914,Technology,region_26,Masters & above,m,other,1,48,3.0,5,0,0,81
13589,Operations,region_2,Bachelors,f,other,1,41,3.0,11,0,0,62
44266,Sales & Marketing,region_7,Bachelors,m,other,1,37,2.0,4,0,0,51
26791,Sales & Marketing,region_7,Masters & above,m,sourcing,1,45,5.0,6,1,0,51
50618,Sales & Marketing,region_30,Bachelors,m,other,2,39,4.0,9,0,0,53
56549,Operations,region_16,Bachelors,f,sourcing,1,35,5.0,3,1,0,63
19,HR,region_2,Masters & above,f,other,1,50,4.0,7,1,0,45
57082,Sales & Marketing,region_25,Bachelors,m,other,1,30,5.0,5,1,1,53
6158,Operations,region_11,Bachelors,m,sourcing,1,30,3.0,7,0,0,58
26586,Operations,region_23,Bachelors,m,sourcing,1,29,,1,1,0,57
56115,Sales & Marketing,region_2,Bachelors,m,referred,1,31,5.0,3,1,0,45
40856,Procurement,region_4,Bachelors,m,other,1,38,1.0,7,1,0,72
34738,Analytics,region_22,,m,sourcing,1,29,3.0,5,1,0,81
24372,Sales & Marketing,region_20,Bachelors,m,other,1,34,5.0,8,0,0,49
13126,Operations,region_15,,m,other,1,42,2.0,4,0,0,55
2210,Sales & Marketing,region_31,Masters & above,m,other,1,47,1.0,7,1,0,50
26394,Sales & Marketing,region_12,Bachelors,m,sourcing,1,29,1.0,2,0,0,46
14855,Operations,region_31,Bachelors,m,other,1,33,4.0,4,0,0,62
4064,Technology,region_23,Bachelors,m,other,1,33,1.0,7,0,0,78
33125,Analytics,region_22,,m,other,1,28,3.0,6,1,0,82
6022,Sales & Marketing,region_28,,m,other,1,33,3.0,7,0,0,52
77256,Sales & Marketing,region_2,,m,other,1,40,4.0,5,0,0,49
42947,Technology,region_24,Bachelors,m,sourcing,1,27,1.0,3,1,0,74
41962,Procurement,region_17,Masters & above,m,other,1,47,3.0,9,0,0,64
76251,Sales & Marketing,region_2,Bachelors,m,other,5,35,2.0,6,0,0,49
33540,Procurement,region_2,Masters & above,m,sourcing,1,56,3.0,2,1,0,65
23333,Sales & Marketing,region_15,Bachelors,f,sourcing,1,32,3.0,7,0,0,48
44898,Procurement,region_2,Bachelors,f,other,1,25,4.0,2,1,0,75
39849,Sales & Marketing,region_30,Bachelors,m,sourcing,1,24,4.0,2,0,0,50
10205,Operations,region_10,Masters & above,m,sourcing,1,37,3.0,5,0,0,68
26609,Operations,region_2,Bachelors,m,sourcing,1,55,3.0,4,0,0,54
37038,Procurement,region_27,Masters & above,f,other,2,36,3.0,5,0,0,73
19027,Operations,region_22,Bachelors,m,other,1,52,3.0,19,0,0,58
76112,Sales & Marketing,region_31,Bachelors,m,other,1,27,4.0,3,1,0,50
63653,Sales & Marketing,region_32,Bachelors,m,other,1,26,1.0,2,0,0,48
57866,Analytics,region_4,Bachelors,m,sourcing,1,32,5.0,5,1,1,79
23408,Operations,region_12,Bachelors,f,other,1,28,4.0,4,0,0,58
35065,Sales & Marketing,region_9,,m,other,1,30,1.0,4,0,0,52
51840,Analytics,region_22,Masters & above,m,other,1,27,,1,1,0,86
7500,Procurement,region_2,Masters & above,f,sourcing,1,38,3.0,3,0,0,67
60200,Procurement,region_26,Bachelors,f,other,1,29,1.0,4,0,0,71
39210,Technology,region_10,Masters & above,f,other,1,39,3.0,2,0,0,77
46402,Operations,region_1,Masters & above,f,sourcing,1,32,,1,1,0,61
37005,Legal,region_7,Masters & above,m,other,1,34,3.0,5,0,0,62
5787,HR,region_32,,m,other,1,27,,1,0,0,53
75403,Sales & Marketing,region_27,,m,other,1,34,3.0,8,0,0,48
71101,Procurement,region_22,Bachelors,f,other,1,32,4.0,3,0,0,75
69996,Sales & Marketing,region_14,Bachelors,f,sourcing,1,32,3.0,6,0,0,50
8019,Technology,region_16,Bachelors,m,sourcing,1,54,3.0,8,0,0,80
65120,Sales & Marketing,region_2,Bachelors,f,other,1,39,5.0,9,0,0,47
19913,Operations,region_15,Masters & above,m,other,2,42,3.0,7,0,0,60
17182,Technology,region_2,Masters & above,m,other,1,58,5.0,18,1,0,79
40995,Technology,region_2,Masters & above,f,sourcing,1,45,3.0,12,0,0,80
29406,Analytics,region_31,Masters & above,m,sourcing,1,43,5.0,6,0,0,81
41679,Procurement,region_19,Masters & above,m,other,1,45,4.0,17,0,0,72
75530,Sales & Marketing,region_12,Bachelors,m,other,1,34,1.0,7,0,0,51
56604,Finance,region_32,Bachelors,m,other,2,26,,1,0,0,61
29370,HR,region_2,Below Secondary,m,referred,1,25,5.0,4,1,0,52
374,Operations,region_31,Bachelors,m,other,1,36,4.0,3,1,0,62
76158,Sales & Marketing,region_2,Masters & above,f,other,1,39,2.0,4,0,0,46
6623,Sales & Marketing,region_7,Bachelors,m,other,2,38,4.0,5,1,1,54
50192,HR,region_22,Masters & above,f,sourcing,1,36,5.0,3,0,0,48
75428,Operations,region_2,Masters & above,m,referred,2,34,4.0,8,1,0,58
34353,Technology,region_22,Masters & above,m,other,2,31,3.0,7,1,0,83
13042,Sales & Marketing,region_7,Masters & above,m,other,1,29,3.0,5,0,0,49
32824,Procurement,region_7,Masters & above,m,other,2,35,3.0,8,0,0,66
77794,Operations,region_25,Below Secondary,m,sourcing,1,24,,1,0,0,60
29776,Operations,region_22,Masters & above,m,other,1,40,5.0,7,0,0,56
75872,Sales & Marketing,region_2,Masters & above,m,sourcing,1,57,1.0,27,0,0,55
63020,Sales & Marketing,region_13,Bachelors,m,other,1,31,2.0,4,0,0,49
19205,HR,region_2,Masters & above,m,other,1,56,3.0,6,0,0,47
38581,Sales & Marketing,region_22,Masters & above,f,sourcing,1,38,1.0,5,0,0,52
68012,Finance,region_2,Bachelors,f,other,1,53,3.0,11,0,0,61
18234,Operations,region_2,Masters & above,f,other,2,41,5.0,6,1,0,59
62918,Technology,region_22,Masters & above,m,sourcing,1,35,5.0,10,1,0,77
29178,HR,region_2,Bachelors,m,sourcing,1,34,2.0,5,0,0,49
23138,Technology,region_27,Bachelors,f,other,2,29,5.0,3,1,0,77
32826,Sales & Marketing,region_13,Bachelors,m,sourcing,1,27,4.0,3,1,0,49
37323,Sales & Marketing,region_15,Bachelors,m,other,1,36,4.0,4,0,0,45
72442,Sales & Marketing,region_29,Bachelors,m,other,1,26,,1,0,0,47
45502,Sales & Marketing,region_13,Bachelors,m,other,1,25,,1,0,0,58
33738,Operations,region_2,Bachelors,m,sourcing,1,48,3.0,7,1,0,62
20023,Operations,region_2,Bachelors,f,sourcing,1,60,1.0,14,0,0,62
29591,Sales & Marketing,region_24,Masters & above,f,sourcing,1,31,3.0,3,1,0,47
21685,Technology,region_2,Masters & above,m,sourcing,1,55,4.0,3,1,0,79
20242,Analytics,region_25,Masters & above,m,sourcing,1,35,1.0,4,0,0,87
60888,Procurement,region_2,,f,sourcing,1,47,3.0,19,0,0,67
12446,Sales & Marketing,region_14,Bachelors,m,other,1,31,1.0,3,0,0,46
76645,Operations,region_7,Bachelors,m,other,1,33,4.0,5,1,0,57
16415,Procurement,region_2,Bachelors,f,sourcing,1,33,1.0,7,0,0,65
32648,Sales & Marketing,region_7,Bachelors,m,sourcing,1,36,1.0,8,0,0,51
17560,Sales & Marketing,region_1,Bachelors,m,sourcing,1,30,4.0,5,0,0,51
28192,Technology,region_7,Masters & above,m,referred,1,47,3.0,4,1,0,81
2114,Sales & Marketing,region_11,Bachelors,m,sourcing,1,29,,1,1,0,50
30249,Sales & Marketing,region_2,Masters & above,m,other,1,54,4.0,27,0,0,54
72741,Analytics,region_22,Bachelors,f,other,1,26,5.0,3,1,0,82
44621,Operations,region_20,Masters & above,f,other,1,38,4.0,8,0,0,59
13015,Technology,region_2,Bachelors,m,sourcing,2,28,1.0,1,0,0,78
16253,Operations,region_2,Masters & above,f,other,3,50,5.0,6,1,0,61
13371,Technology,region_24,Masters & above,f,other,1,33,2.0,7,0,0,76
31838,Sales & Marketing,region_15,Bachelors,m,sourcing,1,35,1.0,3,0,0,51
21160,Technology,region_26,Bachelors,m,sourcing,1,26,5.0,4,1,0,94
7446,HR,region_22,Bachelors,f,other,1,28,4.0,4,0,0,52
10613,Analytics,region_20,Bachelors,m,sourcing,1,27,4.0,5,0,0,86
46352,Finance,region_32,Bachelors,m,sourcing,1,29,5.0,3,1,0,62
42772,Technology,region_11,Bachelors,f,other,1,27,3.0,2,0,0,84
57046,HR,region_2,Masters & above,f,other,1,38,3.0,11,0,0,50
71328,Operations,region_4,Bachelors,m,other,1,29,3.0,5,1,0,55
29737,Procurement,region_2,Bachelors,f,other,1,44,3.0,14,0,0,69
54433,Sales & Marketing,region_4,Masters & above,f,other,1,33,3.0,9,0,0,52
46551,Operations,region_30,Bachelors,f,other,1,36,3.0,3,0,0,62
18738,Technology,region_2,Bachelors,f,other,1,29,1.0,2,0,0,79
70556,Operations,region_2,Bachelors,m,other,3,26,3.0,4,1,0,57
76337,Technology,region_23,Bachelors,m,other,1,32,5.0,6,1,0,85
1926,Operations,region_2,Bachelors,m,other,1,23,5.0,2,1,0,59
5529,Sales & Marketing,region_13,Bachelors,m,sourcing,1,34,1.0,7,0,0,52
12875,Sales & Marketing,region_22,Bachelors,m,sourcing,1,40,2.0,5,0,0,50
22250,Sales & Marketing,region_4,Masters & above,f,other,1,41,5.0,2,1,0,53
32057,Legal,region_27,Bachelors,m,other,1,30,3.0,7,1,0,60
72798,Procurement,region_15,Bachelors,f,sourcing,1,32,5.0,5,1,0,71
75577,Procurement,region_2,Masters & above,m,other,1,36,3.0,7,1,0,69
18546,Sales & Marketing,region_4,Masters & above,m,other,1,33,5.0,6,0,0,44
50176,HR,region_27,Below Secondary,m,other,1,23,,1,0,0,51
6325,Operations,region_32,Bachelors,m,sourcing,2,33,5.0,2,0,0,65
10676,Technology,region_31,Bachelors,f,sourcing,1,32,3.0,4,0,0,77
9994,Sales & Marketing,region_2,Masters & above,m,other,2,44,4.0,14,1,0,48
28483,Procurement,region_7,Bachelors,m,other,1,41,3.0,5,0,0,71
32269,HR,region_2,Masters & above,m,other,1,37,3.0,5,1,1,54
48170,Sales & Marketing,region_7,Bachelors,m,sourcing,1,29,3.0,3,0,0,45
66997,Operations,region_15,Bachelors,m,sourcing,1,43,3.0,13,1,0,58
75142,Finance,region_7,Bachelors,m,other,2,32,5.0,6,1,0,56
36788,Technology,region_26,Bachelors,m,other,1,40,2.0,6,0,0,83
46921,Procurement,region_2,Bachelors,m,sourcing,4,20,,1,0,0,70
22505,Operations,region_2,Bachelors,m,sourcing,1,55,4.0,7,1,0,60
9318,Analytics,region_22,Bachelors,f,other,2,25,5.0,2,0,0,80
35037,Technology,region_11,,m,sourcing,1,31,2.0,4,0,0,77
13360,Sales & Marketing,region_3,Masters & above,m,other,1,34,1.0,10,0,0,52
41323,Analytics,region_28,Masters & above,m,other,1,35,1.0,8,0,0,83
1464,Operations,region_2,Bachelors,m,sourcing,1,36,3.0,4,1,0,91
16137,Sales & Marketing,region_6,Bachelors,m,other,1,38,3.0,14,0,0,46
60870,Sales & Marketing,region_28,Bachelors,m,other,1,38,5.0,4,1,0,50
73875,Sales & Marketing,region_2,Bachelors,m,sourcing,2,34,2.0,6,0,0,46
22562,HR,region_2,Masters & above,m,sourcing,1,36,5.0,4,0,0,46
1971,Analytics,region_7,Masters & above,m,sourcing,1,37,2.0,2,0,0,80
41585,Operations,region_22,Bachelors,f,other,1,56,3.0,26,1,0,57
23050,R&D,region_26,Bachelors,m,sourcing,1,29,4.0,4,0,0,87
39537,Procurement,region_17,Bachelors,m,other,1,39,2.0,3,0,0,70
72305,Sales & Marketing,region_8,Bachelors,m,other,1,28,4.0,4,0,0,49
61443,Operations,region_16,Masters & above,m,sourcing,1,49,1.0,11,0,0,55
16610,Technology,region_13,Bachelors,f,other,1,43,4.0,14,1,0,84
23176,Finance,region_26,Bachelors,f,other,1,33,3.0,6,0,0,58
12732,Technology,region_2,Bachelors,f,sourcing,1,29,,1,1,0,80
3791,Operations,region_23,Bachelors,f,sourcing,2,32,4.0,8,1,0,56
2117,Operations,region_30,Bachelors,f,sourcing,1,35,3.0,10,0,0,57
27166,Technology,region_8,Bachelors,f,sourcing,1,27,,1,0,0,82
17429,Technology,region_26,Masters & above,m,other,1,39,3.0,14,0,0,77
36424,Procurement,region_2,Bachelors,m,other,2,32,1.0,6,0,0,65
56959,HR,region_2,Masters & above,f,other,1,52,3.0,13,0,0,51
13077,Sales & Marketing,region_9,Bachelors,f,other,1,27,2.0,2,0,0,46
67783,Operations,region_2,Masters & above,m,sourcing,1,35,1.0,4,0,0,58
72036,Sales & Marketing,region_7,Bachelors,m,other,1,47,3.0,6,0,0,49
38344,Sales & Marketing,region_22,Bachelors,m,other,1,48,3.0,8,0,0,52
64190,Technology,region_27,Bachelors,f,other,1,23,,1,0,0,82
18980,Operations,region_32,Bachelors,f,other,1,39,5.0,3,1,0,55
14089,Procurement,region_24,Bachelors,m,other,1,26,1.0,4,0,0,70
36507,Procurement,region_22,Masters & above,m,other,3,30,5.0,4,0,0,69
54316,Sales & Marketing,region_28,,m,other,1,33,3.0,2,1,0,49
10359,Operations,region_31,Masters & above,m,other,1,37,5.0,9,0,0,60
65217,Sales & Marketing,region_14,Masters & above,m,other,1,38,5.0,4,1,0,48
4732,Sales & Marketing,region_32,,m,other,1,31,3.0,5,0,0,45
71007,Technology,region_26,Bachelors,m,other,1,36,3.0,11,0,0,82
17347,Technology,region_23,Masters & above,m,other,1,44,3.0,4,0,0,76
21069,Sales & Marketing,region_22,Bachelors,m,other,2,32,1.0,4,0,0,47
33076,Sales & Marketing,region_25,Masters & above,m,sourcing,1,37,4.0,9,1,0,62
77081,Sales & Marketing,region_16,Bachelors,f,sourcing,1,32,3.0,5,1,0,51
43803,Procurement,region_2,Bachelors,f,other,1,58,2.0,5,0,0,67
20169,Procurement,region_13,Bachelors,m,other,4,32,1.0,7,0,0,69
16969,Operations,region_22,Bachelors,m,referred,2,34,4.0,7,0,0,61
22044,Sales & Marketing,region_16,,m,other,1,21,,1,0,0,48
64303,Analytics,region_28,Bachelors,m,sourcing,2,26,3.0,2,0,0,81
58969,Analytics,region_10,Bachelors,m,other,2,30,3.0,3,1,0,84
16413,Sales & Marketing,region_9,Bachelors,m,other,1,33,3.0,7,0,0,51
41040,Procurement,region_2,Masters & above,f,sourcing,1,58,5.0,5,1,0,74
3340,Sales & Marketing,region_15,,m,sourcing,1,41,4.0,12,0,0,49
56726,HR,region_23,Bachelors,f,other,1,29,4.0,2,0,0,50
64267,Operations,region_12,Bachelors,f,sourcing,1,31,3.0,4,0,0,64
22440,Technology,region_2,Bachelors,f,other,1,34,3.0,10,0,0,80
52840,Operations,region_34,Bachelors,m,sourcing,1,28,3.0,2,0,0,59
45046,Sales & Marketing,region_28,Masters & above,m,other,2,38,3.0,8,0,0,51
45882,Sales & Marketing,region_4,Masters & above,m,sourcing,1,51,5.0,9,1,0,51
70856,Operations,region_2,Bachelors,m,other,1,38,5.0,3,1,0,58
40329,Analytics,region_7,Bachelors,m,sourcing,3,35,3.0,3,0,0,86
26298,Operations,region_7,Masters & above,f,other,2,37,4.0,8,0,0,57
7916,Operations,region_7,Masters & above,f,other,1,33,1.0,7,0,0,54
60843,Operations,region_22,Bachelors,m,sourcing,1,35,3.0,9,0,0,60
28135,Sales & Marketing,region_4,Masters & above,m,sourcing,1,36,5.0,7,1,0,50
9372,Sales & Marketing,region_15,Bachelors,f,other,1,26,4.0,3,0,0,48
24369,Analytics,region_32,Bachelors,m,sourcing,1,29,4.0,2,0,0,86
26654,Sales & Marketing,region_2,Masters & above,m,other,1,39,5.0,9,1,0,50
36161,Sales & Marketing,region_2,,m,other,1,37,4.0,4,1,0,47
20866,Finance,region_2,Bachelors,m,sourcing,1,31,4.0,4,0,0,58
38562,Procurement,region_2,Bachelors,f,other,3,31,2.0,9,0,0,65
18039,Analytics,region_22,Bachelors,m,other,1,33,1.0,7,0,0,84
11295,Procurement,region_23,Bachelors,m,sourcing,1,33,5.0,6,1,0,68
24226,Sales & Marketing,region_24,Bachelors,m,other,1,28,2.0,5,1,0,51
72830,HR,region_22,Bachelors,m,other,1,27,1.0,3,0,0,52
52221,Procurement,region_31,Masters & above,m,sourcing,1,37,3.0,4,1,0,68
56423,Operations,region_26,Bachelors,m,other,2,37,3.0,8,0,0,63
63942,Operations,region_15,Masters & above,m,other,1,43,5.0,16,1,0,56
53408,Operations,region_15,Bachelors,m,referred,1,39,4.0,3,1,0,60
21481,Sales & Marketing,region_2,Bachelors,m,other,1,52,3.0,6,1,1,44
78295,Sales & Marketing,region_14,Bachelors,f,sourcing,1,36,3.0,5,0,0,48
74560,Analytics,region_20,Masters & above,m,other,1,32,3.0,4,0,0,84
25444,Procurement,region_2,Bachelors,m,sourcing,1,26,5.0,3,0,0,72
798,HR,region_14,Bachelors,f,sourcing,1,32,4.0,6,1,0,49
40466,Sales & Marketing,region_15,Bachelors,f,other,1,36,1.0,8,0,0,49
15214,Technology,region_24,Bachelors,f,other,1,28,2.0,5,0,0,73
65634,Operations,region_22,Bachelors,m,sourcing,2,45,4.0,19,1,0,57
22297,Operations,region_22,Masters & above,f,sourcing,2,42,4.0,11,1,0,60
63303,Operations,region_30,Bachelors,f,other,1,30,5.0,8,1,0,60
34590,Sales & Marketing,region_2,Bachelors,f,other,1,58,5.0,11,0,0,50
10629,HR,region_23,Bachelors,m,other,1,28,3.0,6,0,0,47
69711,Sales & Marketing,region_27,Bachelors,m,sourcing,3,27,5.0,2,1,1,50
15758,Finance,region_31,Bachelors,m,sourcing,2,34,3.0,8,0,0,59
8082,Finance,region_13,Bachelors,m,other,1,28,3.0,3,0,0,59
67672,Technology,region_17,Bachelors,m,other,1,29,,1,1,0,85
24079,Sales & Marketing,region_31,Bachelors,f,other,1,29,1.0,2,0,0,50
56836,Legal,region_31,Masters & above,m,other,1,36,3.0,7,0,0,56
13023,Operations,region_2,Masters & above,f,other,1,38,4.0,4,1,0,61
16366,Sales & Marketing,region_2,Bachelors,f,sourcing,1,27,4.0,5,1,0,48
48329,Procurement,region_2,Bachelors,f,sourcing,1,57,4.0,25,0,0,66
1775,Technology,region_2,Masters & above,f,sourcing,1,58,3.0,2,0,0,83
11290,Sales & Marketing,region_33,Masters & above,m,other,1,37,3.0,6,0,0,50
67409,Sales & Marketing,region_26,Bachelors,m,sourcing,1,31,3.0,6,1,0,51
41869,HR,region_31,Masters & above,m,sourcing,1,39,3.0,3,0,0,53
2382,Sales & Marketing,region_27,Bachelors,m,sourcing,1,46,1.0,14,0,0,52
32232,Sales & Marketing,region_2,Bachelors,f,other,1,54,4.0,12,0,0,49
54572,Operations,region_19,Masters & above,f,other,1,40,3.0,6,1,0,58
47813,Operations,region_2,Below Secondary,m,other,2,25,,1,0,0,61
64338,Operations,region_27,Bachelors,m,sourcing,1,24,5.0,2,1,0,58
28760,Operations,region_22,Bachelors,m,sourcing,1,48,3.0,3,0,0,59
53922,Sales & Marketing,region_27,Bachelors,m,sourcing,1,30,,1,1,0,46
16400,Sales & Marketing,region_2,Masters & above,m,other,2,50,3.0,21,0,0,50
22875,Sales & Marketing,region_4,Bachelors,m,other,2,36,3.0,4,0,0,44
6128,Procurement,region_2,,m,sourcing,1,31,3.0,6,0,0,67
36555,Finance,region_2,Bachelors,m,other,3,29,2.0,3,0,0,61
28479,Finance,region_22,Bachelors,m,other,2,30,4.0,6,0,0,63
47302,Sales & Marketing,region_29,Bachelors,m,sourcing,1,27,3.0,3,1,0,49
52485,Sales & Marketing,region_25,Bachelors,f,sourcing,1,27,3.0,3,1,0,48
55938,Operations,region_16,Bachelors,m,other,1,34,2.0,8,0,0,57
3701,Sales & Marketing,region_6,Bachelors,m,sourcing,1,35,1.0,3,0,0,57
51608,Sales & Marketing,region_22,Masters & above,f,other,1,32,5.0,3,0,0,53
14169,Analytics,region_1,Masters & above,m,sourcing,3,34,5.0,4,1,0,88
43199,Procurement,region_23,Bachelors,f,other,1,28,3.0,2,0,0,68
64067,Analytics,region_2,,m,other,1,36,4.0,6,0,0,89
52251,Sales & Marketing,region_2,Bachelors,m,sourcing,1,40,3.0,10,1,0,51
69234,Analytics,region_32,Bachelors,m,sourcing,1,34,3.0,6,0,0,83
52943,Procurement,region_22,Bachelors,f,other,1,26,3.0,4,0,0,71
54537,Operations,region_2,Bachelors,m,other,1,33,2.0,10,0,0,58
18138,Analytics,region_2,Bachelors,m,sourcing,2,28,4.0,4,0,0,82
73108,Sales & Marketing,region_29,Bachelors,m,sourcing,1,27,4.0,3,1,0,61
72207,Operations,region_2,Bachelors,f,other,2,38,5.0,12,1,0,63
3258,Procurement,region_22,Bachelors,m,other,2,31,3.0,2,0,0,66
72376,Analytics,region_22,Bachelors,f,sourcing,1,30,4.0,5,1,0,81
71281,Operations,region_2,,f,other,1,37,5.0,9,1,0,61
21373,Procurement,region_22,Bachelors,m,sourcing,2,26,2.0,3,0,0,70
63612,Procurement,region_22,Masters & above,m,other,1,45,3.0,5,0,0,70
71628,Sales & Marketing,region_14,Masters & above,m,other,1,36,3.0,9,0,0,45
30949,Technology,region_1,Bachelors,m,other,1,31,2.0,4,0,0,75
5493,Sales & Marketing,region_23,Bachelors,f,other,1,33,3.0,8,0,0,45
55176,Technology,region_2,Masters & above,m,sourcing,2,58,3.0,3,0,0,75
12785,R&D,region_15,Bachelors,m,other,1,33,3.0,3,0,0,83
8104,Technology,region_19,Bachelors,f,sourcing,3,36,1.0,6,0,0,77
43075,Technology,region_17,Bachelors,f,other,1,48,2.0,7,0,0,73
33555,Procurement,region_7,Bachelors,m,other,1,39,4.0,6,0,0,72
69961,Procurement,region_31,Masters & above,f,sourcing,1,34,4.0,9,0,0,68
59059,Technology,region_22,Masters & above,m,other,1,43,3.0,4,0,0,75
58083,Technology,region_7,Masters & above,m,sourcing,2,34,3.0,8,1,0,85
37289,Sales & Marketing,region_32,,m,sourcing,1,31,3.0,5,0,0,51
51915,Technology,region_7,Bachelors,f,other,1,28,3.0,5,1,0,77
23629,Operations,region_3,Bachelors,m,other,2,29,5.0,2,0,0,99
4129,Operations,region_15,Bachelors,m,referred,1,43,3.0,14,1,0,61
2408,Operations,region_15,Bachelors,f,other,1,37,3.0,10,0,1,68
17246,Operations,region_24,Bachelors,m,sourcing,1,26,,1,1,0,62
68760,Sales & Marketing,region_29,Bachelors,m,sourcing,1,30,1.0,2,0,0,49
77969,Sales & Marketing,region_30,Bachelors,m,other,1,34,5.0,4,0,0,45
43582,HR,region_2,Bachelors,m,other,3,26,,1,0,0,48
71842,Operations,region_13,Masters & above,f,sourcing,1,36,3.0,7,1,0,59
37042,Procurement,region_2,Bachelors,m,sourcing,1,29,2.0,2,0,0,69
20484,Sales & Marketing,region_22,,m,sourcing,1,28,1.0,5,0,0,53
5584,Technology,region_2,Masters & above,f,sourcing,2,36,2.0,5,0,0,81
69520,Operations,region_22,Bachelors,m,other,1,33,3.0,6,1,0,60
2232,R&D,region_22,Bachelors,m,sourcing,2,29,4.0,2,0,0,81
29799,Analytics,region_4,Bachelors,m,other,1,32,5.0,8,0,0,86
18809,Sales & Marketing,region_2,Bachelors,m,other,1,26,4.0,3,1,0,50
15081,Sales & Marketing,region_7,Masters & above,m,sourcing,1,37,2.0,3,0,0,50
13347,Sales & Marketing,region_33,Masters & above,m,other,2,39,3.0,3,0,0,48
15270,Sales & Marketing,region_25,Masters & above,f,sourcing,1,36,5.0,3,1,0,50
7450,Sales & Marketing,region_22,Bachelors,f,sourcing,2,27,3.0,2,0,0,46
45783,Sales & Marketing,region_2,Masters & above,m,other,1,31,5.0,4,0,0,49
12518,Operations,region_18,Bachelors,f,sourcing,1,35,3.0,10,0,0,61
56992,Operations,region_28,Masters & above,f,sourcing,1,39,3.0,4,0,0,57
33264,Sales & Marketing,region_10,Masters & above,m,sourcing,1,37,3.0,4,0,0,48
12023,Sales & Marketing,region_14,Bachelors,m,sourcing,1,48,3.0,21,0,0,45
29690,Operations,region_26,Masters & above,m,other,1,32,2.0,7,0,0,58
26211,Finance,region_2,Bachelors,f,other,1,44,5.0,12,0,1,69
42856,Sales & Marketing,region_7,Masters & above,m,other,2,45,1.0,16,0,0,44
50458,Sales & Marketing,region_2,Bachelors,m,other,2,34,1.0,7,0,0,46
57682,Procurement,region_5,Bachelors,f,other,1,28,3.0,3,0,0,68
6953,R&D,region_4,Bachelors,m,other,1,30,4.0,1,1,0,87
14517,Sales & Marketing,region_26,,m,other,2,29,3.0,3,1,0,48
53153,Sales & Marketing,region_11,Bachelors,m,sourcing,1,30,1.0,3,1,0,50
51028,Analytics,region_22,Bachelors,m,sourcing,1,31,2.0,5,0,0,83
8544,Procurement,region_17,Bachelors,f,sourcing,2,31,3.0,3,0,0,67
50025,Sales & Marketing,region_19,Bachelors,m,other,1,25,,1,0,0,48
9594,Operations,region_11,Bachelors,f,other,1,33,4.0,9,1,0,58
54456,Finance,region_22,Bachelors,m,other,1,26,3.0,3,1,0,59
58887,Sales & Marketing,region_25,Bachelors,m,sourcing,2,29,3.0,7,1,0,47
15436,Procurement,region_7,Bachelors,f,other,2,40,3.0,10,0,0,70
41933,Operations,region_2,Bachelors,f,referred,1,31,4.0,6,1,0,62
27733,Operations,region_25,Masters & above,f,sourcing,1,33,4.0,4,1,0,53
32470,Sales & Marketing,region_25,Bachelors,m,other,1,34,2.0,10,0,0,47
19074,Analytics,region_29,Bachelors,m,other,1,26,,1,0,0,82
36890,Sales & Marketing,region_28,Bachelors,m,other,1,35,1.0,3,0,0,48
65841,Procurement,region_15,Bachelors,f,other,2,32,3.0,5,0,0,69
12223,Operations,region_7,Bachelors,f,other,1,37,3.0,5,0,0,62
10330,Analytics,region_11,Masters & above,m,sourcing,1,32,3.0,5,1,0,84
61401,Sales & Marketing,region_22,Bachelors,m,sourcing,2,25,4.0,3,0,0,52
30793,Operations,region_6,Bachelors,f,sourcing,1,32,4.0,4,1,0,58
28455,Operations,region_2,Masters & above,m,sourcing,2,41,3.0,4,0,0,62
33032,Technology,region_13,Masters & above,m,sourcing,2,45,4.0,11,0,0,81
62022,Operations,region_19,Bachelors,m,other,1,43,5.0,8,1,0,57
32985,Analytics,region_7,Bachelors,m,sourcing,1,32,1.0,2,0,0,87
41043,Sales & Marketing,region_23,Masters & above,f,sourcing,1,34,5.0,7,1,0,48
8710,Technology,region_4,Bachelors,f,other,1,30,2.0,2,0,0,77
75849,R&D,region_22,Bachelors,m,other,1,34,1.0,9,0,0,82
65673,Operations,region_2,Below Secondary,m,other,2,24,5.0,2,1,0,62
41101,Procurement,region_2,Masters & above,f,other,2,40,,1,1,0,70
51919,Sales & Marketing,region_19,Bachelors,f,other,1,37,3.0,10,0,0,51
10992,HR,region_22,Bachelors,f,referred,1,29,5.0,6,1,0,45
71794,Technology,region_26,Bachelors,f,other,1,27,3.0,2,0,0,82
24571,HR,region_2,Masters & above,m,other,1,54,5.0,7,1,0,50
77971,Operations,region_2,,f,other,1,30,4.0,6,1,0,59
5570,HR,region_7,Bachelors,f,other,1,28,5.0,5,1,0,51
21597,Sales & Marketing,region_2,Masters & above,m,sourcing,1,33,5.0,3,0,0,47
59273,Sales & Marketing,region_21,,m,other,1,35,3.0,7,0,0,51
76523,Sales & Marketing,region_22,Masters & above,m,other,1,31,3.0,3,0,0,52
33718,Analytics,region_28,Bachelors,m,other,1,40,4.0,10,0,0,86
64,Analytics,region_4,Bachelors,m,other,1,42,5.0,11,1,0,80
48813,HR,region_2,Bachelors,f,other,1,53,4.0,21,0,0,53
47788,HR,region_2,Masters & above,f,other,1,49,3.0,5,1,0,52
53396,Sales & Marketing,region_2,Bachelors,m,other,2,58,4.0,29,0,0,50
15938,Sales & Marketing,region_21,Bachelors,m,other,1,41,1.0,15,0,0,51
15709,Analytics,region_2,Bachelors,m,sourcing,1,34,5.0,3,0,0,83
29220,Finance,region_2,Bachelors,m,sourcing,2,26,2.0,2,0,0,54
67121,Operations,region_24,Masters & above,f,other,1,32,3.0,7,0,0,60
54320,Technology,region_7,Bachelors,f,other,1,35,3.0,3,0,0,80
58881,Sales & Marketing,region_7,Bachelors,m,other,1,35,5.0,8,0,0,60
2172,Procurement,region_20,Masters & above,m,sourcing,1,39,3.0,10,0,0,68
75663,Technology,region_26,Bachelors,m,other,1,39,4.0,6,0,0,79
77909,Finance,region_30,Bachelors,m,sourcing,1,27,5.0,3,1,0,56
564,Operations,region_32,Bachelors,m,other,1,39,3.0,8,0,0,58
34588,Sales & Marketing,region_22,Bachelors,f,other,1,29,5.0,5,0,0,52
72868,Sales & Marketing,region_25,Bachelors,m,other,1,39,1.0,4,0,0,50
50537,Technology,region_2,Bachelors,m,sourcing,1,30,3.0,6,1,0,81
55596,Finance,region_14,Bachelors,f,other,1,32,4.0,5,0,0,57
21052,Sales & Marketing,region_16,,m,sourcing,1,24,3.0,2,0,0,50
2837,Analytics,region_4,Bachelors,m,other,1,47,3.0,7,0,0,88
61090,Analytics,region_22,Bachelors,m,other,2,33,3.0,2,1,1,99
8974,Operations,region_17,Bachelors,m,sourcing,1,26,2.0,3,1,0,62
35058,Operations,region_2,Bachelors,m,sourcing,2,35,1.0,3,0,0,64
41446,Technology,region_2,Bachelors,m,other,3,39,3.0,4,0,0,82
26410,Finance,region_7,Bachelors,f,other,1,31,3.0,2,0,0,61
50400,Technology,region_31,Masters & above,f,other,1,38,2.0,11,0,0,79
74205,Finance,region_2,Bachelors,m,referred,1,28,,1,0,0,65
68163,Sales & Marketing,region_27,Masters & above,m,sourcing,1,41,3.0,6,0,0,48
54976,Technology,region_7,Bachelors,m,other,1,32,4.0,3,1,0,83
24734,Technology,region_2,Bachelors,m,sourcing,1,58,1.0,25,0,0,76
56798,Technology,region_27,Bachelors,f,other,1,32,2.0,6,0,0,80
43287,Sales & Marketing,region_22,Masters & above,m,other,1,38,2.0,8,0,0,47
24216,Procurement,region_10,Masters & above,f,other,1,34,5.0,9,1,0,71
1175,Operations,region_2,Bachelors,f,sourcing,1,39,5.0,10,1,0,63
12229,Procurement,region_2,Bachelors,f,other,1,44,5.0,5,1,0,67
9984,Analytics,region_22,Bachelors,f,other,1,27,,1,1,0,84
73892,Procurement,region_15,Masters & above,f,other,1,32,3.0,3,0,0,67
67444,Analytics,region_31,Bachelors,m,other,2,32,4.0,3,0,1,89
31560,Finance,region_31,Bachelors,m,other,1,32,3.0,7,0,0,60
75343,Sales & Marketing,region_22,Bachelors,m,sourcing,4,32,3.0,8,0,0,51
14786,Sales & Marketing,region_5,Masters & above,f,other,1,35,4.0,10,0,0,52
7280,Operations,region_13,Masters & above,m,other,1,42,5.0,13,1,0,60
73858,Sales & Marketing,region_25,Bachelors,m,sourcing,2,28,2.0,5,0,0,45
57405,Sales & Marketing,region_11,Bachelors,m,sourcing,1,35,5.0,9,1,0,48
29148,Procurement,region_2,Bachelors,m,sourcing,2,42,3.0,6,0,0,67
17835,Technology,region_16,Bachelors,m,other,1,32,3.0,5,0,0,80
16268,Analytics,region_2,Bachelors,m,other,2,27,3.0,7,1,0,85
43792,Sales & Marketing,region_2,Masters & above,m,sourcing,2,34,5.0,6,1,0,53
71719,Operations,region_20,Masters & above,m,other,1,34,3.0,3,1,0,59
25786,Sales & Marketing,region_22,Bachelors,m,sourcing,2,37,3.0,2,1,0,45
74838,Sales & Marketing,region_4,Bachelors,m,other,1,33,2.0,2,1,0,53
16987,Sales & Marketing,region_31,,m,other,1,26,2.0,3,1,0,54
6492,Operations,region_7,Bachelors,f,other,1,41,5.0,9,1,0,61
13788,Procurement,region_22,Bachelors,m,sourcing,1,30,,1,1,0,69
52087,Procurement,region_27,Bachelors,f,sourcing,2,29,3.0,2,0,0,72
72095,Sales & Marketing,region_4,Bachelors,m,sourcing,1,34,1.0,10,1,1,94
13515,Analytics,region_22,Masters & above,m,sourcing,1,36,5.0,7,1,0,83
22956,Finance,region_2,Below Secondary,f,sourcing,1,25,3.0,4,1,0,57
72970,Procurement,region_2,Bachelors,f,sourcing,1,54,3.0,17,0,0,71
44002,Finance,region_27,Bachelors,m,other,2,34,3.0,5,0,0,59
42650,Sales & Marketing,region_7,Bachelors,m,other,1,53,4.0,10,1,0,45
10184,Sales & Marketing,region_20,Bachelors,m,other,3,38,1.0,2,0,0,49
62909,Sales & Marketing,region_7,Bachelors,m,other,1,39,5.0,13,1,0,46
8152,Sales & Marketing,region_1,Bachelors,m,sourcing,2,29,5.0,4,1,0,48
66325,Operations,region_13,Bachelors,m,sourcing,1,34,4.0,5,1,0,60
30663,R&D,region_2,Bachelors,m,other,1,32,3.0,6,1,0,85
73646,Sales & Marketing,region_31,Bachelors,m,other,1,38,4.0,7,0,0,45
51762,R&D,region_4,Masters & above,m,sourcing,1,36,3.0,4,0,0,88
76267,R&D,region_4,Bachelors,m,sourcing,1,32,5.0,4,1,0,86
32255,Sales & Marketing,region_20,Bachelors,f,other,2,32,3.0,5,1,0,56
12814,Operations,region_15,Masters & above,m,referred,2,34,5.0,7,1,0,57
68893,Sales & Marketing,region_2,Bachelors,m,other,1,37,5.0,9,1,0,50
14928,Analytics,region_13,Bachelors,m,other,1,27,5.0,2,1,0,84
39355,Sales & Marketing,region_2,,m,other,2,29,,1,0,0,48
55071,Operations,region_19,Bachelors,m,sourcing,1,44,5.0,16,1,0,62
75266,Operations,region_12,Bachelors,f,other,1,26,3.0,1,1,0,57
62731,Procurement,region_30,Masters & above,f,sourcing,1,35,4.0,5,0,0,71
37512,Legal,region_22,Bachelors,m,sourcing,1,32,4.0,3,0,0,60
15639,Sales & Marketing,region_22,Bachelors,m,sourcing,2,31,1.0,2,0,0,49
64304,Procurement,region_22,Bachelors,f,other,1,34,5.0,5,1,0,69
56311,Legal,region_22,Bachelors,f,sourcing,1,30,3.0,4,0,0,61
20859,Technology,region_5,Bachelors,f,other,1,37,3.0,10,0,0,82
36803,Finance,region_2,Bachelors,m,sourcing,3,30,5.0,5,0,0,57
39129,Analytics,region_22,Bachelors,m,sourcing,1,38,5.0,2,1,0,86
64186,Sales & Marketing,region_2,Masters & above,m,other,2,45,3.0,16,0,0,46
16522,Operations,region_19,Masters & above,m,sourcing,1,34,4.0,7,0,0,64
28148,Sales & Marketing,region_8,Bachelors,m,other,1,35,4.0,7,1,0,51
61411,Operations,region_22,Bachelors,m,sourcing,1,32,1.0,8,0,0,53
69081,Sales & Marketing,region_15,Bachelors,m,other,2,25,2.0,3,0,0,46
27065,Technology,region_27,Bachelors,f,other,1,29,,1,1,0,86
37390,Sales & Marketing,region_22,Masters & above,m,other,1,34,3.0,4,1,0,47
31926,Operations,region_27,Bachelors,m,other,1,40,3.0,7,1,0,62
37205,Procurement,region_17,Masters & above,f,sourcing,1,49,4.0,20,1,0,67
7725,Technology,region_26,Bachelors,m,other,1,47,3.0,4,0,0,87
9610,Sales & Marketing,region_20,Bachelors,m,sourcing,1,40,5.0,6,0,0,48
9086,Operations,region_29,Bachelors,f,other,1,34,3.0,7,0,0,62
18071,Sales & Marketing,region_27,Bachelors,f,other,1,27,1.0,2,0,0,50
58393,Sales & Marketing,region_25,Masters & above,m,sourcing,1,38,5.0,12,1,0,49
10662,Sales & Marketing,region_7,Bachelors,f,sourcing,1,38,5.0,8,0,0,52
70300,HR,region_22,Bachelors,f,sourcing,2,23,,1,0,0,50
56681,Procurement,region_23,Masters & above,f,sourcing,1,36,3.0,6,0,0,75
25381,Sales & Marketing,region_7,Masters & above,m,sourcing,1,35,2.0,7,0,0,51
8535,Sales & Marketing,region_31,Masters & above,m,other,1,41,1.0,5,0,0,53
50235,Operations,region_2,Bachelors,m,sourcing,1,37,1.0,10,0,0,62
60889,Technology,region_29,Masters & above,m,sourcing,1,30,1.0,3,0,0,83
8700,Operations,region_16,Bachelors,f,sourcing,1,33,4.0,7,0,0,58
2619,Technology,region_2,Bachelors,f,sourcing,1,39,4.0,4,1,0,81
35561,Operations,region_15,Bachelors,m,other,2,40,3.0,9,1,0,58
59883,Sales & Marketing,region_15,Bachelors,f,other,1,32,5.0,5,0,0,55
3990,Technology,region_10,Bachelors,m,other,1,27,5.0,4,0,1,81
63366,Sales & Marketing,region_1,Bachelors,m,other,1,37,3.0,8,0,0,53
35132,Analytics,region_2,Bachelors,m,other,1,31,,1,1,0,84
70607,HR,region_19,Bachelors,m,other,1,31,3.0,4,1,0,47
5126,Sales & Marketing,region_19,Bachelors,m,other,1,38,1.0,3,1,0,52
69700,HR,region_2,Bachelors,f,other,1,55,3.0,24,0,0,50
34744,HR,region_5,Below Secondary,f,other,1,22,,1,1,0,89
47228,Operations,region_14,Masters & above,f,sourcing,1,37,3.0,7,0,0,59
29980,Technology,region_2,Bachelors,m,sourcing,1,30,,1,1,0,79
36641,Procurement,region_2,Bachelors,f,sourcing,1,37,3.0,8,0,0,66
41817,Sales & Marketing,region_32,,m,other,1,25,5.0,2,0,0,49
52239,Sales & Marketing,region_20,Bachelors,m,other,3,26,,1,0,0,44
72001,Sales & Marketing,region_2,Bachelors,m,sourcing,1,31,4.0,6,1,0,46
54180,HR,region_2,Bachelors,m,sourcing,1,25,5.0,3,1,0,47
1019,Sales & Marketing,region_31,Bachelors,f,sourcing,1,34,4.0,7,0,0,48
55788,Finance,region_2,Bachelors,m,other,1,49,5.0,16,1,0,56
56212,Sales & Marketing,region_7,Bachelors,m,sourcing,3,28,1.0,5,0,0,52
73941,Technology,region_10,Masters & above,m,other,1,45,3.0,9,0,0,80
45384,Sales & Marketing,region_10,Bachelors,m,other,1,36,3.0,3,0,0,49
65678,Procurement,region_20,Bachelors,m,sourcing,1,35,5.0,7,1,0,69
50893,HR,region_22,Masters & above,f,sourcing,1,32,5.0,3,1,0,50
47989,Procurement,region_2,Bachelors,f,sourcing,1,38,5.0,9,1,0,71
28103,Operations,region_2,Masters & above,f,sourcing,3,52,5.0,2,0,0,71
77137,Operations,region_15,Bachelors,f,other,1,32,3.0,7,1,0,60
19162,Finance,region_6,Bachelors,m,other,1,25,3.0,2,1,0,64
41671,Operations,region_15,Bachelors,f,sourcing,1,30,,1,0,0,61
13965,Analytics,region_22,Bachelors,m,sourcing,2,26,,1,0,0,86
17795,HR,region_2,Bachelors,m,other,1,38,5.0,4,1,0,53
76994,Sales & Marketing,region_2,,m,other,2,27,4.0,2,1,0,48
55133,Operations,region_9,Bachelors,m,sourcing,1,25,1.0,4,0,0,62
21828,Sales & Marketing,region_22,Bachelors,m,sourcing,2,33,,1,0,0,54
11879,Sales & Marketing,region_14,Bachelors,m,other,1,33,5.0,8,1,0,48
47777,Sales & Marketing,region_31,Bachelors,m,other,1,30,5.0,7,0,0,48
63879,Finance,region_22,Bachelors,m,sourcing,1,26,5.0,4,1,0,59
32556,Technology,region_15,Bachelors,m,other,1,32,2.0,3,0,0,77
11663,Sales & Marketing,region_16,Bachelors,m,sourcing,1,39,1.0,2,0,0,49
2236,Procurement,region_2,Bachelors,f,sourcing,1,32,5.0,7,0,0,86
36976,Legal,region_22,Bachelors,m,sourcing,1,30,3.0,3,0,0,59
14370,HR,region_2,Bachelors,f,sourcing,1,32,4.0,4,0,0,48
21452,Sales & Marketing,region_27,Bachelors,m,other,1,36,3.0,10,0,0,51
35329,Operations,region_7,Masters & above,m,sourcing,1,32,2.0,7,0,0,62
13332,Finance,region_26,Bachelors,m,other,1,27,5.0,2,1,1,56
3908,Analytics,region_13,Bachelors,m,other,2,41,5.0,12,1,0,86
19596,Sales & Marketing,region_7,Bachelors,m,other,1,40,5.0,6,0,0,50
51072,Procurement,region_2,Masters & above,m,sourcing,1,54,4.0,11,0,0,75
25837,Technology,region_22,Bachelors,m,sourcing,1,29,3.0,5,0,0,86
39480,Sales & Marketing,region_13,Bachelors,f,other,1,30,5.0,6,0,0,51
40771,HR,region_12,Bachelors,m,sourcing,1,30,5.0,8,0,0,50
18219,Technology,region_15,Masters & above,f,sourcing,1,32,1.0,8,0,0,77
68424,HR,region_2,Masters & above,m,sourcing,2,39,5.0,4,1,0,52
5229,Operations,region_16,Masters & above,m,other,1,32,3.0,4,1,0,59
26134,Operations,region_15,Bachelors,m,other,1,46,5.0,19,1,0,62
36220,Finance,region_2,Bachelors,f,other,1,39,3.0,12,0,0,59
23804,Technology,region_1,Masters & above,m,other,1,32,3.0,6,0,0,83
63174,Analytics,region_7,Bachelors,m,sourcing,1,27,,1,1,0,79
52244,Sales & Marketing,region_26,Bachelors,m,sourcing,1,36,1.0,8,0,0,50
31174,Procurement,region_8,Bachelors,m,sourcing,1,30,2.0,4,0,0,68
65627,Sales & Marketing,region_17,Bachelors,m,sourcing,1,29,,1,1,0,49
2109,Technology,region_7,Bachelors,m,other,1,30,3.0,5,1,0,78
66128,Operations,region_2,Bachelors,m,other,1,35,5.0,3,1,0,56
24804,Procurement,region_17,Bachelors,m,sourcing,1,30,3.0,6,0,0,70
46435,Operations,region_24,Masters & above,m,sourcing,1,33,2.0,3,1,0,56
69894,Sales & Marketing,region_22,Masters & above,f,other,1,30,2.0,3,0,0,48
72429,Analytics,region_13,Bachelors,m,sourcing,1,36,3.0,10,1,0,85
66028,Technology,region_13,Bachelors,f,other,2,30,3.0,2,0,0,77
62662,Sales & Marketing,region_11,Bachelors,m,sourcing,1,43,3.0,17,0,0,52
49668,Operations,region_2,Bachelors,m,sourcing,2,32,,1,1,0,57
30370,Operations,region_27,Bachelors,m,sourcing,1,40,5.0,5,1,0,61
12571,Operations,region_16,Masters & above,f,other,1,37,4.0,8,0,0,59
54022,Finance,region_28,Bachelors,m,sourcing,1,29,5.0,3,1,0,60
10732,Analytics,region_2,Bachelors,m,other,1,31,5.0,5,1,0,92
78223,R&D,region_4,Masters & above,m,other,1,34,5.0,3,0,0,87
13466,Operations,region_15,Bachelors,m,sourcing,1,43,4.0,16,0,0,59
22015,Technology,region_17,Bachelors,f,sourcing,1,29,3.0,2,0,0,76
21438,Sales & Marketing,region_26,Bachelors,f,sourcing,1,28,3.0,4,0,0,49
52398,Sales & Marketing,region_19,Bachelors,m,sourcing,1,31,3.0,3,1,0,50
66891,Sales & Marketing,region_26,Bachelors,m,other,1,43,1.0,3,0,0,49
4309,Finance,region_34,Bachelors,m,other,1,28,,1,0,0,60
20112,Sales & Marketing,region_23,,m,other,1,34,1.0,2,0,0,49
77945,Analytics,region_2,Masters & above,m,other,1,40,4.0,7,0,0,89
59531,Sales & Marketing,region_22,Bachelors,m,sourcing,1,30,2.0,7,1,0,48
7672,Operations,region_19,Bachelors,m,other,1,44,1.0,13,0,0,65
63064,Procurement,region_12,Bachelors,f,sourcing,1,32,4.0,6,1,0,70
11880,Legal,region_13,Masters & above,m,sourcing,1,38,4.0,7,0,0,64
11778,Technology,region_20,Masters & above,m,other,2,42,5.0,13,1,0,82
64375,Sales & Marketing,region_10,Masters & above,f,other,1,31,2.0,2,1,0,53
71093,Procurement,region_23,Masters & above,m,other,1,44,4.0,7,1,0,68
40513,Operations,region_22,Bachelors,f,other,1,52,3.0,8,1,0,61
38408,Technology,region_31,Bachelors,f,other,1,28,3.0,4,1,1,78
47417,Operations,region_31,,m,other,1,28,3.0,6,0,0,60
12503,Technology,region_2,Bachelors,f,sourcing,1,33,5.0,8,1,0,82
31726,Procurement,region_14,Bachelors,f,other,1,32,3.0,3,1,0,69
65069,Sales & Marketing,region_2,Bachelors,m,other,1,37,3.0,3,0,0,52
75734,Analytics,region_27,Bachelors,m,other,1,29,5.0,3,1,0,86
10589,Procurement,region_2,Below Secondary,f,other,1,24,3.0,1,0,0,68
10785,HR,region_2,Bachelors,f,sourcing,1,25,,1,1,0,51
20232,Analytics,region_2,Bachelors,f,other,1,26,4.0,2,1,0,89
10376,Analytics,region_31,Bachelors,m,other,1,39,3.0,10,0,0,86
10311,Sales & Marketing,region_2,Masters & above,m,other,1,50,1.0,3,0,0,55
46873,Sales & Marketing,region_11,Bachelors,m,other,1,35,5.0,6,0,0,58
33868,HR,region_2,Bachelors,f,other,1,30,4.0,3,0,0,48
60552,Operations,region_32,Bachelors,m,other,1,33,3.0,6,1,0,56
25364,Finance,region_22,Masters & above,m,sourcing,1,34,2.0,9,0,0,59
14449,Analytics,region_7,Bachelors,m,other,2,29,3.0,2,0,0,84
73110,Analytics,region_2,Bachelors,m,sourcing,2,38,5.0,8,0,0,82
27310,Procurement,region_8,Bachelors,m,other,1,38,3.0,10,1,0,68
54165,Operations,region_22,Bachelors,f,sourcing,1,28,,1,0,0,61
2844,Sales & Marketing,region_22,Masters & above,m,sourcing,1,52,3.0,11,0,0,48
77839,Procurement,region_22,Masters & above,m,sourcing,1,52,3.0,23,0,0,70
50956,Operations,region_5,Bachelors,m,other,1,32,3.0,4,1,0,57
63418,Sales & Marketing,region_2,Bachelors,m,other,1,47,5.0,13,0,0,50
53086,Technology,region_2,Masters & above,m,other,1,36,1.0,7,0,0,80
73147,Operations,region_7,Bachelors,f,sourcing,2,26,5.0,2,1,0,58
19119,Sales & Marketing,region_2,Bachelors,m,referred,1,31,5.0,10,0,0,49
45905,HR,region_31,Bachelors,m,other,1,27,5.0,4,1,0,54
62484,Sales & Marketing,region_21,Masters & above,m,sourcing,3,43,1.0,5,0,0,49
18382,Sales & Marketing,region_31,Bachelors,m,other,1,28,5.0,4,1,0,51
54713,Technology,region_8,Bachelors,m,other,1,31,5.0,4,1,0,81
72527,Analytics,region_32,,m,sourcing,1,26,3.0,1,1,0,81
14359,Sales & Marketing,region_16,Bachelors,m,other,1,42,2.0,16,0,0,52
58947,Sales & Marketing,region_3,Bachelors,m,other,1,29,5.0,2,1,0,48
17817,Procurement,region_4,Masters & above,m,other,3,33,5.0,5,1,0,73
77372,Operations,region_14,Bachelors,f,other,1,28,2.0,5,0,0,56
28987,Operations,region_7,Bachelors,m,sourcing,3,38,3.0,10,0,0,62
58255,Sales & Marketing,region_13,Bachelors,m,other,2,26,1.0,2,0,0,45
46473,Analytics,region_23,Masters & above,m,sourcing,1,36,5.0,2,1,0,84
39452,Sales & Marketing,region_19,Bachelors,m,sourcing,1,38,3.0,8,0,0,52
75993,Procurement,region_2,Bachelors,f,other,1,50,5.0,7,0,1,95
15698,Technology,region_22,Bachelors,m,referred,1,30,3.0,7,0,0,77
62366,Procurement,region_17,Bachelors,f,sourcing,1,33,3.0,6,0,0,70
42586,Procurement,region_24,Masters & above,m,other,1,31,3.0,9,0,0,68
66729,Operations,region_2,Masters & above,m,sourcing,1,35,3.0,6,1,0,59
35542,Technology,region_12,Bachelors,f,other,1,28,3.0,2,0,0,78
44140,Operations,region_13,Masters & above,f,other,1,51,5.0,17,0,0,62
45853,Technology,region_25,Bachelors,f,other,1,29,4.0,5,0,0,76
69188,Procurement,region_2,Masters & above,f,other,1,43,4.0,7,1,0,81
22101,Sales & Marketing,region_22,Bachelors,f,sourcing,1,31,1.0,4,0,0,50
47929,Sales & Marketing,region_30,Bachelors,m,sourcing,2,40,4.0,5,0,0,47
6452,Finance,region_2,Masters & above,m,other,1,49,4.0,7,1,0,62
30233,Sales & Marketing,region_15,Bachelors,m,other,1,37,4.0,9,0,0,50
53629,Sales & Marketing,region_13,Bachelors,m,other,1,45,5.0,5,0,0,54
46589,Sales & Marketing,region_13,Bachelors,m,other,1,38,2.0,10,0,0,49
6320,Sales & Marketing,region_27,Bachelors,m,sourcing,1,30,5.0,3,1,0,47
73467,Sales & Marketing,region_7,Masters & above,f,other,1,45,3.0,6,0,0,49
7003,Sales & Marketing,region_7,Bachelors,m,sourcing,1,41,5.0,11,0,0,54
8141,Technology,region_2,Bachelors,m,other,1,34,2.0,6,0,0,77
73487,Sales & Marketing,region_22,Bachelors,m,other,1,22,,1,0,0,46
18134,Procurement,region_2,,f,sourcing,1,41,3.0,10,0,0,64
55503,Sales & Marketing,region_10,Bachelors,m,sourcing,1,28,3.0,1,0,0,47
40733,Procurement,region_6,Bachelors,f,other,2,32,4.0,6,1,0,70
13665,Operations,region_2,,f,sourcing,1,42,5.0,7,1,0,59
47871,Sales & Marketing,region_13,Bachelors,m,sourcing,2,36,4.0,6,0,0,47
36534,Technology,region_15,Bachelors,m,sourcing,3,29,4.0,5,1,0,80
41554,Technology,region_8,Masters & above,f,other,1,34,5.0,5,1,0,78
18740,Analytics,region_32,,m,other,2,27,,1,1,0,84
64654,Analytics,region_34,Bachelors,m,sourcing,1,35,3.0,9,0,0,82
71446,Operations,region_16,,f,other,1,31,5.0,7,1,0,64
38624,Technology,region_26,Bachelors,m,other,1,32,4.0,5,1,0,84
17449,Technology,region_7,Bachelors,m,other,1,36,3.0,3,1,0,80
22830,Analytics,region_32,,m,sourcing,2,28,,1,0,0,89
72947,HR,region_7,Bachelors,m,sourcing,2,34,3.0,4,0,0,47
15470,Technology,region_30,Bachelors,m,other,1,25,4.0,3,1,0,78
27561,Operations,region_27,Bachelors,f,sourcing,1,26,5.0,3,0,0,56
77073,Operations,region_2,Bachelors,f,other,1,30,4.0,4,1,0,60
34095,Operations,region_28,Bachelors,f,sourcing,1,31,3.0,4,0,0,62
50051,Analytics,region_8,Bachelors,m,sourcing,1,31,5.0,7,1,0,85
32661,Operations,region_2,Bachelors,f,other,1,49,5.0,3,1,0,62
51646,Analytics,region_22,Masters & above,m,other,1,36,3.0,9,0,0,85
11414,Operations,region_27,Masters & above,m,other,1,40,4.0,11,0,0,59
77940,Sales & Marketing,region_19,Bachelors,m,sourcing,1,26,1.0,3,0,0,51
17501,Analytics,region_5,Bachelors,m,other,1,27,1.0,3,0,0,87
39757,HR,region_22,Bachelors,m,other,1,35,3.0,8,0,0,49
5328,Operations,region_16,Bachelors,f,sourcing,1,31,3.0,2,1,0,57
6103,Finance,region_22,Bachelors,m,other,3,28,2.0,4,0,0,54
28882,Sales & Marketing,region_13,Bachelors,m,other,1,54,4.0,3,0,0,52
20202,R&D,region_7,Masters & above,m,other,1,32,,1,1,0,85
52171,Procurement,region_13,Masters & above,m,other,1,42,3.0,14,0,0,72
36303,Sales & Marketing,region_28,Bachelors,m,other,1,31,4.0,7,0,0,47
51777,HR,region_2,Bachelors,f,other,1,52,5.0,16,0,0,48
63984,Sales & Marketing,region_24,,f,sourcing,1,30,1.0,4,0,0,51
42475,Sales & Marketing,region_7,Bachelors,m,other,1,48,1.0,8,0,0,49
78096,Sales & Marketing,region_2,Bachelors,f,sourcing,1,53,3.0,26,0,0,45
65205,Legal,region_7,Masters & above,m,other,1,55,1.0,17,0,0,58
60943,Sales & Marketing,region_4,Bachelors,m,sourcing,1,40,1.0,9,0,0,54
52200,Operations,region_10,Bachelors,m,sourcing,1,41,3.0,13,0,0,61
35187,Sales & Marketing,region_22,Bachelors,m,sourcing,3,27,3.0,2,0,0,49
68981,Operations,region_22,Masters & above,m,referred,1,40,5.0,8,1,0,61
18632,Sales & Marketing,region_27,Bachelors,m,other,1,31,5.0,3,0,0,55
42295,HR,region_2,Masters & above,f,sourcing,1,46,3.0,3,0,0,50
8686,HR,region_6,Bachelors,m,other,2,31,5.0,5,0,0,48
35508,Operations,region_22,Bachelors,f,sourcing,1,33,3.0,3,1,0,55
68781,Finance,region_2,Bachelors,m,other,1,51,5.0,13,0,0,59
71492,Analytics,region_13,Bachelors,m,sourcing,3,24,4.0,2,0,0,87
65324,Procurement,region_22,Bachelors,m,other,1,28,,1,1,0,68
1913,Technology,region_26,Bachelors,m,other,1,43,3.0,14,0,0,83
75801,Procurement,region_12,Bachelors,f,other,1,34,3.0,8,0,0,72
21910,Operations,region_15,,m,sourcing,1,30,2.0,6,0,0,58
26300,Technology,region_3,Masters & above,m,sourcing,1,33,3.0,5,0,0,76
11331,Technology,region_31,Masters & above,f,sourcing,1,34,3.0,2,0,0,81
10521,Operations,region_2,Bachelors,f,other,1,57,5.0,18,1,0,59
64138,Procurement,region_7,Bachelors,f,other,1,53,4.0,3,1,0,67
63442,Operations,region_8,Bachelors,m,sourcing,1,27,5.0,3,0,0,61
67440,Operations,region_13,Bachelors,f,other,1,26,3.0,2,0,0,58
77657,Finance,region_23,Bachelors,m,sourcing,2,35,5.0,5,0,0,62
27742,Sales & Marketing,region_8,Bachelors,m,other,1,26,,1,0,0,50
59234,Sales & Marketing,region_13,Masters & above,m,sourcing,1,39,1.0,9,0,0,53
21042,Operations,region_4,Bachelors,f,sourcing,1,26,3.0,5,0,0,60
37759,Sales & Marketing,region_9,Bachelors,m,other,1,28,5.0,3,0,0,49
3899,Operations,region_25,Bachelors,m,other,1,28,5.0,5,1,0,60
45913,Sales & Marketing,region_31,Bachelors,m,other,1,27,1.0,2,0,0,55
38656,Operations,region_15,Bachelors,m,sourcing,1,33,1.0,2,0,0,62
20118,Sales & Marketing,region_13,Bachelors,m,other,1,54,3.0,5,0,0,47
75539,Sales & Marketing,region_2,Bachelors,m,sourcing,2,27,5.0,2,0,0,54
58392,Technology,region_7,Masters & above,m,referred,1,33,4.0,7,0,0,80
74420,Technology,region_2,Bachelors,m,sourcing,1,27,3.0,6,0,0,82
8862,Operations,region_22,Bachelors,f,other,2,29,5.0,4,1,0,60
56075,Sales & Marketing,region_26,,m,other,1,33,1.0,5,0,0,48
51821,Procurement,region_13,Masters & above,m,other,2,39,3.0,7,0,0,70
59604,Procurement,region_13,Bachelors,m,other,2,32,3.0,6,0,0,69
17485,Procurement,region_2,Masters & above,m,sourcing,1,44,1.0,5,0,0,74
21926,Finance,region_27,Bachelors,m,other,1,37,3.0,2,1,0,58
70064,Technology,region_8,Bachelors,m,sourcing,2,28,3.0,4,0,0,79
11319,Finance,region_22,,m,sourcing,1,28,3.0,2,1,0,59
44337,Procurement,region_2,Below Secondary,f,other,2,21,,1,1,0,71
23888,Procurement,region_2,Bachelors,m,other,1,50,3.0,17,0,0,66
3000,Operations,region_26,Bachelors,f,sourcing,1,38,5.0,11,0,0,63
61744,Procurement,region_2,Masters & above,m,sourcing,2,49,5.0,7,0,0,71
60310,HR,region_7,Bachelors,f,sourcing,1,25,,1,0,0,46
17378,HR,region_20,Masters & above,m,sourcing,1,33,3.0,4,1,0,53
40926,Operations,region_20,Masters & above,m,sourcing,1,42,3.0,7,0,0,57
16696,Sales & Marketing,region_21,Masters & above,m,sourcing,1,33,1.0,5,0,0,49
44500,Procurement,region_29,Bachelors,f,other,1,29,3.0,2,1,0,65
53469,Operations,region_22,Bachelors,m,referred,1,31,5.0,4,1,0,59
54973,Analytics,region_34,Bachelors,m,other,1,27,,1,1,0,88
6724,Technology,region_33,Bachelors,m,sourcing,1,30,3.0,4,0,0,82
35265,Operations,region_7,Bachelors,m,other,1,54,3.0,17,0,0,58
28030,Technology,region_2,Bachelors,f,other,3,26,3.0,3,0,0,79
19963,Technology,region_2,Masters & above,m,other,3,33,4.0,3,0,0,78
11482,R&D,region_13,Masters & above,m,sourcing,1,36,3.0,7,1,0,81
8602,Sales & Marketing,region_21,Bachelors,m,other,1,37,3.0,11,0,0,48
4720,Finance,region_16,Bachelors,m,sourcing,2,32,3.0,2,0,0,58
71099,Technology,region_23,Bachelors,m,other,1,31,5.0,7,1,1,80
58498,Operations,region_4,Masters & above,m,other,1,36,5.0,6,1,0,60
25543,Operations,region_15,Masters & above,f,other,1,44,1.0,2,0,0,63
36473,Procurement,region_10,Masters & above,m,other,1,33,5.0,2,1,0,73
21824,Sales & Marketing,region_4,Masters & above,m,sourcing,2,43,5.0,6,1,0,53
50790,Sales & Marketing,region_7,Bachelors,m,sourcing,1,39,2.0,9,0,0,50
68861,Sales & Marketing,region_2,Bachelors,m,other,1,49,5.0,11,0,0,51
25765,Operations,region_15,Bachelors,m,sourcing,1,40,4.0,4,0,0,55
41843,Sales & Marketing,region_28,Bachelors,m,sourcing,1,35,5.0,2,0,0,49
61497,Sales & Marketing,region_22,Bachelors,m,referred,2,30,,1,0,0,48
59105,Operations,region_31,Bachelors,m,sourcing,1,33,5.0,8,1,0,57
30620,Sales & Marketing,region_13,Bachelors,f,sourcing,1,29,1.0,3,0,0,45
42264,R&D,region_7,Bachelors,f,other,1,30,,1,1,0,83
59257,Operations,region_2,Bachelors,m,sourcing,3,54,5.0,18,0,0,58
50912,Operations,region_14,Bachelors,m,other,1,30,3.0,8,0,0,54
58822,Operations,region_15,Bachelors,m,other,1,37,5.0,10,1,0,57
50426,Sales & Marketing,region_7,Bachelors,f,other,2,29,3.0,3,0,0,49
62936,Sales & Marketing,region_29,Bachelors,m,other,2,27,5.0,5,1,0,48
32592,Operations,region_16,Masters & above,f,other,1,38,5.0,10,0,0,58
10943,Procurement,region_2,Masters & above,m,sourcing,1,47,3.0,17,1,0,69
38957,Procurement,region_34,Bachelors,m,other,1,29,3.0,3,1,0,73
52588,Sales & Marketing,region_22,Bachelors,m,other,1,27,4.0,2,1,0,47
37287,Finance,region_2,Bachelors,m,other,2,26,3.0,3,0,0,58
53241,Procurement,region_16,Masters & above,f,sourcing,1,36,3.0,9,0,0,76
44734,Technology,region_14,Bachelors,m,sourcing,1,31,4.0,4,1,0,81
24885,Analytics,region_2,Bachelors,m,other,1,36,5.0,9,0,0,85
35045,Technology,region_10,Bachelors,f,other,1,28,4.0,2,1,0,83
66841,Operations,region_22,Masters & above,f,sourcing,2,41,5.0,7,0,0,62
73810,Sales & Marketing,region_14,Masters & above,m,sourcing,2,35,3.0,7,0,0,48
73772,Sales & Marketing,region_4,Bachelors,m,other,1,24,,1,0,0,50
11497,Procurement,region_23,Masters & above,f,sourcing,1,37,4.0,4,1,0,71
30963,Sales & Marketing,region_4,Masters & above,f,other,1,34,3.0,4,0,0,52
42917,Sales & Marketing,region_14,,m,other,1,24,,1,0,0,50
71934,Sales & Marketing,region_11,Masters & above,m,other,1,29,3.0,4,0,0,51
74691,Operations,region_22,Bachelors,m,other,1,33,3.0,5,1,0,56
65657,Technology,region_14,Bachelors,f,sourcing,1,43,2.0,5,1,0,81
41070,Procurement,region_27,Bachelors,m,other,1,34,3.0,8,0,0,78
37310,Sales & Marketing,region_11,Bachelors,m,other,1,24,,1,0,0,45
45915,Sales & Marketing,region_13,Bachelors,m,sourcing,1,38,1.0,5,0,0,47
5885,Sales & Marketing,region_25,Bachelors,m,other,1,42,3.0,15,0,0,45
4093,Technology,region_24,Masters & above,m,sourcing,1,34,3.0,5,0,0,76
42830,Operations,region_20,Bachelors,m,other,1,30,4.0,8,0,0,64
44787,Technology,region_4,Bachelors,m,other,3,31,3.0,2,0,0,77
69113,HR,region_28,Masters & above,m,other,1,35,4.0,9,0,0,49
10573,Legal,region_27,Bachelors,m,other,1,35,3.0,5,0,0,58
44186,Procurement,region_22,Bachelors,m,other,1,57,5.0,15,1,0,72
49132,Technology,region_16,Below Secondary,m,sourcing,1,25,,1,1,0,84
71042,Sales & Marketing,region_13,Bachelors,m,other,2,34,1.0,3,0,0,52
29068,Sales & Marketing,region_7,Masters & above,m,sourcing,2,43,3.0,12,0,0,51
53457,Sales & Marketing,region_15,,m,sourcing,1,36,1.0,17,0,0,52
30884,Sales & Marketing,region_2,,f,sourcing,1,23,,1,0,0,49
65221,Operations,region_2,Bachelors,f,sourcing,2,27,4.0,2,0,0,57
49282,Sales & Marketing,region_5,Bachelors,m,other,2,44,1.0,5,0,0,48
4029,Operations,region_13,Bachelors,m,other,1,43,5.0,11,1,0,62
37688,Sales & Marketing,region_31,Bachelors,m,other,3,27,3.0,3,0,0,50
41980,Finance,region_7,Masters & above,m,other,1,36,3.0,7,0,0,59
36947,Analytics,region_23,Bachelors,m,other,1,36,4.0,2,0,0,89
3371,Procurement,region_17,Bachelors,m,sourcing,1,41,2.0,10,0,0,71
31475,HR,region_8,Bachelors,f,other,2,28,5.0,5,1,0,47
77439,Sales & Marketing,region_7,Masters & above,f,other,1,38,1.0,4,0,0,49
336,Sales & Marketing,region_15,Bachelors,m,sourcing,1,46,3.0,19,0,0,51
43949,Sales & Marketing,region_1,Bachelors,m,sourcing,2,30,3.0,7,0,0,50
39163,Analytics,region_34,Bachelors,m,other,1,36,5.0,5,0,0,87
11336,Sales & Marketing,region_26,Bachelors,m,sourcing,1,41,5.0,13,0,0,55
2900,HR,region_6,Bachelors,m,other,1,26,4.0,2,1,0,50
32489,Sales & Marketing,region_28,Masters & above,m,sourcing,1,38,2.0,3,0,0,48
29419,Technology,region_26,Masters & above,m,sourcing,1,43,3.0,4,0,0,84
59632,Finance,region_2,Bachelors,m,sourcing,1,32,,1,1,0,58
17711,R&D,region_15,Bachelors,m,other,1,28,5.0,2,0,0,84
76888,Technology,region_31,Bachelors,m,other,1,33,3.0,6,0,0,78
6256,Technology,region_7,Bachelors,f,other,1,34,1.0,8,0,0,78
20535,Sales & Marketing,region_34,Bachelors,m,other,2,32,5.0,3,0,0,51
54277,Sales & Marketing,region_9,Masters & above,m,sourcing,1,32,4.0,9,0,0,50
30295,Operations,region_27,Masters & above,m,other,1,48,3.0,19,0,0,62
55313,Operations,region_12,Masters & above,m,sourcing,1,40,4.0,3,0,0,63
37493,Operations,region_15,Bachelors,m,other,1,37,3.0,9,0,0,57
54372,Operations,region_22,Masters & above,m,other,1,54,3.0,16,0,0,61
76703,Operations,region_2,Bachelors,f,other,2,32,5.0,5,1,0,63
53616,Analytics,region_22,Bachelors,m,sourcing,2,27,3.0,3,1,0,82
54046,Technology,region_2,Bachelors,f,sourcing,2,50,3.0,19,0,0,81
9595,Sales & Marketing,region_27,Bachelors,m,other,1,36,1.0,3,0,0,48
68403,Sales & Marketing,region_22,Bachelors,m,sourcing,5,29,3.0,5,0,0,51
66436,Sales & Marketing,region_9,Bachelors,m,sourcing,1,32,1.0,3,0,0,48
28633,Operations,region_2,Bachelors,f,other,1,39,1.0,6,0,0,62
8830,Operations,region_15,Masters & above,m,sourcing,1,48,4.0,9,0,0,56
41316,Sales & Marketing,region_32,Bachelors,m,sourcing,1,37,1.0,9,0,0,50
17741,Procurement,region_7,Below Secondary,m,sourcing,2,24,3.0,3,0,0,73
43795,Operations,region_15,Bachelors,f,other,1,39,4.0,4,0,0,55
71986,R&D,region_22,Bachelors,m,sourcing,1,30,,1,0,0,86
68678,Technology,region_17,Bachelors,m,sourcing,1,30,5.0,7,1,0,82
49704,Sales & Marketing,region_23,Bachelors,m,sourcing,1,27,4.0,3,0,0,52
32750,Sales & Marketing,region_28,Masters & above,m,sourcing,1,30,3.0,8,1,0,47
7051,Legal,region_7,Bachelors,m,other,1,27,3.0,1,1,0,57
20903,Sales & Marketing,region_2,Masters & above,m,other,1,53,1.0,14,0,0,47
48970,HR,region_2,Bachelors,m,other,1,53,1.0,3,0,0,49
63874,Analytics,region_22,Bachelors,m,sourcing,1,29,2.0,3,0,0,83
69865,Finance,region_2,Bachelors,f,sourcing,1,37,3.0,12,0,0,63
60019,Operations,region_12,Bachelors,f,sourcing,1,28,3.0,1,1,0,58
74737,Sales & Marketing,region_7,Bachelors,m,other,1,29,3.0,4,0,1,95
10479,Analytics,region_4,Bachelors,m,other,1,35,2.0,7,1,0,85
73917,Sales & Marketing,region_2,,f,sourcing,1,25,3.0,2,1,0,51
12119,Sales & Marketing,region_26,Bachelors,m,sourcing,6,28,,1,0,0,50
35447,Technology,region_21,Bachelors,m,other,1,34,3.0,3,0,0,80
10907,Procurement,region_2,Masters & above,m,sourcing,1,41,1.0,2,1,0,69
21094,Sales & Marketing,region_2,Masters & above,m,sourcing,1,53,1.0,23,0,0,51
77783,HR,region_2,Bachelors,f,sourcing,1,28,2.0,7,0,0,49
21269,Operations,region_19,Bachelors,m,sourcing,1,37,2.0,10,0,0,57
71498,Sales & Marketing,region_30,Bachelors,m,sourcing,1,27,3.0,4,0,0,54
29344,Operations,region_2,Bachelors,m,sourcing,1,30,5.0,3,0,0,61
71043,Operations,region_27,Masters & above,m,sourcing,1,52,4.0,21,0,0,60
75895,Sales & Marketing,region_1,Bachelors,m,other,1,31,4.0,6,0,0,50
40542,HR,region_2,Bachelors,f,sourcing,1,28,5.0,4,0,0,51
63035,Technology,region_2,Bachelors,f,other,1,47,4.0,7,0,0,78
50085,HR,region_2,Masters & above,m,sourcing,1,43,3.0,12,0,0,48
4080,HR,region_2,Bachelors,f,other,1,52,2.0,16,0,0,51
60104,Sales & Marketing,region_31,Bachelors,f,other,1,26,3.0,2,0,0,54
55079,Procurement,region_13,Masters & above,f,sourcing,1,33,5.0,5,1,0,66
75955,Sales & Marketing,region_25,Bachelors,m,other,1,31,5.0,7,0,0,61
7558,Procurement,region_11,Bachelors,m,other,1,30,2.0,5,1,0,71
74581,HR,region_2,,m,other,1,30,3.0,2,0,0,52
70981,Analytics,region_31,Bachelors,m,sourcing,1,33,5.0,10,0,0,78
43575,Analytics,region_20,Masters & above,m,sourcing,2,33,4.0,7,0,0,81
55050,Analytics,region_16,Bachelors,m,other,1,34,5.0,9,1,0,85
68773,Procurement,region_31,Bachelors,m,other,1,34,4.0,2,1,0,69
49357,Analytics,region_13,Bachelors,f,sourcing,1,28,4.0,6,0,0,88
10209,Analytics,region_29,Bachelors,m,other,1,27,,1,0,0,84
7980,Technology,region_15,Bachelors,f,sourcing,1,35,4.0,6,0,0,79
33203,Sales & Marketing,region_2,Bachelors,m,sourcing,2,27,,1,0,0,45
12739,Finance,region_2,Bachelors,f,other,2,33,4.0,3,1,0,58
2908,Sales & Marketing,region_11,Masters & above,m,sourcing,1,41,3.0,12,0,0,46
59407,Operations,region_17,Bachelors,f,sourcing,1,26,5.0,2,1,0,60
30497,Analytics,region_31,Bachelors,m,sourcing,1,29,2.0,4,0,0,83
17001,Sales & Marketing,region_21,Bachelors,m,other,1,37,4.0,8,0,0,48
47324,Analytics,region_34,Bachelors,m,other,1,30,5.0,3,1,0,90
54998,Sales & Marketing,region_2,Bachelors,f,other,2,34,3.0,7,1,0,47
68633,Technology,region_3,Bachelors,m,sourcing,1,26,3.0,4,0,0,77
30334,Operations,region_20,Bachelors,m,sourcing,1,29,3.0,1,0,0,60
5130,Sales & Marketing,region_2,Bachelors,m,sourcing,2,53,5.0,11,1,0,48
60042,Operations,region_22,Masters & above,m,other,1,41,5.0,8,0,0,63
31444,Procurement,region_22,Masters & above,m,other,1,31,5.0,4,0,0,73
73075,Technology,region_26,Masters & above,m,other,1,45,3.0,7,0,0,79
34234,Technology,region_27,Bachelors,m,other,1,41,4.0,13,0,0,78
50714,Operations,region_20,Bachelors,f,sourcing,1,29,5.0,3,1,0,59
32226,Technology,region_14,Bachelors,m,other,1,36,4.0,3,1,0,81
63985,Operations,region_20,Bachelors,f,other,2,27,4.0,2,0,0,60
48441,Procurement,region_2,Bachelors,m,sourcing,1,55,1.0,3,1,1,74
16542,Operations,region_26,Bachelors,m,other,2,28,5.0,2,1,0,56
62347,HR,region_5,Masters & above,m,other,1,37,5.0,4,0,1,64
4314,Technology,region_33,Masters & above,m,other,1,48,3.0,5,0,0,81
77179,Technology,region_2,Masters & above,m,sourcing,1,35,4.0,8,0,0,80
77844,Procurement,region_22,Bachelors,f,other,1,33,1.0,10,1,0,68
50997,Analytics,region_22,Bachelors,f,other,1,27,5.0,2,0,0,88
41940,Legal,region_22,Masters & above,m,other,1,33,3.0,3,0,0,61
54681,Procurement,region_17,Masters & above,f,other,2,36,3.0,9,0,1,70
35316,Operations,region_32,Bachelors,m,other,1,39,3.0,5,0,0,59
65237,Sales & Marketing,region_2,Bachelors,m,sourcing,2,43,1.0,14,0,0,52
16475,Operations,region_7,Bachelors,m,other,1,56,5.0,25,1,0,59
27566,Sales & Marketing,region_24,Bachelors,m,sourcing,1,31,3.0,3,0,0,56
47005,Technology,region_22,Bachelors,m,other,3,28,,1,0,0,80
53877,Procurement,region_11,Bachelors,f,other,1,31,3.0,4,0,0,70
16662,Analytics,region_26,Masters & above,m,other,1,32,5.0,6,1,0,80
76887,Technology,region_2,Masters & above,f,sourcing,1,37,2.0,10,0,0,79
31850,Operations,region_8,Bachelors,f,sourcing,1,29,3.0,3,0,0,64
39673,Sales & Marketing,region_9,Masters & above,m,other,3,32,3.0,3,1,1,92
46810,R&D,region_15,Masters & above,m,sourcing,1,33,4.0,5,0,0,85
22564,Procurement,region_14,Masters & above,f,sourcing,1,36,1.0,4,0,0,70
66519,Analytics,region_31,Bachelors,m,sourcing,2,30,1.0,4,0,0,86
20525,Sales & Marketing,region_2,Masters & above,m,sourcing,2,43,3.0,2,0,0,47
5389,Technology,region_5,Masters & above,f,other,1,38,5.0,5,1,0,75
20677,Sales & Marketing,region_2,Masters & above,f,sourcing,1,34,1.0,7,0,0,50
76327,Legal,region_13,Bachelors,m,other,1,28,5.0,2,0,0,75
14287,Procurement,region_2,Below Secondary,m,sourcing,1,25,1.0,2,1,0,76
28751,Sales & Marketing,region_2,Bachelors,m,sourcing,1,31,1.0,5,0,0,50
74119,Sales & Marketing,region_25,Bachelors,m,other,1,32,5.0,9,1,0,48
29037,Sales & Marketing,region_7,Masters & above,m,other,1,39,5.0,4,0,0,45
46123,Sales & Marketing,region_2,Masters & above,m,sourcing,1,32,4.0,3,1,0,53
13627,Technology,region_2,Masters & above,f,referred,2,55,5.0,6,1,0,78
56496,Sales & Marketing,region_2,Bachelors,m,other,1,40,5.0,15,0,0,51
21496,Analytics,region_2,Bachelors,m,other,3,42,5.0,15,1,0,88
49848,Sales & Marketing,region_24,Masters & above,m,other,2,32,3.0,10,0,0,48
24620,Operations,region_26,Bachelors,m,sourcing,1,41,4.0,6,1,0,60
12423,Sales & Marketing,region_12,Bachelors,m,sourcing,1,26,1.0,2,0,0,52
27482,Technology,region_2,Bachelors,m,other,3,35,3.0,2,0,0,80
203,Sales & Marketing,region_21,Bachelors,m,other,1,40,4.0,2,0,0,52
19756,Procurement,region_2,Bachelors,f,other,1,36,4.0,10,0,0,69
34750,Technology,region_7,Masters & above,f,sourcing,1,45,5.0,12,1,0,77
68141,Analytics,region_31,Bachelors,m,sourcing,1,34,3.0,5,0,0,87
72860,Operations,region_13,Bachelors,f,other,2,31,3.0,5,0,0,57
28382,Sales & Marketing,region_9,Masters & above,m,sourcing,1,31,2.0,2,0,0,49
56371,Operations,region_22,Masters & above,m,sourcing,2,43,3.0,6,1,0,64
31036,Sales & Marketing,region_7,Bachelors,f,sourcing,1,33,5.0,7,1,0,54
22506,Analytics,region_22,Bachelors,m,other,2,35,2.0,4,0,0,87
4183,Finance,region_22,Masters & above,m,other,3,33,5.0,5,1,0,66
56283,Technology,region_2,Masters & above,f,other,2,35,2.0,7,0,0,77
46487,Operations,region_19,Bachelors,m,other,1,37,4.0,4,0,0,61
23413,Sales & Marketing,region_23,Masters & above,m,other,1,32,5.0,2,0,0,52
44956,Sales & Marketing,region_27,Bachelors,f,other,1,27,5.0,4,0,0,49
32217,Analytics,region_31,Bachelors,m,sourcing,1,33,4.0,6,0,0,88
58603,Sales & Marketing,region_11,Masters & above,m,sourcing,1,50,1.0,4,1,0,53
26566,Technology,region_15,Bachelors,m,other,2,29,3.0,3,0,0,94
25795,Sales & Marketing,region_22,Bachelors,m,sourcing,1,31,,1,1,0,53
28342,Operations,region_15,Bachelors,f,other,1,35,1.0,3,0,0,59
2614,Technology,region_7,Bachelors,f,other,1,32,4.0,6,1,0,78
19048,Technology,region_11,Masters & above,m,other,1,51,2.0,18,0,0,74
20973,Operations,region_14,Bachelors,m,other,1,28,3.0,2,0,0,59
67523,Sales & Marketing,region_16,Masters & above,m,other,1,33,1.0,3,0,0,48
30358,Analytics,region_2,Bachelors,m,other,2,54,3.0,5,1,0,82
61355,HR,region_16,Below Secondary,f,other,1,25,3.0,1,0,0,53
5234,Sales & Marketing,region_19,Bachelors,m,other,1,33,4.0,7,0,0,47
59358,HR,region_32,Below Secondary,m,other,2,23,5.0,2,1,0,57
36429,Operations,region_22,Masters & above,m,sourcing,1,41,1.0,7,0,0,60
13339,Technology,region_2,Masters & above,m,other,1,60,4.0,12,1,0,81
39973,Operations,region_13,Bachelors,m,other,1,34,5.0,5,1,0,66
34869,Finance,region_13,Masters & above,m,other,1,40,3.0,7,0,0,62
10536,Technology,region_2,Bachelors,f,other,1,51,1.0,15,0,0,81
36346,Analytics,region_22,Bachelors,m,other,1,27,5.0,6,0,0,95
54050,Sales & Marketing,region_24,Bachelors,f,other,1,27,3.0,2,0,0,48
5324,Procurement,region_15,,m,sourcing,1,34,1.0,7,0,0,70
61496,HR,region_13,Masters & above,m,other,2,38,5.0,2,0,0,48
42042,Technology,region_22,,m,other,1,29,,1,0,0,75
13806,Technology,region_10,Masters & above,m,sourcing,3,31,3.0,4,0,0,81
43762,Operations,region_22,Bachelors,f,sourcing,1,30,5.0,4,1,0,95
21647,Operations,region_4,Masters & above,m,sourcing,1,46,4.0,2,1,0,61
56581,Sales & Marketing,region_1,Masters & above,m,other,1,33,3.0,4,1,0,47
46124,Sales & Marketing,region_3,Bachelors,m,sourcing,1,29,,1,1,0,54
37230,Analytics,region_22,Bachelors,m,sourcing,1,39,1.0,3,0,0,81
19619,Sales & Marketing,region_16,Bachelors,m,other,1,25,1.0,3,0,0,48
47642,Procurement,region_22,Bachelors,f,sourcing,1,26,3.0,2,0,0,66
22009,Finance,region_2,Bachelors,m,sourcing,3,42,3.0,11,0,0,59
55069,Operations,region_7,Bachelors,f,sourcing,1,32,3.0,5,0,0,60
70415,Sales & Marketing,region_12,Masters & above,m,sourcing,1,35,3.0,6,0,0,49
34902,Technology,region_26,Bachelors,m,sourcing,1,38,3.0,5,1,0,78
74599,Technology,region_23,Bachelors,m,other,1,25,,1,0,0,82
64023,Finance,region_2,Masters & above,m,sourcing,1,38,5.0,8,0,0,58
62294,Operations,region_23,Masters & above,f,other,1,35,4.0,9,0,0,61
47079,Operations,region_9,Bachelors,m,other,1,29,3.0,2,0,0,62
61848,Operations,region_3,Masters & above,m,other,1,45,4.0,7,0,0,58
63439,Sales & Marketing,region_13,Bachelors,m,sourcing,1,29,3.0,4,0,0,47
31316,Operations,region_4,Masters & above,m,sourcing,1,43,3.0,9,0,0,74
45012,Operations,region_22,Masters & above,m,other,1,32,5.0,6,0,0,71
34275,Technology,region_24,Bachelors,m,sourcing,1,29,,1,0,0,82
46895,Sales & Marketing,region_6,Bachelors,m,other,1,33,5.0,6,0,0,50
66793,Operations,region_2,Below Secondary,f,other,1,25,,1,1,0,60
46622,Analytics,region_32,Bachelors,m,sourcing,2,30,3.0,4,0,0,83
40978,Sales & Marketing,region_26,Bachelors,f,other,1,31,1.0,5,1,1,54
36168,Sales & Marketing,region_2,Bachelors,m,other,1,27,,1,0,0,47
17838,Technology,region_22,Bachelors,f,sourcing,1,28,4.0,4,0,0,79
49692,Sales & Marketing,region_7,Bachelors,m,other,3,29,2.0,4,0,0,45
9757,Technology,region_2,Bachelors,f,sourcing,1,42,4.0,16,0,0,87
66141,Analytics,region_11,Bachelors,m,sourcing,2,31,3.0,4,0,0,82
22200,Finance,region_13,Bachelors,m,other,2,29,3.0,2,0,0,59
38288,Sales & Marketing,region_2,Masters & above,m,other,2,47,1.0,15,0,0,46
28828,Sales & Marketing,region_20,Masters & above,m,sourcing,1,30,3.0,7,0,0,46
12927,Sales & Marketing,region_32,Bachelors,f,sourcing,1,29,,1,0,0,48
15142,Operations,region_24,Bachelors,f,other,1,31,5.0,4,1,0,56
17070,Procurement,region_7,Bachelors,f,other,1,31,3.0,3,1,0,65
14145,Operations,region_7,Masters & above,f,other,1,43,3.0,4,1,0,63
39072,Sales & Marketing,region_7,Bachelors,m,sourcing,1,27,4.0,2,0,0,46
7007,Sales & Marketing,region_27,Masters & above,m,other,1,54,5.0,21,0,0,53
51757,Sales & Marketing,region_30,Masters & above,m,other,1,36,3.0,3,0,0,54
18059,Operations,region_13,Masters & above,m,other,1,49,5.0,16,0,0,60
32199,Sales & Marketing,region_20,Bachelors,m,other,1,42,3.0,13,0,0,50
14415,Operations,region_16,Bachelors,f,sourcing,1,33,5.0,9,0,0,61
9257,Finance,region_19,Bachelors,m,sourcing,2,31,4.0,8,0,0,60
24211,Analytics,region_7,Masters & above,m,other,2,43,3.0,5,1,0,84
29007,Operations,region_2,Masters & above,f,sourcing,1,47,5.0,18,1,0,96
75327,Operations,region_2,Bachelors,m,other,1,58,1.0,15,0,0,60
77218,Technology,region_2,Bachelors,f,other,1,32,3.0,4,0,0,77
26313,Procurement,region_22,Bachelors,m,other,2,26,1.0,4,1,0,72
20982,Procurement,region_22,Bachelors,m,other,2,27,4.0,2,1,0,68
46616,Technology,region_27,Bachelors,m,other,1,39,1.0,4,1,0,82
54670,Operations,region_26,Bachelors,m,sourcing,1,26,5.0,3,0,0,64
71001,Sales & Marketing,region_7,Bachelors,m,other,1,37,5.0,4,1,0,50
8427,HR,region_2,Bachelors,m,sourcing,2,37,5.0,10,0,0,48
40042,Sales & Marketing,region_29,Bachelors,m,sourcing,2,26,2.0,3,1,1,49
37895,Technology,region_15,Masters & above,m,sourcing,1,44,4.0,4,1,0,80
53330,Sales & Marketing,region_34,Bachelors,m,sourcing,1,30,3.0,5,0,0,49
35510,Procurement,region_29,Masters & above,f,other,1,33,3.0,6,0,0,68
10141,Finance,region_6,Bachelors,m,sourcing,2,32,3.0,8,0,0,61
64242,Sales & Marketing,region_5,Bachelors,m,other,2,28,3.0,5,0,0,51
16042,Technology,region_2,Bachelors,m,other,1,44,2.0,7,0,0,78
17849,Procurement,region_27,Bachelors,f,sourcing,1,31,5.0,5,1,0,75
2048,Procurement,region_31,Bachelors,m,other,1,35,3.0,8,0,0,72
62968,Analytics,region_22,Bachelors,f,other,2,30,3.0,5,0,0,85
69171,Operations,region_2,Bachelors,f,sourcing,1,44,3.0,11,0,0,61
11990,Operations,region_2,Bachelors,f,other,1,51,5.0,2,0,1,88
73171,Procurement,region_2,Bachelors,f,other,1,56,5.0,5,1,0,64
1149,Sales & Marketing,region_2,Bachelors,m,sourcing,1,24,,1,1,0,41
11818,HR,region_22,Masters & above,m,other,1,35,5.0,8,1,0,54
26842,Analytics,region_34,Bachelors,m,sourcing,1,30,3.0,7,0,0,86
56585,Sales & Marketing,region_9,Bachelors,m,other,1,32,4.0,2,0,0,49
73682,Sales & Marketing,region_15,Bachelors,m,other,1,23,,1,1,0,48
28559,Sales & Marketing,region_4,Bachelors,m,other,1,28,5.0,2,1,0,50
47786,Operations,region_28,Bachelors,m,sourcing,2,30,3.0,4,0,0,58
54511,Operations,region_29,Bachelors,m,sourcing,1,28,3.0,2,0,0,57
16826,Operations,region_7,Bachelors,m,other,1,27,3.0,4,1,0,63
66567,Legal,region_2,Masters & above,m,sourcing,1,39,3.0,8,0,0,63
74376,Sales & Marketing,region_15,Bachelors,m,other,1,36,1.0,7,0,0,46
37730,Sales & Marketing,region_10,Masters & above,m,sourcing,1,49,3.0,5,0,0,48
35130,Sales & Marketing,region_32,Bachelors,m,sourcing,1,26,5.0,2,0,0,51
20235,Operations,region_2,Bachelors,f,other,1,26,5.0,2,0,0,57
47149,Procurement,region_26,Bachelors,m,other,1,43,3.0,3,0,0,67
64157,Procurement,region_2,Masters & above,m,sourcing,1,52,3.0,11,1,0,69
43780,Sales & Marketing,region_2,Masters & above,m,sourcing,2,58,2.0,6,0,0,44
40855,Sales & Marketing,region_2,Masters & above,m,other,1,52,1.0,7,0,0,49
55203,Sales & Marketing,region_22,Masters & above,m,sourcing,1,44,2.0,3,0,0,51
68845,Sales & Marketing,region_2,,m,sourcing,1,24,,1,0,0,44
75,Procurement,region_31,Bachelors,m,sourcing,1,27,,1,0,0,70
6474,Procurement,region_2,Bachelors,f,sourcing,1,31,1.0,6,0,0,68
41812,Sales & Marketing,region_7,Masters & above,m,other,1,51,3.0,16,0,0,45
71078,Operations,region_22,Bachelors,m,other,1,30,5.0,3,0,0,55
15345,Procurement,region_22,Bachelors,f,sourcing,1,28,5.0,6,0,0,84
1242,Analytics,region_34,Bachelors,m,other,2,27,,1,0,0,83
67386,Procurement,region_7,Bachelors,m,sourcing,3,30,1.0,4,0,0,73
3322,Procurement,region_28,Masters & above,m,sourcing,2,34,3.0,10,0,0,66
28860,Technology,region_2,Masters & above,m,sourcing,1,34,3.0,8,0,0,81
75067,Sales & Marketing,region_2,Masters & above,m,other,1,50,2.0,7,0,0,47
72242,Sales & Marketing,region_2,,m,sourcing,1,23,3.0,2,0,0,55
60377,Operations,region_4,Bachelors,m,sourcing,1,27,3.0,5,1,0,57
47603,HR,region_4,Masters & above,m,other,3,39,3.0,8,0,0,51
75587,Sales & Marketing,region_28,Bachelors,m,sourcing,1,33,3.0,2,1,0,49
37904,Sales & Marketing,region_26,Bachelors,m,other,1,37,5.0,3,0,0,48
13633,Sales & Marketing,region_30,Bachelors,m,other,1,44,3.0,11,0,0,55
47573,Sales & Marketing,region_26,Bachelors,m,other,1,35,5.0,9,0,0,48
39788,Sales & Marketing,region_13,Masters & above,m,other,1,45,3.0,17,1,0,56
4164,Operations,region_11,Bachelors,f,sourcing,1,30,3.0,3,0,0,59
13584,Analytics,region_15,Bachelors,m,other,1,43,3.0,16,0,0,86
13873,Technology,region_2,Below Secondary,m,sourcing,3,23,3.0,2,0,0,78
18615,Operations,region_7,Bachelors,m,other,1,57,1.0,17,0,0,62
21672,Procurement,region_2,Masters & above,f,other,1,40,1.0,9,0,0,74
52526,Technology,region_5,Bachelors,m,other,1,30,4.0,3,1,0,74
63655,Sales & Marketing,region_2,Bachelors,f,sourcing,1,29,3.0,6,0,0,52
24508,Technology,region_34,Bachelors,m,other,2,29,1.0,2,1,0,82
11476,Sales & Marketing,region_16,Bachelors,m,sourcing,3,30,3.0,6,0,0,53
56091,Operations,region_22,Bachelors,f,sourcing,1,27,3.0,4,1,0,61
50932,Analytics,region_2,Masters & above,m,other,2,51,4.0,7,0,0,80
31172,Technology,region_2,Below Secondary,f,sourcing,1,21,,1,0,0,82
39938,Procurement,region_26,Bachelors,f,other,1,44,3.0,10,0,0,67
29927,Technology,region_10,Bachelors,m,sourcing,2,30,3.0,3,0,0,79
45718,Analytics,region_22,Bachelors,m,sourcing,1,28,4.0,4,1,0,85
55685,Sales & Marketing,region_2,Bachelors,m,sourcing,1,29,3.0,6,1,0,49
21589,Analytics,region_32,Bachelors,m,other,1,25,,1,0,0,87
15701,Procurement,region_22,Bachelors,m,other,2,27,4.0,1,1,0,83
71245,Procurement,region_30,Masters & above,m,other,1,33,5.0,7,0,0,70
20816,Procurement,region_7,Bachelors,f,other,2,27,3.0,4,0,0,67
40383,Operations,region_2,Bachelors,m,sourcing,1,33,2.0,5,0,0,56
23710,R&D,region_7,Bachelors,m,sourcing,1,34,3.0,2,0,0,78
28857,Technology,region_2,,m,sourcing,1,35,2.0,7,0,0,81
24679,Sales & Marketing,region_27,Bachelors,f,other,1,31,5.0,5,1,0,54
27296,Procurement,region_2,,f,other,1,38,4.0,9,0,0,72
5114,Sales & Marketing,region_2,Masters & above,f,other,1,35,4.0,2,0,0,52
59894,Sales & Marketing,region_7,,m,sourcing,3,24,1.0,2,1,0,49
19940,HR,region_7,Bachelors,m,other,1,33,3.0,6,0,0,50
23660,Sales & Marketing,region_22,Bachelors,m,other,3,29,,1,1,0,51
58847,Sales & Marketing,region_10,Bachelors,m,other,2,29,2.0,3,0,0,47
73556,Sales & Marketing,region_5,,m,other,1,22,,1,1,0,48
64000,Sales & Marketing,region_7,Bachelors,f,sourcing,2,27,4.0,5,1,0,49
49198,R&D,region_32,Bachelors,m,other,2,35,3.0,8,0,0,89
10640,Analytics,region_2,Bachelors,m,other,1,38,5.0,8,0,0,86
32507,Analytics,region_22,Masters & above,m,other,1,32,3.0,7,0,0,85
70267,Procurement,region_29,Masters & above,m,other,1,36,1.0,4,0,0,72
62777,Finance,region_13,Bachelors,m,other,2,29,3.0,4,1,1,62
37763,Sales & Marketing,region_28,Masters & above,m,sourcing,1,32,4.0,6,1,0,48
52081,Operations,region_13,Bachelors,m,other,1,40,3.0,11,0,0,56
55482,Finance,region_13,Bachelors,m,other,2,26,3.0,2,0,0,60
27472,Operations,region_13,Bachelors,m,sourcing,1,36,3.0,3,0,0,65
20150,Operations,region_19,Masters & above,f,other,1,38,4.0,9,1,0,57
47432,Operations,region_19,Bachelors,f,other,1,33,4.0,4,0,0,58
50117,Operations,region_22,Bachelors,f,sourcing,1,27,3.0,2,1,0,60
5007,Operations,region_2,Bachelors,f,sourcing,1,46,4.0,16,0,0,57
7955,Legal,region_32,Bachelors,m,sourcing,1,28,3.0,2,1,0,57
66982,Sales & Marketing,region_20,Masters & above,m,other,1,38,5.0,11,1,0,51
64475,Finance,region_9,Bachelors,m,other,1,30,1.0,4,1,0,64
14386,Finance,region_4,Bachelors,f,other,1,34,5.0,5,0,0,69
3450,Sales & Marketing,region_1,,m,sourcing,1,33,3.0,3,0,0,50
69805,Operations,region_4,Bachelors,m,other,1,40,5.0,10,1,0,57
55392,Procurement,region_7,Bachelors,m,sourcing,1,30,5.0,5,1,0,71
17994,Sales & Marketing,region_26,Bachelors,m,other,1,32,4.0,5,1,0,52
43424,Finance,region_29,Bachelors,m,other,1,32,3.0,3,0,0,59
13592,Sales & Marketing,region_23,Masters & above,m,other,1,47,3.0,6,1,0,48
33923,Sales & Marketing,region_11,Bachelors,m,sourcing,1,32,3.0,4,0,0,50
35090,Analytics,region_28,Bachelors,m,sourcing,2,37,5.0,6,1,0,84
68645,Sales & Marketing,region_28,Bachelors,m,sourcing,1,46,5.0,18,0,0,45
59260,Analytics,region_21,Bachelors,m,other,1,30,3.0,4,0,0,89
31913,Procurement,region_2,Bachelors,f,other,1,29,3.0,7,0,0,65
68696,Sales & Marketing,region_2,,m,other,1,38,3.0,10,0,0,50
27324,Procurement,region_27,Masters & above,f,other,1,35,4.0,6,1,0,67
76368,Sales & Marketing,region_26,Bachelors,m,sourcing,1,29,3.0,3,0,0,47
19545,Sales & Marketing,region_2,Bachelors,m,sourcing,3,39,2.0,10,0,0,46
47084,Sales & Marketing,region_19,Bachelors,m,other,1,32,5.0,4,0,0,46
48688,Sales & Marketing,region_6,Bachelors,f,other,1,28,5.0,2,1,0,50
64097,Sales & Marketing,region_30,Bachelors,m,other,1,38,2.0,8,0,0,49
22565,Sales & Marketing,region_22,Bachelors,m,sourcing,3,30,1.0,5,0,0,46
24892,Sales & Marketing,region_7,Bachelors,m,other,1,46,2.0,13,0,0,50
45966,Sales & Marketing,region_7,Masters & above,m,sourcing,1,37,3.0,8,0,0,52
62782,Analytics,region_15,Bachelors,m,other,1,33,3.0,7,0,0,87
6456,Sales & Marketing,region_15,Bachelors,f,other,1,27,1.0,2,0,0,51
8971,Procurement,region_31,Masters & above,m,other,1,44,3.0,16,0,0,69
49887,Operations,region_2,Bachelors,m,other,1,58,4.0,28,0,0,64
45727,Technology,region_32,Bachelors,m,other,3,26,3.0,3,0,0,81
77859,Operations,region_2,Bachelors,f,other,1,59,3.0,6,1,0,55
11467,HR,region_2,Bachelors,f,other,1,58,5.0,10,0,0,48
76167,Analytics,region_26,Bachelors,m,other,1,32,3.0,7,0,0,86
61760,Sales & Marketing,region_2,Masters & above,m,sourcing,1,37,4.0,3,0,0,51
24241,Operations,region_15,Bachelors,m,other,1,37,5.0,7,0,0,59
60628,Technology,region_26,Bachelors,m,other,1,26,1.0,2,0,0,78
64452,Procurement,region_27,Bachelors,f,sourcing,1,31,,1,0,0,64
24756,Operations,region_22,Bachelors,f,other,1,37,3.0,3,0,0,63
4362,Operations,region_6,Bachelors,m,other,1,38,5.0,5,1,0,59
23965,Procurement,region_2,Bachelors,f,other,3,45,3.0,5,0,0,68
29471,Procurement,region_15,Masters & above,m,sourcing,1,39,3.0,6,1,0,73
70865,HR,region_2,Bachelors,f,other,1,35,5.0,10,1,0,50
52230,HR,region_2,Bachelors,f,sourcing,1,32,5.0,6,1,0,48
61753,Sales & Marketing,region_22,Masters & above,m,other,1,35,4.0,9,0,0,49
19151,Sales & Marketing,region_4,Bachelors,m,other,1,35,2.0,5,1,0,52
31404,Procurement,region_4,Bachelors,m,other,1,33,5.0,3,0,0,78
52692,Sales & Marketing,region_27,Bachelors,m,other,2,27,,1,0,0,49
56409,Technology,region_13,Masters & above,m,sourcing,1,39,3.0,14,0,0,77
45481,Technology,region_13,Bachelors,m,other,1,26,,1,0,0,77
13890,Sales & Marketing,region_31,Bachelors,m,sourcing,1,28,5.0,2,1,0,53
21456,HR,region_22,Masters & above,f,sourcing,1,36,4.0,7,0,0,54
64050,Analytics,region_2,Bachelors,m,sourcing,2,32,3.0,4,0,0,86
77066,Procurement,region_33,Masters & above,m,sourcing,1,38,5.0,10,1,0,72
72383,Operations,region_22,Masters & above,f,other,1,34,3.0,10,0,0,62
71861,Operations,region_2,Bachelors,f,other,1,30,2.0,6,1,0,56
10504,Technology,region_14,Bachelors,m,other,1,30,4.0,6,1,0,81
47420,Sales & Marketing,region_2,,m,sourcing,1,28,2.0,7,0,0,48
57203,Sales & Marketing,region_26,Bachelors,f,sourcing,1,29,1.0,4,0,0,53
72388,Operations,region_28,Bachelors,f,sourcing,1,29,5.0,6,1,1,57
37643,Procurement,region_2,Bachelors,m,sourcing,2,49,3.0,3,1,0,73
68390,Sales & Marketing,region_9,Masters & above,m,other,1,37,2.0,9,0,0,46
26957,Sales & Marketing,region_22,Masters & above,m,sourcing,1,32,5.0,4,0,0,52
36625,Procurement,region_5,Masters & above,f,other,1,36,4.0,4,0,0,71
12656,R&D,region_11,Masters & above,m,other,1,35,3.0,8,0,0,87
23944,Procurement,region_17,Bachelors,m,other,1,31,3.0,5,1,1,96
64958,Sales & Marketing,region_3,Bachelors,m,other,1,25,3.0,2,1,0,47
57438,Operations,region_13,Bachelors,m,sourcing,1,31,4.0,4,1,0,66
21326,Operations,region_2,Masters & above,m,other,1,56,5.0,16,1,0,59
67984,Sales & Marketing,region_33,Bachelors,m,sourcing,1,37,5.0,2,1,0,52
65743,Procurement,region_19,Bachelors,m,sourcing,1,30,2.0,2,0,0,68
24175,Technology,region_7,Masters & above,m,other,1,52,4.0,3,1,0,81
29853,Analytics,region_2,Bachelors,m,other,1,44,4.0,8,0,0,80
27473,Analytics,region_13,Masters & above,m,sourcing,1,33,3.0,6,0,0,84
38978,Sales & Marketing,region_29,Bachelors,m,other,4,35,3.0,9,0,0,49
33121,Analytics,region_28,Bachelors,m,other,2,29,3.0,2,0,0,85
7474,Finance,region_22,Masters & above,m,sourcing,1,32,3.0,4,0,0,60
10537,HR,region_2,Bachelors,m,other,1,32,1.0,4,0,0,49
11301,Operations,region_23,Bachelors,f,other,1,42,4.0,10,0,0,59
59232,Technology,region_16,Bachelors,m,other,1,25,1.0,3,0,0,79
28590,Sales & Marketing,region_7,Bachelors,m,sourcing,1,46,1.0,20,0,0,49
1433,Procurement,region_2,,f,sourcing,3,40,3.0,4,1,0,71
76724,Analytics,region_31,Bachelors,m,other,1,32,4.0,4,0,0,87
36757,Sales & Marketing,region_29,Bachelors,m,sourcing,1,29,,1,1,0,51
5957,Sales & Marketing,region_27,,m,sourcing,2,24,2.0,1,0,0,49
35341,Procurement,region_4,Masters & above,m,other,4,37,3.0,6,0,0,68
75643,Sales & Marketing,region_16,Bachelors,f,sourcing,1,32,1.0,3,0,0,50
12490,Analytics,region_22,Bachelors,m,sourcing,1,34,4.0,2,1,0,80
65528,HR,region_2,Bachelors,m,referred,1,39,3.0,3,0,0,50
41032,Technology,region_2,Bachelors,m,sourcing,1,37,3.0,3,1,0,75
801,Technology,region_22,Bachelors,m,sourcing,2,32,1.0,5,0,0,81
68035,Operations,region_15,Bachelors,m,other,2,40,4.0,7,1,0,62
61922,Analytics,region_19,Bachelors,m,sourcing,1,36,3.0,6,1,0,83
68924,Procurement,region_2,Masters & above,m,other,1,37,5.0,3,1,1,68
3232,Sales & Marketing,region_2,Bachelors,m,other,1,32,5.0,6,0,0,49
39109,Sales & Marketing,region_28,Masters & above,f,sourcing,1,31,3.0,2,0,0,43
52360,Sales & Marketing,region_25,Bachelors,m,other,2,30,5.0,8,0,0,50
9953,Sales & Marketing,region_2,Bachelors,f,other,1,29,5.0,5,0,0,49
31436,Finance,region_31,Bachelors,f,sourcing,1,26,5.0,2,1,1,93
39086,Sales & Marketing,region_31,Masters & above,m,other,2,39,1.0,5,0,0,49
52665,Procurement,region_11,Masters & above,m,other,2,41,3.0,7,0,0,69
65486,Operations,region_7,Below Secondary,m,other,1,29,3.0,4,0,0,63
50470,Technology,region_16,Masters & above,m,other,1,34,3.0,3,1,0,78
47042,Operations,region_16,Masters & above,f,sourcing,1,43,3.0,10,0,0,56
69818,Procurement,region_30,Bachelors,m,sourcing,1,32,3.0,5,1,0,71
10322,Sales & Marketing,region_33,Bachelors,m,other,1,43,5.0,9,0,0,52
9503,Procurement,region_2,Bachelors,f,other,1,36,3.0,4,0,0,65
22314,Sales & Marketing,region_11,Masters & above,m,other,1,32,4.0,7,1,0,52
33989,Procurement,region_2,Bachelors,m,other,1,49,3.0,8,0,0,67
77707,Sales & Marketing,region_7,,m,sourcing,1,26,,1,1,0,50
46220,Sales & Marketing,region_7,Masters & above,m,sourcing,1,53,3.0,3,1,0,55
66974,Analytics,region_29,Bachelors,m,other,2,26,3.0,3,1,0,81
3155,R&D,region_31,Bachelors,m,other,1,32,,1,0,0,86
47991,Operations,region_4,Masters & above,f,other,1,48,5.0,16,1,0,58
67619,Sales & Marketing,region_22,,m,sourcing,1,27,2.0,2,0,0,51
63005,Sales & Marketing,region_2,Bachelors,m,sourcing,1,52,1.0,15,0,0,54
42279,Sales & Marketing,region_31,Bachelors,m,sourcing,1,33,1.0,3,0,0,50
25984,Analytics,region_22,Bachelors,m,sourcing,2,25,4.0,2,1,0,84
75131,Operations,region_32,Bachelors,m,other,1,36,3.0,3,0,0,59
43967,Procurement,region_27,Masters & above,f,other,1,37,5.0,8,0,0,68
69303,Sales & Marketing,region_2,Bachelors,m,other,1,33,3.0,7,1,0,50
49123,Analytics,region_2,Bachelors,f,other,1,31,1.0,6,0,0,84
38482,Operations,region_7,Bachelors,m,sourcing,1,29,4.0,3,0,0,58
71538,Technology,region_31,Bachelors,m,sourcing,1,29,3.0,3,0,0,78
46085,Sales & Marketing,region_7,Masters & above,m,other,1,45,5.0,5,1,0,49
10443,Sales & Marketing,region_2,Bachelors,m,other,1,35,1.0,7,0,0,48
7236,Procurement,region_22,Bachelors,m,other,1,40,3.0,3,0,0,68
29911,Analytics,region_4,Masters & above,m,other,1,38,1.0,9,1,1,85
32261,HR,region_16,Bachelors,m,other,1,25,3.0,2,0,0,44
74070,Sales & Marketing,region_26,Bachelors,m,other,1,44,3.0,4,0,0,47
24858,Sales & Marketing,region_13,Bachelors,m,sourcing,1,29,5.0,3,1,0,49
39711,Finance,region_26,Bachelors,m,other,2,34,5.0,4,1,0,64
40615,Sales & Marketing,region_2,,m,other,1,37,3.0,9,0,0,52
21759,Sales & Marketing,region_13,,m,sourcing,1,39,3.0,8,0,0,53
71056,Procurement,region_8,Bachelors,m,sourcing,1,26,,1,1,0,70
27145,Sales & Marketing,region_2,Bachelors,m,sourcing,1,52,3.0,3,0,0,59
78264,Sales & Marketing,region_2,Masters & above,m,referred,1,37,5.0,5,1,0,52
13775,HR,region_31,Masters & above,f,sourcing,1,36,5.0,7,1,0,48
29240,Sales & Marketing,region_22,Bachelors,m,other,1,29,5.0,2,0,0,51
9479,Legal,region_22,Bachelors,m,other,1,26,,1,0,0,61
23866,Operations,region_5,Bachelors,m,sourcing,1,39,3.0,8,0,0,61
25616,Operations,region_2,Bachelors,f,other,1,27,3.0,2,0,0,59
66495,Finance,region_4,Bachelors,m,other,1,33,5.0,7,1,0,54
47251,Procurement,region_15,Bachelors,m,sourcing,1,32,3.0,6,1,0,70
8186,Procurement,region_2,Masters & above,f,other,1,35,1.0,4,0,0,69
57050,Sales & Marketing,region_11,Masters & above,m,sourcing,2,30,3.0,3,0,0,48
53578,Operations,region_2,Bachelors,f,other,1,59,3.0,18,0,0,62
55969,Sales & Marketing,region_2,Bachelors,m,referred,1,38,5.0,9,0,0,49
76446,Sales & Marketing,region_21,Bachelors,f,sourcing,1,31,3.0,6,1,0,52
73721,Sales & Marketing,region_28,Bachelors,m,other,1,25,5.0,3,1,0,51
78228,Operations,region_20,Bachelors,m,other,1,29,4.0,2,0,0,61
4987,Sales & Marketing,region_2,Bachelors,m,other,1,34,3.0,2,1,0,88
27967,Analytics,region_31,Bachelors,m,sourcing,2,29,4.0,3,0,1,86
24784,Analytics,region_28,Bachelors,m,other,1,31,4.0,8,1,0,84
67448,Sales & Marketing,region_18,Bachelors,m,other,1,29,,1,0,0,46
6613,Sales & Marketing,region_15,Bachelors,f,sourcing,1,29,1.0,5,0,0,53
44292,HR,region_27,Bachelors,f,other,1,30,3.0,5,0,0,52
5544,Finance,region_2,,f,other,1,51,3.0,7,0,0,58
34853,Legal,region_30,Bachelors,m,other,1,31,3.0,2,0,0,64
37423,Analytics,region_32,Bachelors,f,sourcing,1,30,1.0,9,0,0,88
76859,Sales & Marketing,region_2,Masters & above,f,other,1,41,4.0,3,1,0,49
17367,Finance,region_7,Masters & above,m,other,3,35,5.0,3,0,0,58
6620,Technology,region_22,Bachelors,m,sourcing,2,27,,1,1,0,82
15592,Procurement,region_22,Bachelors,f,other,3,34,3.0,4,0,0,75
53769,Technology,region_2,Below Secondary,f,referred,1,24,,1,1,0,80
52217,Procurement,region_31,Bachelors,m,sourcing,1,41,1.0,13,0,0,71
3067,Operations,region_22,Bachelors,f,sourcing,1,28,3.0,4,1,0,59
30984,Analytics,region_6,Bachelors,m,sourcing,1,29,4.0,3,1,0,84
56743,Analytics,region_31,Bachelors,m,sourcing,2,33,3.0,4,0,0,86
651,Operations,region_4,Masters & above,f,sourcing,1,34,5.0,5,1,0,59
18953,Operations,region_2,Bachelors,m,other,1,42,3.0,3,1,0,58
36753,Analytics,region_28,,m,other,2,34,4.0,7,1,0,82
21838,Technology,region_7,Bachelors,m,sourcing,1,31,3.0,3,0,0,83
10024,Technology,region_2,Below Secondary,f,other,1,22,,1,1,0,82
6309,Sales & Marketing,region_13,Bachelors,m,other,1,31,5.0,7,0,0,45
60612,Procurement,region_12,Bachelors,m,other,1,29,5.0,4,1,0,73
10282,Operations,region_2,Bachelors,m,sourcing,1,29,,1,0,0,61
19797,Finance,region_15,Masters & above,m,sourcing,1,35,3.0,9,0,0,58
72276,Technology,region_2,Bachelors,f,other,1,25,1.0,2,0,0,77
69346,Technology,region_7,Masters & above,m,other,1,38,4.0,8,1,0,79
62399,Procurement,region_7,Bachelors,m,sourcing,2,27,,1,0,0,67
65776,Analytics,region_2,Bachelors,m,sourcing,1,40,5.0,3,0,0,79
28474,Operations,region_15,Bachelors,f,sourcing,1,38,5.0,2,1,1,64
24468,Sales & Marketing,region_7,Bachelors,m,sourcing,2,35,4.0,7,0,0,51
49542,Analytics,region_11,Bachelors,m,other,2,35,4.0,3,1,0,83
12837,Operations,region_2,Masters & above,m,other,1,60,5.0,16,1,0,56
2121,Operations,region_2,Masters & above,m,other,1,42,5.0,11,0,0,59
75093,Procurement,region_2,Bachelors,f,sourcing,1,56,4.0,7,0,0,68
25214,Sales & Marketing,region_11,Bachelors,m,sourcing,1,31,5.0,4,1,0,45
54562,Analytics,region_9,Masters & above,m,sourcing,1,29,,1,0,0,83
73234,Sales & Marketing,region_2,,m,other,2,28,,1,0,0,52
58030,Sales & Marketing,region_22,,m,other,2,27,,1,0,1,51
64518,Finance,region_22,Bachelors,f,sourcing,1,25,3.0,2,0,0,62
23955,Technology,region_2,Bachelors,f,other,1,28,4.0,3,1,0,78
69096,HR,region_23,Bachelors,m,other,1,31,3.0,2,0,0,46
3609,Analytics,region_22,Bachelors,m,sourcing,2,32,4.0,7,1,0,86
58775,Sales & Marketing,region_23,Bachelors,m,other,2,29,3.0,3,0,0,50
29,Analytics,region_7,Bachelors,m,other,1,28,,1,1,0,85
24301,Finance,region_2,Masters & above,m,sourcing,1,55,4.0,5,0,0,60
41030,Sales & Marketing,region_13,Masters & above,m,sourcing,1,30,5.0,6,1,0,50
52357,Sales & Marketing,region_24,Bachelors,m,other,1,33,3.0,8,1,0,51
48089,Sales & Marketing,region_22,Bachelors,f,other,1,26,3.0,3,0,0,51
20105,Operations,region_2,Masters & above,m,other,1,50,5.0,5,1,0,58
55593,Operations,region_14,Bachelors,f,sourcing,1,31,5.0,9,1,0,52
70413,Technology,region_6,Bachelors,m,other,1,24,,1,0,0,79
41855,Operations,region_31,Masters & above,f,other,1,32,5.0,7,1,0,60
18343,Sales & Marketing,region_32,,m,other,1,34,1.0,3,0,0,49
17818,Sales & Marketing,region_28,Bachelors,m,other,1,30,5.0,6,0,0,50
1460,Technology,region_3,Bachelors,m,sourcing,1,28,,1,1,0,81
21717,Sales & Marketing,region_1,Bachelors,m,other,2,30,4.0,5,0,0,49
32375,Procurement,region_2,Masters & above,f,other,1,57,4.0,7,1,0,67
60253,Operations,region_7,Masters & above,f,sourcing,1,46,5.0,6,1,0,55
64548,Finance,region_2,Bachelors,f,sourcing,1,35,4.0,10,0,0,63
16789,HR,region_2,Bachelors,f,sourcing,1,49,5.0,4,1,0,47
553,Sales & Marketing,region_2,Bachelors,m,sourcing,1,52,4.0,7,0,0,48
62533,Finance,region_26,Bachelors,m,sourcing,1,26,4.0,4,1,0,60
43192,Technology,region_23,Masters & above,m,sourcing,1,57,5.0,6,1,0,83
66275,Procurement,region_13,Bachelors,m,sourcing,1,36,1.0,4,0,0,71
37811,Sales & Marketing,region_19,Bachelors,m,other,2,32,4.0,3,1,0,49
3547,Sales & Marketing,region_2,Masters & above,m,other,2,37,1.0,3,0,0,50
22310,Technology,region_21,Bachelors,f,other,2,31,3.0,4,0,0,81
36279,Operations,region_7,Bachelors,m,other,1,30,3.0,6,0,0,59
42543,R&D,region_2,Masters & above,m,sourcing,1,49,3.0,6,0,0,87
37166,Technology,region_26,Bachelors,m,sourcing,1,32,4.0,6,1,0,78
18684,Analytics,region_2,Bachelors,m,other,1,27,1.0,2,0,0,90
1367,Sales & Marketing,region_13,Masters & above,m,other,1,52,4.0,4,1,0,51
68623,Sales & Marketing,region_20,Bachelors,m,other,3,28,1.0,2,0,0,48
15406,Operations,region_32,Bachelors,m,sourcing,2,33,5.0,8,1,0,65
52702,Sales & Marketing,region_20,Bachelors,m,sourcing,1,24,1.0,2,0,0,51
4130,Procurement,region_13,Masters & above,m,other,1,32,1.0,3,0,0,68
50773,Sales & Marketing,region_4,Masters & above,m,sourcing,1,45,5.0,15,0,0,50
47071,Sales & Marketing,region_2,Masters & above,f,other,1,31,5.0,5,1,0,54
56780,Sales & Marketing,region_2,Masters & above,f,sourcing,2,38,1.0,6,0,0,51
16929,Operations,region_2,Bachelors,m,other,1,25,,1,1,0,57
38710,Procurement,region_7,Bachelors,m,sourcing,1,28,1.0,5,0,0,66
73763,Sales & Marketing,region_2,Bachelors,m,other,1,46,3.0,6,1,1,51
66297,Sales & Marketing,region_19,Bachelors,m,other,1,33,5.0,6,1,1,47
41605,HR,region_7,Bachelors,m,sourcing,1,36,1.0,4,1,1,51
27502,Operations,region_7,Masters & above,m,other,1,38,2.0,5,0,0,57
32021,Finance,region_2,Bachelors,m,other,1,30,3.0,2,0,0,59
2142,HR,region_22,Bachelors,m,referred,1,30,,1,0,0,46
4635,Sales & Marketing,region_31,,m,sourcing,1,28,1.0,4,0,0,51
57923,Sales & Marketing,region_20,Bachelors,m,sourcing,1,26,,1,0,0,53
1996,Sales & Marketing,region_22,,m,other,1,24,3.0,2,0,0,47
52093,Operations,region_31,Bachelors,m,sourcing,1,30,1.0,8,0,0,58
4385,Operations,region_2,Masters & above,m,sourcing,1,45,2.0,3,0,0,60
11431,Finance,region_2,Bachelors,m,sourcing,1,26,,1,0,0,57
1444,Analytics,region_7,Masters & above,m,other,1,30,5.0,7,0,0,87
17351,Sales & Marketing,region_15,Bachelors,m,other,1,49,1.0,16,0,0,50
34683,Sales & Marketing,region_30,Bachelors,m,sourcing,2,29,,1,0,0,49
52313,Sales & Marketing,region_2,Bachelors,m,sourcing,1,25,2.0,2,0,0,48
47942,Sales & Marketing,region_15,Bachelors,m,sourcing,1,40,1.0,8,0,0,50
54516,Analytics,region_2,Bachelors,m,sourcing,2,35,3.0,8,0,0,83
42920,Operations,region_15,Bachelors,m,other,2,33,4.0,7,0,0,62
65511,R&D,region_26,Bachelors,m,sourcing,1,32,1.0,5,0,0,85
33225,Procurement,region_2,Masters & above,f,sourcing,1,58,2.0,19,0,0,70
34765,Operations,region_22,Masters & above,f,other,1,33,3.0,6,1,0,57
11137,Sales & Marketing,region_16,,m,other,1,41,2.0,11,0,0,54
61131,Operations,region_22,Bachelors,f,sourcing,3,27,3.0,5,0,0,58
62467,Analytics,region_1,Masters & above,m,other,2,31,2.0,7,1,0,81
23447,Analytics,region_31,Bachelors,m,other,1,34,4.0,7,1,0,85
52899,Sales & Marketing,region_32,Bachelors,m,other,1,39,1.0,10,0,0,51
36647,Sales & Marketing,region_21,,m,sourcing,1,26,5.0,3,0,0,63
60922,Sales & Marketing,region_7,Bachelors,m,other,2,51,3.0,8,1,0,47
48142,Procurement,region_14,Masters & above,f,sourcing,1,36,5.0,4,1,0,74
37490,Finance,region_31,Masters & above,f,other,1,33,4.0,2,1,0,59
77150,Procurement,region_2,Bachelors,m,other,1,29,,1,0,0,67
10204,Finance,region_31,Bachelors,m,other,1,38,5.0,10,1,0,64
66085,Sales & Marketing,region_2,Masters & above,f,other,1,34,1.0,7,0,0,50
28513,Operations,region_14,Bachelors,f,other,1,27,,1,1,0,60
42533,Sales & Marketing,region_22,Bachelors,m,other,1,33,4.0,8,1,0,50
8378,Operations,region_16,Bachelors,m,sourcing,1,34,3.0,4,0,0,64
52770,Operations,region_7,Masters & above,f,other,1,52,4.0,16,1,0,61
62972,Sales & Marketing,region_16,Bachelors,f,sourcing,1,35,1.0,7,0,0,48
33672,Operations,region_7,Bachelors,f,sourcing,1,37,3.0,3,1,0,57
57880,Finance,region_2,Bachelors,f,sourcing,1,35,3.0,3,1,0,58
25308,Legal,region_16,Bachelors,m,other,2,35,3.0,3,0,0,51
29895,Sales & Marketing,region_12,Bachelors,m,other,1,33,3.0,2,0,0,54
66769,Sales & Marketing,region_10,Bachelors,m,other,1,41,3.0,11,0,0,48
67596,Sales & Marketing,region_13,Masters & above,m,other,1,39,2.0,3,0,0,53
16243,Sales & Marketing,region_13,Bachelors,m,sourcing,1,43,5.0,17,1,0,50
20764,HR,region_27,Bachelors,f,sourcing,1,32,3.0,8,1,0,51
69820,Operations,region_27,Bachelors,m,other,1,33,1.0,2,0,0,56
8948,HR,region_5,Masters & above,m,sourcing,1,37,3.0,3,0,0,57
65503,Finance,region_27,Bachelors,m,sourcing,1,31,3.0,5,1,0,57
77803,Sales & Marketing,region_2,Bachelors,m,referred,1,33,4.0,6,1,0,49
68921,Finance,region_7,Bachelors,m,other,2,28,4.0,2,0,0,60
27740,Sales & Marketing,region_24,Bachelors,m,other,1,34,2.0,9,0,0,47
36723,Technology,region_2,Bachelors,f,sourcing,1,47,2.0,4,1,0,75
67110,Finance,region_2,Bachelors,m,sourcing,1,59,5.0,6,1,0,57
21735,Procurement,region_31,Bachelors,f,sourcing,1,32,5.0,3,0,0,83
46496,Sales & Marketing,region_16,Bachelors,m,other,3,36,1.0,7,0,0,48
32111,Finance,region_2,Bachelors,m,sourcing,1,57,3.0,13,1,0,60
65681,R&D,region_25,Masters & above,m,other,1,34,5.0,10,0,0,88
1379,Sales & Marketing,region_17,Bachelors,m,other,2,40,5.0,6,0,0,50
31924,HR,region_31,Bachelors,m,other,1,27,,1,0,0,52
40506,Sales & Marketing,region_7,Bachelors,m,other,1,52,5.0,18,0,0,49
35107,Analytics,region_2,Masters & above,m,sourcing,2,49,5.0,6,1,0,84
24762,Sales & Marketing,region_7,,m,sourcing,1,25,2.0,3,1,0,57
57664,Legal,region_15,Bachelors,m,sourcing,1,33,1.0,7,0,0,59
17685,Technology,region_5,Masters & above,f,other,1,38,3.0,3,0,0,80
77194,Procurement,region_11,Bachelors,m,other,1,40,3.0,10,0,0,69
47894,Procurement,region_22,Masters & above,f,other,1,29,4.0,2,0,0,68
36819,Operations,region_7,Masters & above,m,sourcing,2,51,5.0,4,1,0,92
22663,Operations,region_22,Bachelors,m,other,1,34,3.0,7,0,0,59
74899,Legal,region_22,,m,other,1,29,3.0,3,0,0,62
12769,Operations,region_34,Bachelors,m,other,1,30,3.0,6,0,0,58
62359,Procurement,region_23,Bachelors,m,other,1,33,3.0,6,1,0,68
4346,Sales & Marketing,region_22,Masters & above,m,sourcing,2,37,3.0,8,0,0,50
61193,Legal,region_22,Below Secondary,m,other,1,26,,1,1,0,63
8188,Procurement,region_2,Bachelors,f,other,4,30,1.0,5,0,0,71
22284,Sales & Marketing,region_31,Bachelors,m,other,1,26,1.0,3,0,0,49
37913,Sales & Marketing,region_3,Bachelors,m,other,1,28,3.0,2,0,0,50
74339,Procurement,region_26,Bachelors,f,other,1,27,,1,1,0,73
25738,Procurement,region_2,Masters & above,f,sourcing,3,36,3.0,6,1,0,74
49509,Sales & Marketing,region_17,Bachelors,m,sourcing,1,37,3.0,10,0,0,53
63002,Analytics,region_23,Masters & above,m,other,1,38,1.0,7,0,0,82
40147,Analytics,region_2,Bachelors,f,sourcing,1,32,4.0,3,1,0,83
59730,Operations,region_24,Bachelors,m,sourcing,1,33,3.0,7,0,0,56
54282,Procurement,region_2,Masters & above,f,sourcing,1,30,3.0,4,0,0,75
57912,HR,region_2,Masters & above,f,other,1,31,3.0,4,0,0,52
46866,Sales & Marketing,region_2,Bachelors,m,other,1,34,2.0,2,0,0,47
39411,Legal,region_2,Bachelors,m,sourcing,1,27,4.0,3,0,0,56
68368,Operations,region_2,Bachelors,f,sourcing,1,41,2.0,5,0,0,63
7042,Operations,region_11,Bachelors,m,sourcing,1,29,4.0,5,1,0,57
70135,Sales & Marketing,region_11,Bachelors,m,sourcing,1,27,4.0,4,0,0,48
32599,Finance,region_6,Bachelors,m,other,1,31,3.0,4,0,0,58
64341,R&D,region_22,Bachelors,m,other,1,28,5.0,2,1,0,81
61225,Sales & Marketing,region_7,Bachelors,m,other,1,44,4.0,6,0,0,50
75416,Operations,region_12,Bachelors,m,other,1,35,4.0,3,1,0,57
49393,Technology,region_7,Masters & above,m,sourcing,3,35,4.0,7,0,0,79
49185,Operations,region_8,Bachelors,m,other,2,27,5.0,4,0,0,61
3501,Operations,region_7,Masters & above,m,sourcing,1,37,3.0,7,1,0,57
51753,Analytics,region_25,Bachelors,m,other,1,31,4.0,6,1,0,84
7506,Operations,region_8,Bachelors,m,other,2,37,1.0,4,0,0,58
64783,Technology,region_13,Masters & above,f,other,1,38,3.0,3,0,0,76
12615,Operations,region_3,Bachelors,m,sourcing,1,29,3.0,4,0,0,61
60842,Sales & Marketing,region_22,Bachelors,f,other,1,31,3.0,3,0,0,51
14618,Technology,region_2,Masters & above,f,sourcing,1,54,1.0,18,0,0,78
73780,Technology,region_30,Bachelors,m,other,1,30,1.0,5,0,0,75
66704,Sales & Marketing,region_31,Bachelors,m,other,1,33,5.0,3,1,0,52
67513,Sales & Marketing,region_19,Bachelors,m,sourcing,3,31,4.0,2,0,0,49
7281,Finance,region_29,Bachelors,m,sourcing,1,30,5.0,4,1,0,62
3836,Analytics,region_2,Bachelors,m,sourcing,1,40,3.0,6,0,0,85
77236,Analytics,region_29,Bachelors,f,sourcing,1,28,,1,0,0,83
39663,Technology,region_2,Bachelors,m,referred,1,32,2.0,7,1,0,77
69301,Operations,region_19,Bachelors,m,other,2,32,4.0,2,0,0,58
71793,Operations,region_11,Bachelors,f,sourcing,1,27,2.0,4,1,0,58
5774,Sales & Marketing,region_2,Masters & above,f,other,1,46,4.0,4,1,1,45
28310,Finance,region_22,Bachelors,m,sourcing,1,31,3.0,4,0,0,61
25620,HR,region_2,Bachelors,f,sourcing,1,41,5.0,6,0,0,48
4239,Procurement,region_2,Masters & above,m,sourcing,1,52,3.0,13,0,0,69
75966,Operations,region_15,Masters & above,m,other,1,38,5.0,5,0,0,57
63131,Analytics,region_27,Bachelors,m,other,2,41,3.0,6,0,0,86
29302,Sales & Marketing,region_2,,f,sourcing,1,23,,1,0,0,50
28355,HR,region_2,Bachelors,f,other,1,48,3.0,20,0,0,47
26286,Operations,region_27,Bachelors,m,other,2,41,3.0,12,1,0,57
51532,Technology,region_33,Bachelors,f,other,1,31,1.0,3,0,0,73
10421,HR,region_25,Masters & above,f,other,1,36,4.0,8,1,0,53
61236,Sales & Marketing,region_9,Masters & above,f,sourcing,1,28,1.0,4,0,1,45
4995,Technology,region_24,Bachelors,f,other,1,26,,1,0,0,83
31648,Technology,region_2,Masters & above,m,other,1,44,1.0,11,0,0,77
52395,Operations,region_10,Masters & above,m,sourcing,1,37,5.0,4,1,0,58
29581,Technology,region_2,Masters & above,m,sourcing,1,51,5.0,8,1,0,83
68667,Analytics,region_2,Bachelors,m,other,1,37,2.0,11,0,0,85
25754,Technology,region_2,Bachelors,m,sourcing,1,45,3.0,3,0,0,78
31164,HR,region_27,Bachelors,m,other,1,31,1.0,7,0,0,49
38391,Sales & Marketing,region_4,Masters & above,m,sourcing,1,33,3.0,6,1,0,45
15934,Analytics,region_25,Masters & above,m,other,2,37,5.0,4,1,0,84
9207,Technology,region_33,Bachelors,f,other,1,36,5.0,2,0,0,79
61558,Sales & Marketing,region_1,Bachelors,f,other,1,31,3.0,2,1,0,52
56443,Sales & Marketing,region_26,Bachelors,f,other,1,38,1.0,8,0,0,50
19047,Operations,region_26,Bachelors,m,other,1,32,4.0,2,0,0,60
63899,R&D,region_22,,m,other,1,29,5.0,2,1,0,87
4112,Sales & Marketing,region_22,Bachelors,m,sourcing,1,24,,1,0,0,50
12887,Analytics,region_2,Bachelors,m,other,1,24,,1,0,0,87
6455,Procurement,region_20,Bachelors,m,sourcing,1,34,4.0,8,0,0,71
22517,Operations,region_7,Masters & above,f,other,1,45,4.0,15,0,0,63
71875,Analytics,region_21,Bachelors,m,other,1,26,3.0,3,0,0,87
63140,Operations,region_27,Bachelors,f,other,1,29,,1,1,0,61
26234,Sales & Marketing,region_27,Masters & above,m,sourcing,1,35,3.0,6,0,0,52
45294,Technology,region_2,Masters & above,m,other,1,58,4.0,18,1,0,76
12474,Legal,region_7,Bachelors,m,sourcing,1,30,4.0,4,0,0,59
49252,Operations,region_19,Bachelors,m,other,1,26,5.0,6,1,0,60
17134,Sales & Marketing,region_27,Bachelors,m,other,1,52,3.0,15,0,0,48
46777,Legal,region_15,Bachelors,m,sourcing,2,33,5.0,4,1,0,60
33929,HR,region_20,Bachelors,f,sourcing,1,32,5.0,7,1,0,48
60913,Sales & Marketing,region_26,Bachelors,m,sourcing,1,52,4.0,18,0,0,49
34485,Sales & Marketing,region_1,Bachelors,m,sourcing,1,35,3.0,9,0,0,45
51437,Operations,region_7,Bachelors,m,other,1,29,1.0,8,0,0,59
69936,Sales & Marketing,region_15,Bachelors,m,other,1,33,5.0,3,1,0,48
53571,Operations,region_19,Bachelors,m,other,1,42,4.0,4,1,0,61
46803,Sales & Marketing,region_2,Masters & above,m,sourcing,1,41,3.0,6,0,0,59
3765,Operations,region_28,Masters & above,m,sourcing,1,37,4.0,13,0,0,56
50672,Procurement,region_2,Masters & above,m,other,1,31,4.0,7,0,0,69
55693,Operations,region_2,Bachelors,m,other,1,38,4.0,2,0,0,55
23420,Sales & Marketing,region_27,Masters & above,m,sourcing,1,39,3.0,7,0,0,50
36958,Sales & Marketing,region_2,Masters & above,f,sourcing,1,38,5.0,9,0,0,51
29222,Procurement,region_7,Bachelors,m,sourcing,3,38,1.0,10,0,0,67
38644,Sales & Marketing,region_17,Bachelors,m,other,1,44,2.0,7,0,0,51
14297,Operations,region_7,Bachelors,m,other,1,36,3.0,7,0,0,61
72624,Sales & Marketing,region_4,Bachelors,m,other,1,39,5.0,9,1,0,48
61607,Procurement,region_2,Bachelors,f,sourcing,1,31,5.0,7,1,0,75
40853,Analytics,region_26,,m,other,1,32,4.0,2,0,0,80
77524,Sales & Marketing,region_22,Bachelors,m,other,1,48,4.0,3,0,0,52
53944,Sales & Marketing,region_28,Bachelors,m,sourcing,4,30,2.0,2,1,0,48
17933,HR,region_2,Masters & above,m,sourcing,1,38,3.0,4,0,0,49
12529,Sales & Marketing,region_22,Bachelors,m,sourcing,1,28,2.0,2,0,0,47
40485,Procurement,region_24,Bachelors,f,other,2,31,3.0,4,0,0,70
22638,Operations,region_31,Bachelors,m,other,1,27,,1,0,0,63
77562,Procurement,region_17,Masters & above,f,other,2,35,3.0,4,1,0,65
73597,Procurement,region_15,Bachelors,m,other,1,37,3.0,5,1,0,69
34947,Sales & Marketing,region_2,,m,other,1,21,1.0,2,0,0,49
50486,Operations,region_13,Bachelors,m,sourcing,1,55,3.0,3,1,0,63
65336,Operations,region_22,,m,other,1,26,3.0,4,0,0,66
6908,Procurement,region_15,Masters & above,f,other,1,43,5.0,5,1,0,88
59562,Analytics,region_7,Bachelors,m,sourcing,2,41,5.0,5,1,0,79
13612,Sales & Marketing,region_2,Masters & above,f,other,1,35,2.0,5,0,0,49
30455,Sales & Marketing,region_13,Bachelors,m,referred,1,31,5.0,4,1,0,51
13626,Procurement,region_17,Bachelors,f,other,2,38,3.0,4,0,0,76
23056,Sales & Marketing,region_31,Bachelors,f,other,2,33,4.0,7,1,0,54
52164,Operations,region_19,Bachelors,m,sourcing,1,33,3.0,3,0,0,59
62971,Sales & Marketing,region_14,Bachelors,m,other,1,29,1.0,5,0,0,52
9082,Procurement,region_30,Bachelors,f,sourcing,1,33,4.0,7,1,0,67
62436,Operations,region_34,Bachelors,m,sourcing,1,29,,1,1,0,64
4678,Finance,region_27,Masters & above,m,other,2,34,2.0,6,0,0,61
74430,HR,region_4,Bachelors,f,other,1,31,3.0,5,0,0,51
37717,HR,region_2,Masters & above,f,sourcing,1,32,4.0,3,1,0,48
47732,Technology,region_31,Bachelors,m,other,1,37,3.0,7,0,0,80
69580,R&D,region_23,Masters & above,m,sourcing,1,36,5.0,9,1,0,82
71550,Procurement,region_22,Masters & above,m,sourcing,1,54,4.0,2,1,1,69
46673,Sales & Marketing,region_4,Bachelors,m,other,3,26,3.0,3,0,0,49
16269,Technology,region_23,Bachelors,m,other,1,32,5.0,3,1,0,76
19662,HR,region_2,Masters & above,m,other,1,31,1.0,7,0,0,47
59413,Operations,region_22,Bachelors,f,other,1,35,2.0,10,0,0,59
70798,Sales & Marketing,region_28,Masters & above,m,other,1,38,2.0,10,1,0,48
2197,Finance,region_7,Bachelors,m,sourcing,2,29,3.0,5,1,0,60
37477,Sales & Marketing,region_23,Bachelors,m,other,1,35,5.0,10,0,0,45
51776,Technology,region_12,Bachelors,m,sourcing,1,30,4.0,5,1,0,83
12043,Legal,region_2,Masters & above,m,sourcing,1,52,4.0,16,0,0,60
2283,Operations,region_22,Masters & above,m,sourcing,1,34,5.0,10,1,0,60
73945,Sales & Marketing,region_13,Bachelors,m,sourcing,1,27,,1,0,0,50
50908,Analytics,region_22,Bachelors,m,other,1,28,,1,1,0,84
51487,Sales & Marketing,region_4,Masters & above,m,other,1,42,3.0,13,1,0,51
9169,Sales & Marketing,region_16,,m,other,1,21,1.0,2,0,0,52
38669,Analytics,region_2,Bachelors,m,other,1,53,3.0,16,0,0,89
33833,HR,region_22,Bachelors,m,other,1,23,2.0,2,0,0,45
15110,Sales & Marketing,region_32,Bachelors,m,sourcing,2,27,1.0,3,0,0,48
34396,Sales & Marketing,region_16,Bachelors,m,other,1,37,4.0,8,0,0,48
41413,Operations,region_20,Bachelors,f,other,1,28,4.0,3,0,0,59
53593,Operations,region_2,Masters & above,f,sourcing,1,57,2.0,25,0,0,57
71336,Procurement,region_17,Bachelors,f,other,1,35,3.0,6,0,0,67
22041,Technology,region_11,Bachelors,f,sourcing,1,31,4.0,4,1,0,82
53894,Procurement,region_2,Bachelors,m,other,1,31,3.0,6,0,0,67
24567,Operations,region_2,,m,other,1,30,3.0,9,0,0,60
19737,Technology,region_22,Masters & above,m,sourcing,1,36,3.0,3,0,0,78
35738,Operations,region_15,Bachelors,m,sourcing,2,34,5.0,7,1,0,59
41146,Procurement,region_2,Bachelors,f,other,1,45,4.0,5,1,0,75
8793,Sales & Marketing,region_30,Bachelors,m,sourcing,1,47,5.0,20,0,0,50
1818,Sales & Marketing,region_13,Masters & above,m,sourcing,1,42,1.0,11,0,0,51
40460,Analytics,region_4,Masters & above,m,other,1,38,5.0,4,1,0,82
52449,Sales & Marketing,region_19,Bachelors,f,sourcing,1,37,5.0,3,0,0,49
13448,HR,region_22,Masters & above,f,sourcing,1,35,5.0,7,1,0,47
46627,Sales & Marketing,region_22,Bachelors,m,other,4,27,5.0,3,0,0,48
15108,Sales & Marketing,region_4,Masters & above,m,sourcing,3,36,1.0,10,0,0,51
35321,Sales & Marketing,region_32,,m,other,1,28,2.0,2,0,0,51
17603,Analytics,region_26,Bachelors,m,sourcing,1,29,,1,0,0,84
13492,Operations,region_17,Masters & above,m,other,1,33,4.0,8,0,0,59
19174,Sales & Marketing,region_26,Bachelors,m,other,1,29,5.0,3,0,0,49
71706,Operations,region_2,Bachelors,f,sourcing,1,57,3.0,12,0,0,61
77365,Operations,region_31,Bachelors,f,other,1,29,,1,0,0,53
68930,Procurement,region_2,Bachelors,m,sourcing,1,35,3.0,9,0,0,68
16672,Analytics,region_6,Bachelors,m,sourcing,2,30,5.0,2,1,0,78
42333,Operations,region_5,Bachelors,m,other,1,36,3.0,4,0,0,58
51123,Analytics,region_32,,m,other,1,27,4.0,5,1,0,84
60801,Sales & Marketing,region_2,Bachelors,f,sourcing,1,56,4.0,6,1,0,47
28280,Procurement,region_22,Bachelors,m,sourcing,1,30,4.0,3,1,0,72
30189,Technology,region_16,Below Secondary,m,sourcing,1,23,,1,0,0,83
34918,Analytics,region_30,Bachelors,m,other,2,27,,1,0,0,82
647,Technology,region_20,Bachelors,m,other,1,30,1.0,7,0,0,81
67181,Operations,region_4,Bachelors,f,sourcing,1,27,4.0,3,1,0,61
45922,Sales & Marketing,region_6,Bachelors,m,other,2,31,2.0,5,0,0,46
21947,Operations,region_16,Bachelors,f,sourcing,1,49,3.0,21,0,0,59
41315,Sales & Marketing,region_20,Bachelors,m,sourcing,1,27,3.0,5,0,0,48
46684,Sales & Marketing,region_22,Bachelors,m,other,5,33,4.0,8,0,0,46
26247,Sales & Marketing,region_7,Masters & above,m,sourcing,1,54,4.0,10,0,0,48
30653,Analytics,region_9,Bachelors,m,other,2,28,4.0,6,0,0,89
21861,Legal,region_31,Bachelors,m,sourcing,1,31,3.0,2,1,0,58
39490,Operations,region_22,Masters & above,m,sourcing,1,44,3.0,10,0,0,55
25676,Sales & Marketing,region_7,Bachelors,m,other,2,33,1.0,6,0,0,48
54979,Operations,region_22,Masters & above,m,sourcing,1,40,4.0,4,1,0,61
47962,Analytics,region_7,Masters & above,m,other,1,33,2.0,8,0,0,85
64907,Finance,region_2,Bachelors,m,sourcing,3,26,3.0,2,0,0,64
49112,Sales & Marketing,region_15,,m,other,1,38,1.0,10,0,0,51
16868,Sales & Marketing,region_13,Bachelors,m,other,1,31,3.0,5,0,1,68
26545,Technology,region_26,Bachelors,m,referred,1,26,5.0,3,1,0,73
32025,Operations,region_6,Bachelors,f,other,1,34,3.0,7,0,0,65
40854,Analytics,region_31,Bachelors,m,sourcing,1,27,3.0,6,1,0,87
72201,Finance,region_6,Bachelors,m,sourcing,1,30,2.0,6,1,0,62
22322,Operations,region_27,Bachelors,m,other,1,47,3.0,18,0,0,59
6385,Sales & Marketing,region_21,Masters & above,m,other,1,36,3.0,2,0,0,48
65943,Sales & Marketing,region_25,,m,other,1,26,,1,1,0,55
52403,Analytics,region_22,Bachelors,m,sourcing,1,29,4.0,3,1,0,82
57800,Operations,region_4,Masters & above,f,other,1,34,3.0,6,0,0,61
73922,Procurement,region_17,Masters & above,f,other,1,41,4.0,4,1,0,70
9394,Sales & Marketing,region_6,Bachelors,m,other,2,30,3.0,4,0,0,48
43674,Operations,region_26,Masters & above,f,other,1,46,3.0,15,0,0,59
31462,Operations,region_13,Bachelors,m,other,1,40,5.0,5,1,0,56
76350,Procurement,region_16,Bachelors,m,sourcing,2,30,5.0,2,0,0,70
8568,Technology,region_29,Bachelors,m,other,1,40,2.0,2,1,0,83
19433,Operations,region_2,Bachelors,m,other,1,54,5.0,5,0,0,63
50753,Analytics,region_22,Masters & above,f,other,1,37,4.0,10,0,0,85
61394,Analytics,region_22,Bachelors,m,other,2,31,2.0,5,1,0,90
8379,Sales & Marketing,region_9,Bachelors,m,sourcing,1,32,3.0,9,0,0,48
60155,Sales & Marketing,region_2,,m,sourcing,1,30,3.0,2,1,0,48
17128,Technology,region_8,Bachelors,m,other,1,25,3.0,3,0,0,77
25154,Operations,region_33,Masters & above,m,sourcing,1,45,4.0,18,1,0,58
8563,Technology,region_24,Bachelors,m,sourcing,1,25,3.0,2,0,0,82
2638,Sales & Marketing,region_1,Bachelors,f,other,1,27,5.0,5,1,0,51
22390,Procurement,region_28,Masters & above,m,other,1,31,1.0,4,0,0,70
23438,Sales & Marketing,region_28,Bachelors,m,other,1,34,4.0,6,1,0,46
3433,Operations,region_2,Bachelors,m,sourcing,1,52,1.0,18,0,0,61
73815,Sales & Marketing,region_28,Masters & above,m,other,1,45,3.0,5,1,0,51
76615,Analytics,region_20,Bachelors,m,other,1,26,1.0,5,0,0,84
46700,Procurement,region_22,Bachelors,m,other,2,29,2.0,5,0,0,74
71385,Operations,region_2,Masters & above,f,other,1,31,3.0,5,1,0,58
32815,Operations,region_11,Masters & above,m,other,1,39,2.0,9,0,0,59
6572,Operations,region_29,Bachelors,m,other,1,32,5.0,8,1,0,58
47272,Analytics,region_7,Bachelors,m,sourcing,3,29,4.0,2,0,0,87
19321,Sales & Marketing,region_2,Bachelors,m,referred,1,30,3.0,5,1,0,50
74675,Sales & Marketing,region_1,Bachelors,m,other,1,29,5.0,6,1,0,49
53737,Procurement,region_31,Masters & above,f,other,1,40,4.0,5,1,0,66
3339,Technology,region_2,Bachelors,m,sourcing,1,59,3.0,18,0,0,78
49289,Technology,region_27,Bachelors,f,sourcing,1,24,4.0,2,1,0,79
60904,Sales & Marketing,region_2,Masters & above,m,other,1,41,2.0,7,0,0,50
50333,Sales & Marketing,region_4,Bachelors,m,sourcing,1,39,3.0,7,0,0,47
59422,Procurement,region_22,Masters & above,f,other,1,35,1.0,7,0,0,64
28762,Sales & Marketing,region_25,Bachelors,m,other,1,38,5.0,7,1,0,54
73936,HR,region_7,Bachelors,m,other,1,31,5.0,4,0,0,50
66883,Technology,region_4,Masters & above,f,sourcing,1,37,3.0,8,0,0,77
23582,Operations,region_26,Bachelors,f,other,1,36,4.0,2,1,0,55
24324,Operations,region_23,Bachelors,m,other,1,32,3.0,2,1,0,62
14339,Operations,region_2,Masters & above,f,sourcing,1,34,5.0,3,1,0,59
33659,R&D,region_26,Bachelors,m,sourcing,2,27,3.0,3,0,0,89
11536,Technology,region_2,Masters & above,f,other,1,33,5.0,7,1,0,80
51563,Operations,region_12,Masters & above,f,other,1,37,5.0,7,1,0,58
3034,Procurement,region_2,Masters & above,m,sourcing,1,49,4.0,19,0,0,73
17294,Technology,region_5,Masters & above,m,other,1,42,3.0,3,0,0,79
37568,Procurement,region_10,Masters & above,f,sourcing,1,35,3.0,3,0,0,70
31492,Analytics,region_25,Bachelors,m,sourcing,1,27,3.0,2,1,0,85
28373,Procurement,region_17,Masters & above,f,sourcing,1,37,3.0,4,0,0,74
44531,Sales & Marketing,region_15,Masters & above,m,other,1,30,1.0,3,0,1,47
58347,Technology,region_5,Masters & above,f,sourcing,1,32,1.0,2,0,0,83
26369,Sales & Marketing,region_26,Bachelors,m,sourcing,2,24,,1,0,0,51
76037,Technology,region_7,Bachelors,f,sourcing,1,32,3.0,3,1,0,82
10922,Sales & Marketing,region_22,Bachelors,m,other,1,31,2.0,7,0,0,50
23850,Operations,region_7,Bachelors,m,other,1,35,3.0,7,0,0,90
71289,Analytics,region_15,Bachelors,m,other,1,29,,1,0,0,83
55535,Technology,region_13,Masters & above,m,other,1,33,3.0,4,0,0,75
18906,Sales & Marketing,region_4,Bachelors,m,sourcing,1,32,,1,0,0,48
34670,Operations,region_4,Masters & above,m,sourcing,1,52,3.0,10,1,0,58
33390,Procurement,region_2,Bachelors,f,other,1,42,3.0,4,1,0,68
1610,Operations,region_12,Bachelors,m,other,2,31,,1,0,0,57
72160,Sales & Marketing,region_22,Bachelors,m,other,4,29,,1,0,0,51
22613,Operations,region_15,Bachelors,m,sourcing,1,32,3.0,5,1,0,56
9651,Technology,region_27,Bachelors,f,sourcing,2,32,3.0,8,0,0,79
25359,Finance,region_13,Bachelors,m,other,1,32,1.0,9,0,1,92
70967,R&D,region_22,Masters & above,m,sourcing,2,28,3.0,4,0,0,88
5676,R&D,region_22,Masters & above,m,other,3,31,4.0,8,0,0,83
71343,Procurement,region_27,Masters & above,m,other,2,40,4.0,10,1,1,67
51627,Analytics,region_25,Masters & above,m,other,1,37,4.0,8,0,0,86
29914,Sales & Marketing,region_22,Bachelors,m,other,1,27,,1,0,0,52
15192,Technology,region_22,Masters & above,m,other,1,43,1.0,12,0,0,78
38604,Sales & Marketing,region_31,Bachelors,m,other,1,49,4.0,2,0,0,48
60551,R&D,region_22,Bachelors,f,sourcing,1,29,5.0,5,1,0,86
2441,Procurement,region_2,Masters & above,m,other,1,58,5.0,15,1,0,67
78162,Sales & Marketing,region_9,Masters & above,m,other,1,30,3.0,4,1,0,49
74922,Sales & Marketing,region_30,Bachelors,m,other,1,28,4.0,5,0,0,48
75025,Technology,region_24,Bachelors,m,other,1,36,1.0,4,0,0,80
630,Finance,region_4,Masters & above,f,other,1,35,5.0,7,1,0,59
47336,Sales & Marketing,region_13,Bachelors,m,sourcing,1,45,3.0,14,0,0,46
52837,Technology,region_2,Masters & above,m,sourcing,1,54,3.0,22,0,0,76
10725,Technology,region_2,Bachelors,m,sourcing,3,37,1.0,9,0,0,75
61065,Sales & Marketing,region_2,,f,other,1,20,,1,0,0,43
16634,Technology,region_2,Bachelors,f,referred,1,29,5.0,4,1,0,74
42211,Sales & Marketing,region_26,Bachelors,m,other,1,35,5.0,8,0,0,47
55821,Procurement,region_22,Bachelors,m,sourcing,3,33,3.0,6,0,0,72
43781,Sales & Marketing,region_22,,m,other,1,27,3.0,2,0,0,47
21263,Analytics,region_8,Bachelors,m,sourcing,1,32,5.0,3,1,0,86
14633,Sales & Marketing,region_6,Bachelors,m,sourcing,2,35,1.0,7,0,0,46
35027,Sales & Marketing,region_13,,m,sourcing,1,30,3.0,4,0,0,49
63387,Operations,region_4,Bachelors,f,other,1,27,4.0,4,0,0,64
15260,Procurement,region_7,Masters & above,m,other,1,31,4.0,5,1,0,66
6642,Operations,region_2,Bachelors,f,sourcing,1,47,5.0,9,1,0,64
21642,Sales & Marketing,region_22,Bachelors,m,sourcing,2,36,4.0,7,0,0,52
20238,Sales & Marketing,region_6,Bachelors,m,other,2,24,,1,1,0,55
501,Analytics,region_22,Masters & above,m,other,1,42,1.0,14,0,0,88
41351,Analytics,region_13,Bachelors,m,sourcing,1,31,5.0,3,1,0,99
76519,Analytics,region_27,Bachelors,m,sourcing,1,39,3.0,7,1,0,80
61048,Finance,region_28,Bachelors,f,sourcing,1,25,5.0,4,1,0,61
32396,Analytics,region_23,Bachelors,m,other,1,32,3.0,7,1,0,90
33807,HR,region_7,Bachelors,m,other,1,41,3.0,7,0,0,52
16352,Operations,region_15,Bachelors,m,other,1,49,5.0,17,1,0,62
27354,Operations,region_2,Bachelors,f,sourcing,3,33,5.0,3,1,0,60
16989,Operations,region_2,Bachelors,m,sourcing,1,28,5.0,2,1,0,60
36530,Operations,region_22,Masters & above,f,sourcing,1,49,4.0,20,1,0,64
68677,Technology,region_17,Masters & above,m,other,1,37,3.0,4,0,0,80
28644,Sales & Marketing,region_26,Bachelors,m,other,2,28,1.0,5,0,0,50
51738,Operations,region_2,Masters & above,f,sourcing,1,34,5.0,10,1,0,63
12624,Sales & Marketing,region_16,Bachelors,m,other,1,33,3.0,7,0,0,68
16009,Sales & Marketing,region_7,Bachelors,m,sourcing,1,32,2.0,5,0,0,43
36736,Sales & Marketing,region_32,Bachelors,m,other,1,37,5.0,9,0,0,53
44200,Operations,region_4,Bachelors,m,other,1,52,5.0,4,1,0,60
5316,Technology,region_23,Bachelors,m,other,1,26,4.0,2,1,0,76
63857,Legal,region_7,Below Secondary,m,sourcing,1,29,3.0,2,0,0,60
66073,Operations,region_4,Masters & above,m,other,1,42,4.0,14,1,0,56
30703,Technology,region_2,Bachelors,m,sourcing,1,41,3.0,10,0,1,97
3436,Technology,region_10,Bachelors,m,sourcing,2,31,4.0,2,1,0,80
8358,Operations,region_7,Bachelors,m,sourcing,1,39,3.0,10,1,0,61
74678,Technology,region_2,Bachelors,f,referred,1,26,4.0,4,0,0,78
11394,Finance,region_2,Bachelors,f,other,1,26,4.0,2,1,0,58
1587,Operations,region_8,Bachelors,m,sourcing,1,35,5.0,7,1,0,60
59633,Procurement,region_24,Bachelors,m,other,1,25,3.0,3,1,0,75
27320,Procurement,region_2,Bachelors,f,other,1,51,4.0,3,0,0,70
33140,Sales & Marketing,region_2,Masters & above,f,other,1,60,3.0,6,0,0,46
39510,Sales & Marketing,region_7,Bachelors,m,other,2,32,5.0,2,1,0,50
17563,Analytics,region_5,Masters & above,m,sourcing,2,33,5.0,3,0,0,81
26823,Operations,region_7,Bachelors,f,other,1,48,3.0,18,0,0,56
77730,Procurement,region_2,Masters & above,f,other,2,39,4.0,3,1,0,94
17232,Operations,region_15,Bachelors,m,other,1,28,3.0,7,0,0,54
2314,Procurement,region_2,Below Secondary,m,sourcing,3,25,3.0,3,0,0,69
60174,Sales & Marketing,region_6,Bachelors,f,sourcing,1,35,4.0,2,0,0,53
31474,Procurement,region_2,Bachelors,m,other,1,26,,1,0,0,70
68536,HR,region_7,Masters & above,f,other,1,34,4.0,7,0,0,48
76160,Sales & Marketing,region_26,Bachelors,m,sourcing,2,35,3.0,3,0,0,48
63554,Operations,region_7,Bachelors,m,sourcing,1,33,3.0,8,0,0,59
53448,Operations,region_13,Masters & above,m,sourcing,1,35,3.0,3,1,0,60
12520,Sales & Marketing,region_11,Bachelors,f,other,1,37,3.0,7,0,0,50
52501,Finance,region_27,Bachelors,f,sourcing,2,25,3.0,2,0,0,56
46641,HR,region_11,Bachelors,f,other,1,24,3.0,2,0,0,46
48434,Operations,region_2,Masters & above,m,other,1,40,4.0,9,0,0,61
76855,Operations,region_2,Bachelors,f,sourcing,2,30,4.0,4,0,0,60
51946,Procurement,region_13,Bachelors,m,other,4,27,3.0,4,0,0,70
52886,Sales & Marketing,region_25,Bachelors,m,other,2,26,2.0,2,0,0,51
8550,R&D,region_27,Bachelors,m,sourcing,1,32,3.0,2,0,0,85
23952,R&D,region_28,Masters & above,m,other,3,34,5.0,4,0,0,87
65997,Sales & Marketing,region_20,Bachelors,m,other,3,26,2.0,2,0,0,47
63161,Operations,region_2,Bachelors,m,sourcing,1,55,4.0,7,1,0,63
53594,Procurement,region_2,Masters & above,f,other,1,50,4.0,17,0,0,67
65491,Sales & Marketing,region_22,Bachelors,m,referred,1,33,1.0,8,0,0,52
10394,Operations,region_22,Masters & above,m,other,1,45,1.0,3,0,0,57
72407,Analytics,region_2,Masters & above,m,sourcing,2,34,4.0,7,0,0,87
3810,Technology,region_2,Bachelors,m,other,1,52,3.0,3,0,0,79
38578,Operations,region_15,Bachelors,f,sourcing,1,31,5.0,5,0,0,61
41724,Technology,region_29,Bachelors,m,other,1,30,3.0,2,0,0,79
48229,Finance,region_22,Below Secondary,f,sourcing,2,24,3.0,2,0,0,61
28531,Procurement,region_5,Bachelors,m,other,1,37,4.0,3,1,0,69
49785,Sales & Marketing,region_11,Bachelors,m,other,1,32,3.0,3,0,0,41
64613,Sales & Marketing,region_28,Bachelors,f,sourcing,1,26,,1,0,0,48
63416,HR,region_2,Masters & above,m,sourcing,1,32,5.0,5,1,0,46
10374,Technology,region_7,Bachelors,m,sourcing,1,55,3.0,28,0,0,83
55698,Sales & Marketing,region_2,,m,other,1,24,,1,1,0,51
26854,Finance,region_7,Bachelors,m,sourcing,1,36,5.0,2,1,0,59
1891,Sales & Marketing,region_1,Masters & above,m,other,1,36,5.0,2,0,0,51
33028,Technology,region_22,Bachelors,m,other,1,29,,1,1,0,80
16888,Sales & Marketing,region_10,Bachelors,m,other,1,28,3.0,6,0,0,46
8664,Sales & Marketing,region_2,Masters & above,m,sourcing,1,54,3.0,14,0,0,50
23661,Sales & Marketing,region_30,Bachelors,m,sourcing,1,36,1.0,9,0,0,48
24146,Operations,region_8,Bachelors,m,sourcing,1,28,5.0,3,0,1,64
34627,HR,region_22,Below Secondary,m,other,2,24,3.0,2,0,0,55
41835,Operations,region_13,Masters & above,m,sourcing,2,35,5.0,6,1,1,96
19007,Sales & Marketing,region_4,Masters & above,m,other,1,37,3.0,4,0,0,53
31026,Technology,region_2,Bachelors,f,other,1,35,3.0,5,1,0,79
49769,Operations,region_25,Bachelors,m,other,1,28,4.0,5,0,0,60
59442,Sales & Marketing,region_14,Bachelors,m,other,1,37,3.0,10,1,0,48
34567,Analytics,region_31,Bachelors,m,sourcing,1,27,,1,0,0,83
39681,Analytics,region_4,Bachelors,m,sourcing,1,34,3.0,10,0,0,90
66433,Sales & Marketing,region_9,,m,other,1,29,4.0,2,0,0,51
73999,Finance,region_22,Bachelors,f,other,1,27,3.0,4,0,0,70
6656,Finance,region_2,Bachelors,f,other,1,27,5.0,2,1,0,60
21971,Sales & Marketing,region_2,Bachelors,m,sourcing,2,36,5.0,7,0,0,50
46255,HR,region_22,Bachelors,m,other,1,22,3.0,2,0,0,55
66592,Sales & Marketing,region_2,Masters & above,f,sourcing,2,30,3.0,3,1,0,46
50675,Operations,region_27,Bachelors,m,other,1,41,3.0,2,1,0,57
733,Sales & Marketing,region_2,Masters & above,f,other,1,36,5.0,7,1,0,47
32810,Sales & Marketing,region_2,Bachelors,m,sourcing,2,47,5.0,16,0,0,49
4409,Analytics,region_2,Masters & above,m,other,1,33,4.0,4,0,0,87
22666,Procurement,region_10,Masters & above,m,sourcing,1,42,2.0,10,0,0,64
17303,Sales & Marketing,region_13,Bachelors,m,other,1,35,3.0,9,0,0,48
63547,Analytics,region_22,Bachelors,m,sourcing,1,38,1.0,4,0,0,85
44401,Technology,region_33,Bachelors,m,sourcing,1,30,,1,1,0,82
67097,Procurement,region_2,Masters & above,f,sourcing,1,37,5.0,4,1,0,71
59110,Legal,region_22,Masters & above,m,sourcing,1,37,5.0,9,1,0,61
67280,Sales & Marketing,region_2,,m,sourcing,1,22,3.0,2,1,0,54
11716,Procurement,region_22,Masters & above,m,other,1,33,5.0,5,0,0,67
6741,Operations,region_8,Bachelors,f,sourcing,1,31,4.0,6,0,0,60
22554,Finance,region_2,Bachelors,f,sourcing,1,40,5.0,3,0,0,63
43663,Procurement,region_21,Masters & above,m,other,1,50,3.0,4,0,0,71
42766,Procurement,region_13,Bachelors,f,other,1,33,5.0,5,0,0,67
53587,Sales & Marketing,region_7,Bachelors,m,referred,2,33,5.0,6,1,0,48
40826,Technology,region_16,Masters & above,f,sourcing,1,55,3.0,6,1,0,77
681,R&D,region_22,Masters & above,m,sourcing,1,28,4.0,2,0,0,81
2869,Analytics,region_28,Bachelors,m,other,1,28,5.0,3,1,0,83
40614,Sales & Marketing,region_5,Bachelors,m,sourcing,1,30,4.0,8,1,1,48
41965,Sales & Marketing,region_11,Masters & above,m,other,1,41,5.0,13,0,0,50
5728,Procurement,region_26,Masters & above,m,sourcing,1,35,3.0,10,0,0,73
18225,Legal,region_17,Bachelors,m,sourcing,1,29,,1,0,0,59
591,Procurement,region_22,Bachelors,m,other,1,41,4.0,11,0,0,70
75862,HR,region_7,Bachelors,m,other,1,30,1.0,4,0,0,47
39330,Procurement,region_7,Bachelors,m,sourcing,1,40,4.0,7,0,0,70
62068,Analytics,region_30,Bachelors,m,sourcing,4,29,,1,0,0,81
20302,Sales & Marketing,region_2,,m,other,1,20,5.0,2,1,0,54
7004,Sales & Marketing,region_6,Bachelors,m,other,1,41,1.0,5,0,0,52
7628,Sales & Marketing,region_15,Bachelors,m,other,1,43,3.0,4,0,0,51
1806,Sales & Marketing,region_16,Bachelors,f,other,1,28,1.0,2,0,0,52
64117,Sales & Marketing,region_13,Bachelors,m,sourcing,2,32,2.0,7,1,0,47
76140,Procurement,region_26,Masters & above,m,other,1,38,3.0,10,0,0,70
53800,Sales & Marketing,region_2,Bachelors,m,other,4,30,,1,0,0,52
38443,Operations,region_19,Masters & above,m,sourcing,1,41,3.0,2,1,0,59
24329,Procurement,region_17,Bachelors,m,sourcing,1,31,3.0,9,1,0,75
73454,Technology,region_5,Masters & above,m,other,1,38,3.0,9,0,0,83
32533,Sales & Marketing,region_30,Bachelors,f,other,2,33,3.0,4,0,0,53
40066,HR,region_24,Bachelors,m,other,1,32,1.0,4,0,0,53
544,Technology,region_5,Bachelors,f,other,2,33,3.0,5,0,0,76
63901,HR,region_7,Bachelors,m,other,1,31,2.0,5,0,0,66
68322,Procurement,region_6,Bachelors,m,other,1,35,4.0,8,0,0,70
36008,Analytics,region_25,Bachelors,m,other,1,32,3.0,8,0,0,86
76171,Analytics,region_31,Masters & above,m,other,2,36,5.0,7,0,0,93
45886,Sales & Marketing,region_22,Masters & above,m,sourcing,7,36,1.0,3,0,0,49
21660,Sales & Marketing,region_21,Bachelors,m,sourcing,1,32,3.0,10,0,0,47
36370,Operations,region_19,Bachelors,m,other,1,47,3.0,5,1,0,60
65303,Sales & Marketing,region_6,Bachelors,m,sourcing,1,30,5.0,7,1,1,48
9209,Operations,region_30,Bachelors,m,sourcing,1,27,,1,0,0,58
45049,Technology,region_2,Masters & above,m,other,3,44,3.0,7,0,0,79
31563,Sales & Marketing,region_33,Bachelors,m,sourcing,1,39,3.0,4,1,0,51
11259,HR,region_2,Bachelors,m,referred,1,25,3.0,2,0,0,51
75938,Sales & Marketing,region_7,Bachelors,f,sourcing,1,30,2.0,5,0,0,61
10259,Finance,region_2,Bachelors,m,other,1,41,4.0,6,0,0,55
19565,Sales & Marketing,region_22,Bachelors,f,sourcing,1,36,5.0,9,1,0,49
16909,Operations,region_32,Bachelors,m,sourcing,1,27,,1,0,0,60
51611,Sales & Marketing,region_14,Bachelors,m,sourcing,1,49,5.0,19,0,0,48
20217,Analytics,region_23,Masters & above,m,other,1,38,3.0,4,0,0,84
29257,Sales & Marketing,region_26,Masters & above,m,sourcing,1,38,3.0,4,0,0,46
41707,Procurement,region_31,Bachelors,m,other,1,27,1.0,2,0,0,70
15935,Sales & Marketing,region_2,Bachelors,m,sourcing,1,53,2.0,15,0,0,52
22373,Technology,region_13,Bachelors,m,referred,1,29,4.0,4,0,0,79
87,Technology,region_27,Bachelors,m,other,1,29,4.0,7,1,0,81
71760,Procurement,region_8,Bachelors,m,other,1,38,4.0,9,0,0,70
1110,Sales & Marketing,region_22,Bachelors,m,other,3,25,1.0,3,0,0,51
70179,Technology,region_17,Bachelors,f,other,2,35,3.0,4,1,0,76
637,Sales & Marketing,region_2,Masters & above,m,sourcing,1,50,3.0,15,0,0,49
38457,Legal,region_27,Below Secondary,m,other,1,26,5.0,2,1,0,58
26498,Operations,region_13,Masters & above,m,sourcing,1,36,3.0,7,0,0,58
24307,Technology,region_2,Bachelors,f,referred,1,53,5.0,8,1,0,75
55409,Operations,region_2,Below Secondary,m,other,1,25,3.0,3,0,0,61
73457,Operations,region_23,Bachelors,m,sourcing,1,42,3.0,7,1,0,62
4664,HR,region_27,Masters & above,m,sourcing,1,41,3.0,7,0,0,47
26015,Technology,region_7,Masters & above,m,other,1,35,2.0,6,0,0,79
11586,Sales & Marketing,region_31,Bachelors,m,other,1,31,3.0,4,1,0,46
48858,Analytics,region_4,Bachelors,m,other,1,29,5.0,4,1,0,82
19108,Analytics,region_2,Bachelors,m,sourcing,1,45,5.0,18,1,0,85
43574,Technology,region_26,Bachelors,f,other,1,38,4.0,5,0,0,83
77171,Operations,region_32,Masters & above,m,other,1,35,1.0,9,0,0,61
57136,Analytics,region_22,Bachelors,m,sourcing,2,27,3.0,4,0,0,84
14753,Legal,region_2,Bachelors,m,other,1,26,3.0,2,0,0,57
14340,Procurement,region_2,,f,sourcing,1,41,2.0,5,0,0,66
726,Analytics,region_9,Bachelors,m,other,3,29,3.0,5,0,0,84
36352,Procurement,region_22,Bachelors,m,other,1,32,5.0,2,1,0,72
60964,Procurement,region_7,Bachelors,f,sourcing,2,40,3.0,3,0,1,71
59764,Procurement,region_2,Bachelors,f,other,1,60,5.0,3,0,0,89
72829,Sales & Marketing,region_26,Bachelors,f,sourcing,1,23,,1,1,0,49
14602,Technology,region_15,Bachelors,f,other,1,26,4.0,3,0,0,81
25716,Operations,region_13,Bachelors,m,other,1,36,3.0,3,1,0,61
17755,Procurement,region_17,Masters & above,f,sourcing,1,53,4.0,8,0,0,68
55930,Procurement,region_13,Masters & above,f,other,2,45,1.0,3,0,0,65
1299,Sales & Marketing,region_13,Bachelors,m,sourcing,1,52,5.0,4,1,0,51
49391,Sales & Marketing,region_15,,m,other,1,27,1.0,4,0,0,49
44793,Sales & Marketing,region_27,,m,other,1,31,1.0,4,0,0,51
24213,Sales & Marketing,region_22,Masters & above,f,sourcing,1,34,1.0,8,0,0,46
8940,Procurement,region_2,Bachelors,m,other,1,37,5.0,10,1,0,68
66725,Analytics,region_7,Masters & above,m,other,1,37,3.0,3,1,0,80
42494,Analytics,region_32,Bachelors,m,other,1,35,3.0,2,1,0,86
54417,R&D,region_22,Masters & above,m,other,2,33,3.0,9,1,0,90
25721,Sales & Marketing,region_29,Bachelors,m,other,2,30,1.0,3,0,0,55
69001,Operations,region_4,Bachelors,m,other,1,47,1.0,18,0,0,62
9985,Finance,region_28,Bachelors,m,other,1,26,,1,1,0,59
49625,Sales & Marketing,region_7,Masters & above,f,other,1,41,4.0,14,0,0,49
27350,Sales & Marketing,region_30,Masters & above,m,other,2,37,3.0,9,0,0,50
38430,Procurement,region_17,Masters & above,f,other,1,33,1.0,9,0,0,70
19261,Analytics,region_2,Bachelors,m,sourcing,4,34,3.0,8,0,0,81
19123,Sales & Marketing,region_14,Bachelors,f,other,1,33,5.0,7,0,0,50
53161,Finance,region_22,Bachelors,m,other,1,28,4.0,4,0,0,60
71537,Technology,region_21,Bachelors,f,other,3,37,3.0,8,1,0,80
42861,Sales & Marketing,region_9,Bachelors,m,sourcing,4,27,2.0,1,0,0,52
52911,Procurement,region_23,Bachelors,f,other,1,30,5.0,2,1,0,92
8857,Sales & Marketing,region_19,Bachelors,m,other,1,42,3.0,9,0,0,43
67062,Procurement,region_2,Bachelors,m,other,1,38,1.0,9,0,0,71
11769,Analytics,region_2,Masters & above,m,sourcing,2,48,5.0,6,0,0,82
73247,Sales & Marketing,region_16,Bachelors,f,sourcing,1,34,1.0,4,0,0,49
46092,Finance,region_2,Bachelors,m,sourcing,3,30,5.0,4,0,1,75
45109,Analytics,region_2,,m,sourcing,3,25,,1,0,0,86
24336,Analytics,region_22,Masters & above,m,other,1,43,5.0,15,1,0,85
23249,Sales & Marketing,region_22,Masters & above,m,sourcing,2,33,3.0,8,0,0,53
18910,Operations,region_6,Bachelors,m,other,1,27,4.0,2,0,0,60
50652,Operations,region_30,Bachelors,f,sourcing,1,35,3.0,3,0,0,58
62965,HR,region_32,Bachelors,m,sourcing,1,26,5.0,2,1,1,50
47091,Procurement,region_16,Bachelors,m,sourcing,1,36,4.0,3,0,0,64
48301,HR,region_15,Masters & above,m,other,1,35,3.0,5,0,0,48
9201,Technology,region_4,Bachelors,f,other,1,29,1.0,3,0,0,80
49706,Sales & Marketing,region_28,Masters & above,m,other,1,35,2.0,4,1,0,49
74283,Procurement,region_13,Bachelors,f,other,1,28,5.0,5,1,0,67
44515,Technology,region_5,Bachelors,m,other,1,32,3.0,3,0,0,83
28456,Operations,region_20,Bachelors,m,sourcing,1,25,,1,1,0,56
55052,Technology,region_23,Bachelors,m,other,1,29,4.0,5,1,1,85
41826,Technology,region_7,Bachelors,m,sourcing,1,43,5.0,7,1,0,77
23663,Sales & Marketing,region_2,Bachelors,f,sourcing,4,30,4.0,7,0,0,43
14549,Sales & Marketing,region_22,,m,sourcing,1,28,3.0,4,0,0,50
51261,Procurement,region_17,Masters & above,f,other,1,32,3.0,5,1,0,64
22778,Sales & Marketing,region_13,Bachelors,m,other,1,34,2.0,8,0,0,49
5156,Operations,region_4,Bachelors,m,sourcing,2,29,5.0,3,1,0,57
64998,Operations,region_32,Bachelors,f,other,1,37,3.0,9,1,0,62
29412,Sales & Marketing,region_31,Bachelors,m,other,2,31,3.0,4,0,0,46
57821,HR,region_2,Masters & above,m,other,1,34,5.0,3,0,0,97
64523,Sales & Marketing,region_7,Masters & above,m,other,1,42,2.0,6,0,0,48
64447,Operations,region_26,Bachelors,f,other,1,27,4.0,4,1,0,57
77472,Analytics,region_22,,m,other,1,30,3.0,4,1,0,84
36622,Procurement,region_31,Bachelors,f,other,1,33,2.0,9,0,0,70
57531,Sales & Marketing,region_26,Masters & above,m,sourcing,1,49,1.0,6,0,0,48
33042,Technology,region_28,Bachelors,m,sourcing,1,28,3.0,5,1,0,78
67067,Technology,region_7,Bachelors,f,other,2,35,3.0,8,0,0,78
48890,Procurement,region_2,Masters & above,f,other,1,49,1.0,2,0,0,67
9979,Technology,region_2,Bachelors,m,other,2,54,3.0,27,0,0,78
53517,Technology,region_2,Masters & above,m,sourcing,1,55,3.0,4,0,0,81
73981,R&D,region_2,Masters & above,m,other,1,39,3.0,13,0,0,80
28488,Sales & Marketing,region_22,Bachelors,m,sourcing,1,31,5.0,3,0,0,48
9975,Sales & Marketing,region_28,Bachelors,m,other,1,34,3.0,5,0,0,53
69115,Analytics,region_23,Bachelors,m,sourcing,1,32,2.0,5,0,0,84
545,Operations,region_26,Bachelors,f,other,1,26,3.0,3,0,0,88
3574,Analytics,region_22,Masters & above,m,sourcing,1,33,3.0,7,0,0,87
13767,Technology,region_2,Bachelors,f,sourcing,1,28,3.0,6,1,0,76
12816,Sales & Marketing,region_2,Bachelors,f,other,1,28,4.0,4,1,1,50
74140,Procurement,region_2,Bachelors,m,other,2,31,4.0,7,1,0,71
72121,Technology,region_2,Masters & above,m,other,1,60,3.0,7,0,0,79
68471,Sales & Marketing,region_13,Bachelors,m,other,1,28,5.0,3,1,0,51
62020,Operations,region_10,Bachelors,m,sourcing,1,31,5.0,4,1,0,60
11397,Sales & Marketing,region_28,Bachelors,m,other,1,34,1.0,9,0,0,52
61814,Operations,region_27,Bachelors,f,other,1,33,2.0,3,0,0,58
25454,Technology,region_13,Masters & above,f,other,1,34,3.0,8,0,0,79
78033,HR,region_2,Masters & above,f,other,1,50,1.0,16,0,0,49
59750,Legal,region_7,Below Secondary,m,other,1,29,,1,1,0,61
56148,Procurement,region_2,Bachelors,m,sourcing,1,40,1.0,7,0,0,65
11670,Finance,region_2,Bachelors,m,sourcing,1,30,3.0,4,0,0,62
62281,Procurement,region_14,Bachelors,m,other,1,30,5.0,5,1,0,69
14679,Analytics,region_22,Bachelors,m,sourcing,2,32,5.0,6,1,0,85
30927,Procurement,region_2,Masters & above,m,other,1,51,5.0,22,1,0,96
36374,Sales & Marketing,region_12,Bachelors,m,sourcing,1,34,2.0,8,0,0,52
45650,Procurement,region_22,Bachelors,m,sourcing,3,27,3.0,2,0,1,87
75926,Sales & Marketing,region_22,Bachelors,m,other,3,30,3.0,7,0,0,50
56969,Procurement,region_2,Masters & above,f,other,1,52,1.0,13,0,0,69
29626,Sales & Marketing,region_11,Bachelors,m,sourcing,1,51,5.0,14,0,0,55
51550,Technology,region_10,Masters & above,f,sourcing,1,36,5.0,4,1,0,80
16068,Sales & Marketing,region_2,Bachelors,f,other,1,31,1.0,3,1,0,48
60714,Technology,region_5,Bachelors,m,other,3,30,3.0,3,0,0,82
19664,Operations,region_2,Bachelors,m,other,1,29,,1,0,0,62
75540,Operations,region_7,Bachelors,f,sourcing,1,41,4.0,6,0,0,55
69019,Sales & Marketing,region_24,Bachelors,m,other,1,28,3.0,3,0,0,49
2698,Procurement,region_22,Masters & above,f,sourcing,1,30,3.0,6,0,0,75
41939,Operations,region_11,Bachelors,m,other,1,29,3.0,3,0,0,66
38555,Procurement,region_2,Masters & above,f,sourcing,1,53,3.0,5,0,1,93
69066,Sales & Marketing,region_19,Bachelors,m,other,1,29,1.0,5,0,0,47
36200,Procurement,region_2,Masters & above,f,other,1,52,3.0,7,0,0,69
23322,Sales & Marketing,region_28,Masters & above,m,other,1,34,5.0,7,0,0,52
61573,Analytics,region_26,Bachelors,m,other,2,30,3.0,9,0,0,85
11806,Sales & Marketing,region_13,Masters & above,m,other,2,32,5.0,7,0,0,52
53705,Sales & Marketing,region_2,Masters & above,m,other,1,31,1.0,4,0,0,49
54192,HR,region_22,Below Secondary,m,other,1,24,2.0,2,0,0,47
18148,Procurement,region_17,,f,sourcing,1,31,3.0,5,0,0,75
52409,Analytics,region_22,Bachelors,f,other,1,28,1.0,6,1,0,86
36674,Analytics,region_7,Bachelors,m,sourcing,2,43,4.0,5,1,0,83
13217,Sales & Marketing,region_26,Bachelors,m,sourcing,1,43,5.0,4,0,0,48
1294,Operations,region_22,Bachelors,m,sourcing,1,35,5.0,10,0,0,62
52546,Analytics,region_22,Bachelors,f,sourcing,1,27,3.0,2,0,0,90
2722,Procurement,region_27,Masters & above,m,sourcing,1,43,3.0,12,0,0,74
28402,Sales & Marketing,region_14,Bachelors,m,sourcing,1,29,3.0,7,0,0,46
35910,Operations,region_15,Bachelors,m,referred,1,34,4.0,7,0,0,59
73371,Technology,region_7,Below Secondary,f,sourcing,1,24,,1,0,0,85
37294,Legal,region_2,Masters & above,m,sourcing,1,38,4.0,8,0,0,58
32173,Sales & Marketing,region_31,Bachelors,f,sourcing,1,33,4.0,9,0,0,51
70799,Procurement,region_30,Bachelors,f,sourcing,1,32,4.0,5,1,0,68
16125,HR,region_25,Bachelors,m,sourcing,1,29,4.0,6,0,0,54
54368,Operations,region_2,Masters & above,m,other,1,42,3.0,4,0,0,58
60296,Sales & Marketing,region_1,Bachelors,m,other,2,25,,1,0,0,49
47453,Sales & Marketing,region_22,Bachelors,m,other,4,25,3.0,2,0,0,49
30761,Sales & Marketing,region_2,Masters & above,m,other,1,44,4.0,13,0,0,52
26995,Operations,region_7,Masters & above,m,other,1,44,5.0,4,1,0,63
25417,Sales & Marketing,region_22,Bachelors,m,sourcing,1,25,3.0,3,1,0,49
251,Operations,region_13,Bachelors,m,other,1,40,4.0,7,0,0,57
39392,Analytics,region_31,Bachelors,m,sourcing,1,29,3.0,3,0,0,88
61103,Technology,region_2,Masters & above,f,other,1,42,4.0,17,0,0,78
62305,Analytics,region_2,,m,sourcing,1,40,4.0,4,0,0,85
63262,Finance,region_28,Masters & above,f,other,1,33,3.0,5,1,0,58
46701,Technology,region_2,Bachelors,m,referred,2,27,3.0,2,0,0,80
75676,Sales & Marketing,region_22,Bachelors,m,sourcing,2,27,3.0,3,1,0,47
15478,Sales & Marketing,region_33,Bachelors,m,other,1,27,2.0,4,0,0,49
42098,Procurement,region_13,Masters & above,m,other,1,31,3.0,8,0,0,69
13842,Operations,region_27,Masters & above,m,sourcing,1,39,5.0,7,1,0,59
17522,Sales & Marketing,region_25,Bachelors,m,sourcing,3,27,,1,0,0,50
10627,Operations,region_15,Bachelors,m,sourcing,1,41,1.0,7,0,0,62
35417,Operations,region_19,Bachelors,m,sourcing,1,35,4.0,7,0,0,57
75714,Sales & Marketing,region_13,Bachelors,m,other,1,32,4.0,3,0,0,55
45534,Technology,region_2,Bachelors,m,other,1,34,4.0,5,0,0,83
7467,Procurement,region_2,Below Secondary,f,other,1,20,,1,0,0,69
48032,Operations,region_15,Bachelors,m,other,1,33,3.0,9,0,0,62
66214,Sales & Marketing,region_22,,m,sourcing,1,23,,1,0,0,50
4936,Sales & Marketing,region_8,Bachelors,m,other,1,28,5.0,2,0,0,51
25411,Sales & Marketing,region_7,Masters & above,m,other,1,36,5.0,3,1,0,54
50222,Operations,region_2,Bachelors,m,sourcing,1,52,4.0,7,0,0,62
7501,Operations,region_31,,m,other,1,31,5.0,7,1,0,58
61241,R&D,region_27,Masters & above,m,sourcing,1,33,1.0,8,0,0,83
58082,Sales & Marketing,region_26,Bachelors,m,sourcing,1,59,5.0,7,0,0,47
7097,HR,region_22,Bachelors,m,referred,1,29,3.0,2,0,0,50
17191,Operations,region_10,Masters & above,m,other,1,34,5.0,4,1,0,58
13055,HR,region_2,Masters & above,m,sourcing,1,39,3.0,4,0,0,46
32555,Sales & Marketing,region_13,Bachelors,m,sourcing,2,29,1.0,2,0,0,45
47229,Operations,region_13,Bachelors,f,other,1,38,5.0,8,1,0,61
57859,Sales & Marketing,region_7,Masters & above,m,sourcing,1,39,5.0,7,0,0,49
62140,Legal,region_2,Bachelors,m,other,1,33,3.0,2,0,0,53
36214,HR,region_2,Bachelors,m,other,1,37,1.0,9,0,0,50
75907,Operations,region_2,Bachelors,m,other,1,48,1.0,19,0,0,58
63066,HR,region_7,Bachelors,m,other,2,40,3.0,16,0,0,53
4668,Operations,region_15,Bachelors,f,other,1,48,4.0,19,0,0,63
21223,Analytics,region_31,Bachelors,m,sourcing,1,27,,1,0,0,81
29494,Operations,region_7,Bachelors,m,other,1,31,4.0,4,1,0,60
6007,Finance,region_26,Bachelors,m,sourcing,1,25,3.0,2,0,0,61
27401,Analytics,region_2,Masters & above,m,sourcing,1,37,3.0,5,0,0,81
55595,Operations,region_13,Bachelors,f,sourcing,2,32,5.0,6,0,0,88
7349,Operations,region_2,Bachelors,f,sourcing,1,42,5.0,5,1,0,64
8346,Operations,region_2,Bachelors,m,sourcing,1,57,4.0,6,1,0,60
33910,Procurement,region_2,Bachelors,m,sourcing,1,47,4.0,15,1,0,66
35469,Operations,region_26,Bachelors,f,other,1,29,2.0,5,0,0,58
46319,Sales & Marketing,region_6,Bachelors,f,sourcing,2,29,3.0,8,1,0,47
27130,Sales & Marketing,region_9,Masters & above,f,other,2,32,1.0,4,1,0,44
40409,Analytics,region_22,,m,sourcing,1,26,2.0,5,0,0,84
41988,Sales & Marketing,region_20,Bachelors,m,other,1,39,3.0,14,0,0,46
65782,Sales & Marketing,region_15,Bachelors,m,other,3,29,4.0,2,0,0,48
58706,Sales & Marketing,region_22,Bachelors,m,sourcing,2,26,3.0,3,1,0,48
5724,Finance,region_28,Masters & above,f,other,1,32,1.0,5,0,0,59
19431,Sales & Marketing,region_31,,m,other,1,28,3.0,4,0,0,47
51676,Analytics,region_29,,m,sourcing,1,30,4.0,3,1,0,83
6926,Sales & Marketing,region_2,Masters & above,f,other,3,37,3.0,7,1,0,50
4366,Operations,region_7,Bachelors,m,sourcing,1,44,3.0,16,1,0,62
72677,Procurement,region_20,Bachelors,f,sourcing,1,32,3.0,8,0,0,70
64724,Sales & Marketing,region_23,Masters & above,m,sourcing,1,38,5.0,2,0,0,53
30681,Operations,region_15,Bachelors,m,other,1,31,1.0,7,0,0,60
30844,Technology,region_2,Bachelors,m,other,1,25,,1,0,0,74
61998,Procurement,region_2,Masters & above,m,other,1,47,5.0,2,0,0,71
49584,HR,region_7,Bachelors,m,other,1,33,1.0,9,0,0,51
24629,Technology,region_2,Bachelors,f,other,1,48,2.0,7,0,0,83
6155,Analytics,region_31,Bachelors,m,sourcing,1,36,5.0,4,1,0,82
61695,HR,region_16,Bachelors,m,other,2,35,3.0,8,0,0,48
56535,Technology,region_10,Masters & above,m,other,1,36,4.0,3,1,1,97
31298,HR,region_27,Bachelors,m,sourcing,1,31,2.0,3,0,0,50
24985,Operations,region_23,Bachelors,f,other,1,35,5.0,4,1,0,61
41729,Operations,region_15,Bachelors,f,other,1,30,3.0,4,0,0,58
44815,Operations,region_34,Masters & above,m,other,1,33,4.0,6,1,0,63
35814,Sales & Marketing,region_2,Masters & above,m,sourcing,1,37,5.0,11,1,0,49
63843,Analytics,region_22,,f,sourcing,1,27,5.0,5,1,0,82
21063,Technology,region_11,Masters & above,f,other,1,35,3.0,8,0,0,81
6498,Sales & Marketing,region_2,Bachelors,m,other,1,33,3.0,3,1,0,53
25321,HR,region_2,Masters & above,m,other,1,34,3.0,7,0,0,51
74357,Sales & Marketing,region_2,Bachelors,m,other,1,52,4.0,9,1,0,47
24130,Procurement,region_13,Masters & above,m,other,2,50,3.0,23,0,0,72
22142,HR,region_2,Masters & above,m,other,1,50,1.0,18,0,0,52
76981,Sales & Marketing,region_19,Bachelors,m,other,1,37,1.0,7,1,0,52
30779,Technology,region_7,Bachelors,m,sourcing,1,35,4.0,3,1,0,97
7040,Procurement,region_11,Bachelors,f,other,1,29,5.0,2,1,0,71
45231,Sales & Marketing,region_14,Bachelors,m,other,1,31,5.0,10,0,0,46
35328,Operations,region_2,Bachelors,m,sourcing,2,29,4.0,2,0,0,60
77257,Operations,region_19,Bachelors,m,sourcing,1,29,3.0,2,0,0,59
51294,Procurement,region_22,Masters & above,m,sourcing,2,33,3.0,3,0,0,72
54738,Sales & Marketing,region_15,Masters & above,m,other,1,41,2.0,3,0,0,47
29024,Procurement,region_22,Bachelors,m,sourcing,1,28,4.0,5,0,0,67
55590,Sales & Marketing,region_1,Bachelors,m,sourcing,1,28,3.0,3,0,0,54
45939,Operations,region_7,Masters & above,f,other,1,35,3.0,5,0,0,59
60207,Sales & Marketing,region_1,Masters & above,f,other,1,31,5.0,5,0,0,51
42291,Technology,region_2,Masters & above,f,other,1,55,1.0,17,0,0,77
4012,Operations,region_15,Bachelors,m,sourcing,1,52,5.0,5,1,0,62
56741,Sales & Marketing,region_14,,m,other,2,25,3.0,2,0,0,46
41399,R&D,region_22,Bachelors,m,other,1,30,5.0,2,1,0,86
60427,Sales & Marketing,region_20,Masters & above,m,other,1,34,4.0,6,0,0,47
10903,Technology,region_4,Bachelors,f,sourcing,1,32,1.0,6,1,0,78
54610,Finance,region_22,Masters & above,m,sourcing,1,44,4.0,4,0,0,58
14489,Sales & Marketing,region_26,Bachelors,m,sourcing,4,31,1.0,4,0,0,49
12320,Sales & Marketing,region_25,Masters & above,m,other,1,37,5.0,6,1,0,49
2728,Sales & Marketing,region_7,Masters & above,m,other,1,34,5.0,4,1,0,52
56894,Technology,region_7,Masters & above,f,other,1,46,3.0,6,0,0,80
4391,Procurement,region_2,Masters & above,m,sourcing,2,43,4.0,5,0,0,66
13341,Analytics,region_29,Bachelors,m,sourcing,1,28,3.0,6,1,1,81
49610,Technology,region_2,Bachelors,m,other,1,28,1.0,4,0,0,76
27962,Finance,region_13,Masters & above,m,other,1,31,3.0,5,0,0,60
40109,Finance,region_15,Bachelors,m,sourcing,2,28,3.0,2,0,0,61
38055,HR,region_33,Bachelors,m,other,1,32,3.0,6,0,0,51
21161,Analytics,region_31,Bachelors,m,other,2,29,3.0,1,0,0,84
50655,Procurement,region_1,Bachelors,m,sourcing,3,25,3.0,2,0,0,68
39081,Operations,region_11,Masters & above,f,sourcing,1,40,4.0,4,1,0,58
58272,Technology,region_12,Bachelors,f,other,1,26,5.0,4,1,0,80
5437,Operations,region_15,Masters & above,m,sourcing,1,44,3.0,4,0,0,58
62261,Analytics,region_9,Masters & above,m,other,2,29,3.0,5,0,0,85
16462,Procurement,region_2,Masters & above,f,other,1,42,5.0,11,1,0,68
3648,Procurement,region_2,Masters & above,f,sourcing,1,46,5.0,3,1,0,71
33963,HR,region_22,Bachelors,m,other,1,47,2.0,16,0,0,47
8864,Sales & Marketing,region_2,Masters & above,m,other,1,48,1.0,5,1,0,48
17948,Operations,region_12,Bachelors,f,other,2,30,3.0,7,0,0,62
73915,Sales & Marketing,region_7,Bachelors,f,other,2,25,,1,0,0,49
19033,Sales & Marketing,region_13,Bachelors,m,sourcing,1,22,,1,0,0,51
4934,Operations,region_4,Bachelors,f,other,1,47,3.0,19,1,0,56
67539,Sales & Marketing,region_11,Bachelors,m,sourcing,1,49,5.0,9,0,0,49
74067,Operations,region_4,Bachelors,m,other,1,46,5.0,4,1,0,57
58542,Analytics,region_22,Bachelors,m,sourcing,2,36,1.0,3,0,0,81
70202,Sales & Marketing,region_7,Masters & above,m,referred,1,36,5.0,8,0,0,62
67608,Procurement,region_2,Masters & above,m,sourcing,1,41,2.0,16,0,0,70
53070,Sales & Marketing,region_2,Bachelors,m,other,2,41,5.0,4,1,0,48
53875,Analytics,region_2,Bachelors,m,sourcing,1,28,4.0,2,0,0,84
49587,Sales & Marketing,region_2,Bachelors,f,sourcing,2,33,3.0,7,0,0,52
59213,Analytics,region_31,Bachelors,m,other,1,31,3.0,2,0,0,81
37220,Operations,region_15,Masters & above,m,other,1,38,4.0,5,1,0,61
65736,Sales & Marketing,region_16,Masters & above,m,other,2,48,2.0,9,0,0,47
23695,Technology,region_28,Bachelors,m,sourcing,1,26,3.0,3,0,0,81
28670,Sales & Marketing,region_20,Masters & above,m,sourcing,2,39,1.0,4,1,0,52
60950,Analytics,region_26,Bachelors,f,other,1,30,4.0,6,1,0,84
37638,Operations,region_2,Bachelors,f,referred,1,36,5.0,8,1,0,58
23013,Sales & Marketing,region_22,Masters & above,f,other,1,41,4.0,10,0,0,50
51150,Procurement,region_15,Bachelors,f,other,1,48,5.0,21,0,0,69
56374,Sales & Marketing,region_2,Bachelors,m,sourcing,1,43,4.0,11,0,0,50
64823,Procurement,region_34,Bachelors,m,other,1,28,1.0,7,0,0,73
53485,HR,region_22,Bachelors,f,other,1,30,5.0,6,1,0,50
5882,Analytics,region_26,,m,other,1,29,3.0,3,0,0,83
63148,Sales & Marketing,region_17,Masters & above,m,sourcing,1,36,3.0,5,1,0,49
30659,Technology,region_2,Bachelors,m,sourcing,2,36,4.0,7,0,0,80
19754,Analytics,region_29,Bachelors,m,other,1,28,4.0,1,0,0,84
55053,Operations,region_23,Bachelors,m,sourcing,1,31,4.0,3,1,0,59
11147,Operations,region_2,Masters & above,m,other,2,50,3.0,4,0,0,65
35241,Finance,region_6,Bachelors,f,other,1,25,5.0,2,1,0,62
17607,Analytics,region_2,Masters & above,m,other,1,59,4.0,13,0,0,82
68304,Finance,region_2,Bachelors,m,other,1,58,5.0,5,1,0,60
65359,Procurement,region_4,Masters & above,m,other,2,42,3.0,8,0,0,68
51263,Sales & Marketing,region_4,Bachelors,m,other,1,31,5.0,3,0,0,49
23432,Operations,region_15,Bachelors,m,other,1,39,3.0,6,0,0,61
3498,Operations,region_15,Bachelors,m,other,1,36,4.0,7,0,0,58
7203,Sales & Marketing,region_22,,m,sourcing,1,28,3.0,2,1,1,47
3534,Procurement,region_2,Masters & above,m,other,1,51,5.0,9,0,0,75
16655,Procurement,region_2,Bachelors,m,other,1,60,4.0,6,1,0,71
37767,R&D,region_2,Masters & above,m,other,1,49,5.0,18,1,0,86
63049,HR,region_7,Below Secondary,m,other,1,24,5.0,2,0,0,54
62284,Sales & Marketing,region_1,Bachelors,m,other,1,30,3.0,2,0,0,50
39374,Operations,region_22,Masters & above,m,sourcing,1,40,1.0,3,1,0,61
35578,Sales & Marketing,region_17,Masters & above,m,sourcing,1,35,3.0,7,1,0,49
54450,HR,region_25,Bachelors,f,other,1,26,3.0,2,0,0,50
54047,Operations,region_22,Bachelors,f,other,1,28,5.0,3,1,0,63
13823,Sales & Marketing,region_7,Bachelors,f,other,1,48,3.0,16,0,0,62
21658,Sales & Marketing,region_31,Masters & above,m,sourcing,2,37,4.0,3,0,0,47
31477,Analytics,region_26,Bachelors,m,sourcing,1,33,3.0,8,0,0,83
12214,Procurement,region_26,Bachelors,m,other,1,27,2.0,4,0,0,72
11481,Sales & Marketing,region_16,,m,other,1,29,3.0,4,0,0,46
60808,Operations,region_2,Bachelors,f,other,1,29,3.0,2,0,0,63
16286,Operations,region_4,Masters & above,f,other,3,37,5.0,5,1,0,60
64900,Sales & Marketing,region_28,Masters & above,m,other,1,29,4.0,4,0,0,50
63782,Procurement,region_27,Bachelors,f,other,3,35,5.0,11,1,0,73
74907,Finance,region_7,Bachelors,m,other,1,27,4.0,5,0,0,66
14655,Procurement,region_22,Masters & above,m,other,1,46,3.0,11,0,1,71
70444,Sales & Marketing,region_2,Bachelors,m,other,1,37,5.0,10,0,0,47
24603,Analytics,region_26,Bachelors,f,other,1,29,2.0,8,1,0,83
13803,Sales & Marketing,region_13,Bachelors,f,other,1,30,3.0,6,0,0,47
77499,Technology,region_23,Masters & above,f,other,1,34,4.0,9,0,0,76
63062,Sales & Marketing,region_7,Bachelors,m,other,1,30,5.0,2,0,0,55
9830,Sales & Marketing,region_22,Masters & above,m,sourcing,1,42,3.0,14,0,0,49
59541,Operations,region_15,Bachelors,m,other,1,45,5.0,12,0,0,59
48498,Sales & Marketing,region_7,,m,other,1,33,3.0,4,0,0,49
60735,Analytics,region_2,Bachelors,m,other,2,28,4.0,5,0,0,88
15479,Operations,region_2,Masters & above,m,sourcing,1,50,3.0,9,0,0,59
58194,Technology,region_5,Bachelors,f,other,1,24,,1,1,0,83
11667,Sales & Marketing,region_25,Masters & above,m,other,1,32,3.0,5,1,0,47
63146,Finance,region_31,Bachelors,m,sourcing,1,31,,1,0,0,56
45068,Operations,region_16,Bachelors,f,sourcing,1,29,,1,1,0,56
46552,Procurement,region_7,Masters & above,m,other,1,34,3.0,4,0,0,66
55737,Technology,region_5,Masters & above,m,other,1,34,5.0,5,1,0,84
41135,Finance,region_23,Bachelors,m,other,1,32,5.0,6,1,0,56
78230,Finance,region_32,Bachelors,m,other,1,28,3.0,6,0,0,59
28692,Technology,region_24,Bachelors,m,other,1,25,2.0,4,0,0,74
20168,Sales & Marketing,region_13,Bachelors,m,sourcing,1,38,3.0,4,1,0,46
10301,Procurement,region_13,Bachelors,m,other,1,27,3.0,3,0,0,70
46064,Technology,region_31,Masters & above,m,other,1,34,3.0,10,0,0,80
63,Sales & Marketing,region_8,Masters & above,m,sourcing,1,35,5.0,8,0,0,52
18993,Technology,region_2,Bachelors,m,other,1,30,3.0,4,0,0,80
8297,Sales & Marketing,region_11,Bachelors,m,sourcing,2,35,1.0,2,0,0,48
54470,Sales & Marketing,region_30,Bachelors,m,other,2,27,,1,1,0,54
55734,Sales & Marketing,region_2,Bachelors,m,sourcing,2,24,3.0,2,0,0,51
67810,Sales & Marketing,region_2,Bachelors,f,sourcing,1,47,5.0,4,0,0,51
41741,Technology,region_26,Bachelors,m,sourcing,2,39,3.0,9,0,0,78
506,Procurement,region_4,Bachelors,m,sourcing,1,38,5.0,5,1,0,69
50903,Procurement,region_20,Masters & above,m,sourcing,1,40,3.0,5,0,0,68
38691,Sales & Marketing,region_15,Bachelors,m,other,3,34,1.0,4,0,0,51
1446,Procurement,region_2,Masters & above,m,other,1,43,4.0,7,1,0,69
82,Sales & Marketing,region_13,Masters & above,m,other,1,49,4.0,5,0,0,51
34894,Procurement,region_8,Masters & above,f,other,1,39,5.0,3,1,0,67
18888,Procurement,region_15,Bachelors,m,other,1,27,4.0,3,1,0,69
77886,Technology,region_10,Masters & above,m,other,1,35,4.0,5,0,0,79
50536,Sales & Marketing,region_5,Masters & above,m,sourcing,2,36,3.0,10,0,0,45
70058,Sales & Marketing,region_13,Masters & above,m,other,1,33,3.0,3,1,0,50
40997,Finance,region_32,Bachelors,m,sourcing,2,28,4.0,3,1,0,61
17472,Technology,region_22,Bachelors,f,sourcing,1,27,2.0,2,0,0,81
5151,Technology,region_2,Bachelors,f,other,2,58,4.0,2,1,1,81
13092,Sales & Marketing,region_1,Masters & above,m,sourcing,1,38,5.0,5,1,0,50
55643,HR,region_7,Bachelors,m,sourcing,1,48,3.0,5,0,0,49
55031,Sales & Marketing,region_15,Bachelors,m,other,1,32,4.0,6,0,0,46
59440,Sales & Marketing,region_22,Bachelors,m,other,1,28,4.0,3,0,0,52
32103,Analytics,region_25,Bachelors,m,other,2,29,4.0,2,1,0,83
15368,Sales & Marketing,region_31,Bachelors,m,other,1,25,2.0,4,0,0,53
54494,Operations,region_15,Bachelors,f,sourcing,1,38,4.0,14,1,0,60
29335,Sales & Marketing,region_4,Bachelors,m,other,1,28,3.0,3,1,0,53
19525,Sales & Marketing,region_14,Bachelors,m,sourcing,1,26,,1,0,0,52
70427,Operations,region_20,Bachelors,m,other,1,31,3.0,2,0,0,57
28892,Operations,region_13,Bachelors,f,other,1,30,5.0,6,1,0,59
3077,Technology,region_7,Bachelors,f,sourcing,2,43,3.0,9,1,0,79
65058,Procurement,region_26,Masters & above,m,sourcing,1,34,5.0,10,1,0,69
7209,Technology,region_2,Masters & above,m,other,1,33,4.0,4,0,0,79
2667,Operations,region_7,Bachelors,m,sourcing,1,33,5.0,3,0,0,58
49533,Analytics,region_22,Bachelors,f,other,1,28,5.0,5,0,0,81
65360,Sales & Marketing,region_22,Bachelors,m,sourcing,3,25,,1,0,0,51
1003,HR,region_2,Masters & above,m,other,1,39,4.0,8,0,0,49
17095,Technology,region_16,Bachelors,f,sourcing,1,36,3.0,7,0,0,78
39926,Operations,region_20,Bachelors,m,other,1,30,5.0,2,0,0,59
47115,HR,region_2,Bachelors,m,sourcing,1,28,,1,1,0,47
39049,Operations,region_2,Masters & above,m,other,1,34,4.0,7,0,0,57
71839,Sales & Marketing,region_29,Bachelors,m,sourcing,1,27,4.0,3,1,0,52
65749,Operations,region_10,Bachelors,m,other,1,36,5.0,8,1,0,93
15215,HR,region_2,Bachelors,f,sourcing,1,37,5.0,9,0,0,60
61957,Sales & Marketing,region_23,,m,other,1,40,4.0,6,1,0,57
389,Sales & Marketing,region_31,Bachelors,m,other,1,32,2.0,5,0,0,51
42522,Technology,region_26,Bachelors,m,other,1,30,1.0,3,0,0,79
46486,Procurement,region_4,Masters & above,m,sourcing,1,41,4.0,2,0,0,71
12839,Operations,region_13,Bachelors,f,sourcing,1,39,4.0,9,0,0,59
9849,Technology,region_16,Bachelors,m,other,1,28,3.0,1,0,0,80
24271,Procurement,region_24,Bachelors,m,other,1,33,3.0,7,1,0,75
2582,Operations,region_2,Bachelors,m,other,1,60,4.0,5,0,0,53
9361,Operations,region_20,Bachelors,m,sourcing,1,31,2.0,3,0,0,56
45547,Procurement,region_22,Bachelors,m,sourcing,4,29,3.0,6,0,0,68
54410,Sales & Marketing,region_1,Masters & above,m,other,1,34,3.0,3,0,0,45
16454,Technology,region_7,Below Secondary,m,other,2,26,4.0,3,1,0,76
45482,Sales & Marketing,region_17,Bachelors,m,other,1,33,3.0,6,0,0,48
53702,Legal,region_22,Bachelors,m,sourcing,1,28,4.0,2,0,0,60
21117,Analytics,region_7,Masters & above,m,other,1,32,1.0,2,1,0,86
5886,Procurement,region_2,Bachelors,m,sourcing,3,25,3.0,4,0,0,65
29932,Procurement,region_15,Bachelors,m,sourcing,1,28,1.0,6,0,0,68
61548,HR,region_2,Masters & above,m,other,1,45,3.0,4,1,0,45
43071,Operations,region_2,Masters & above,f,sourcing,1,56,4.0,15,0,0,63
2127,Operations,region_13,Masters & above,m,sourcing,1,49,5.0,16,0,0,59
76830,Operations,region_13,Masters & above,f,sourcing,1,39,1.0,5,1,0,59
8436,Procurement,region_2,Masters & above,f,other,1,42,4.0,12,1,0,71
9101,Sales & Marketing,region_19,Bachelors,m,sourcing,2,36,1.0,8,0,0,50
25761,Procurement,region_2,Bachelors,f,other,1,55,1.0,7,0,0,76
29288,Sales & Marketing,region_7,Bachelors,m,sourcing,2,43,1.0,3,1,0,48
19735,Analytics,region_5,Bachelors,m,sourcing,1,32,3.0,5,1,0,89
48463,Operations,region_16,Bachelors,m,other,2,27,,1,0,0,69
38716,Analytics,region_15,Bachelors,m,other,1,31,3.0,6,0,0,81
49203,Procurement,region_26,Bachelors,m,sourcing,1,36,5.0,9,1,1,99
67593,Sales & Marketing,region_4,Bachelors,m,other,2,28,1.0,4,0,0,50
17059,Operations,region_19,Bachelors,f,other,1,37,3.0,10,1,0,92
11142,Procurement,region_3,Masters & above,m,other,1,34,5.0,5,1,0,65
32240,Technology,region_2,Bachelors,m,other,1,36,3.0,10,0,0,74
50948,HR,region_13,Bachelors,f,other,1,31,3.0,2,1,0,47
2337,Analytics,region_22,Masters & above,m,sourcing,1,28,,1,0,0,84
18077,Technology,region_14,Bachelors,m,sourcing,3,32,3.0,5,0,0,81
39278,R&D,region_7,Masters & above,m,sourcing,2,38,4.0,7,0,0,86
49536,Operations,region_19,Bachelors,f,sourcing,1,41,5.0,3,1,0,56
42148,Technology,region_22,Below Secondary,m,other,1,26,3.0,4,1,0,80
75309,Finance,region_16,Below Secondary,m,sourcing,1,25,4.0,3,0,0,56
30344,Analytics,region_2,Bachelors,m,other,2,31,3.0,6,0,0,89
60699,HR,region_2,Bachelors,m,other,1,28,,1,0,0,49
23568,R&D,region_2,Masters & above,m,other,1,40,3.0,15,0,0,82
25251,Legal,region_26,Masters & above,m,other,1,34,3.0,6,0,0,57
52896,Sales & Marketing,region_26,Bachelors,m,other,2,27,3.0,6,0,0,48
46778,Analytics,region_2,Bachelors,m,other,1,39,3.0,11,1,0,86
22764,Sales & Marketing,region_27,Masters & above,m,other,1,38,2.0,9,0,0,51
62734,Procurement,region_22,Bachelors,f,other,1,29,5.0,2,1,0,66
4181,Sales & Marketing,region_2,Masters & above,f,other,1,35,5.0,7,1,0,53
46643,Operations,region_13,Bachelors,m,sourcing,1,26,5.0,4,1,0,61
20730,Operations,region_19,Bachelors,f,sourcing,1,43,5.0,12,0,0,60
67227,Sales & Marketing,region_2,Masters & above,m,other,1,46,4.0,6,0,0,51
11803,Procurement,region_22,Bachelors,m,sourcing,2,26,,1,1,0,67
61961,HR,region_22,Masters & above,f,sourcing,1,34,5.0,6,1,0,53
39479,Technology,region_2,Bachelors,m,other,1,33,3.0,3,0,0,77
9401,Procurement,region_29,Bachelors,m,other,1,31,5.0,4,1,0,67
27331,Technology,region_2,Masters & above,f,other,1,56,1.0,10,1,0,79
58051,Sales & Marketing,region_2,Bachelors,f,sourcing,1,34,2.0,9,1,0,51
75909,Sales & Marketing,region_2,Bachelors,m,sourcing,1,51,5.0,4,1,0,54
45989,Operations,region_2,Bachelors,m,sourcing,1,29,,1,0,0,61
47359,Sales & Marketing,region_13,Masters & above,m,sourcing,1,30,,1,1,0,52
44180,Procurement,region_2,Masters & above,f,other,1,42,5.0,5,0,0,68
14691,Operations,region_17,Bachelors,f,sourcing,1,34,5.0,7,1,0,60
8114,Operations,region_22,Masters & above,m,sourcing,1,48,3.0,7,0,0,62
5254,Sales & Marketing,region_25,Bachelors,f,other,1,31,3.0,6,1,0,43
69991,Legal,region_16,Bachelors,m,other,1,28,,1,1,0,62
51535,Technology,region_13,Masters & above,f,other,1,31,3.0,3,1,0,80
35195,Sales & Marketing,region_20,Bachelors,m,other,1,40,3.0,11,0,0,51
60937,Technology,region_2,Masters & above,m,sourcing,1,40,3.0,11,0,0,82
40345,Technology,region_11,Bachelors,m,sourcing,1,31,4.0,5,1,0,82
6907,Analytics,region_28,Masters & above,m,other,2,32,5.0,5,0,0,90
59547,Sales & Marketing,region_30,Bachelors,m,other,1,32,3.0,6,0,0,51
55500,Operations,region_10,Masters & above,f,other,1,30,3.0,2,0,0,61
37096,Operations,region_22,Below Secondary,m,other,1,24,,1,0,0,62
76572,Finance,region_11,Masters & above,m,other,1,32,4.0,6,0,0,61
67650,Sales & Marketing,region_7,Bachelors,f,other,1,45,4.0,6,0,0,48
27596,Operations,region_14,Bachelors,m,sourcing,1,28,3.0,3,0,0,58
8985,Analytics,region_22,,m,other,1,28,,1,0,0,86
21011,Procurement,region_30,Masters & above,f,sourcing,1,38,4.0,6,1,0,72
31271,Sales & Marketing,region_22,Bachelors,m,sourcing,2,37,1.0,4,0,0,51
22467,Procurement,region_2,Masters & above,f,sourcing,1,52,3.0,10,0,0,70
590,Analytics,region_29,Bachelors,f,other,1,28,5.0,1,0,0,88
2859,Technology,region_22,Bachelors,f,other,1,27,1.0,3,0,0,78
27817,Legal,region_22,Bachelors,m,sourcing,1,29,3.0,2,1,1,57
27332,Legal,region_22,Bachelors,f,sourcing,1,28,1.0,2,0,0,57
17625,Procurement,region_11,Masters & above,m,other,2,39,4.0,11,0,0,72
58293,Operations,region_2,Masters & above,m,sourcing,1,42,1.0,10,0,0,60
62275,Sales & Marketing,region_22,Bachelors,m,other,1,33,5.0,2,1,0,49
54660,Sales & Marketing,region_2,Bachelors,f,sourcing,1,30,2.0,3,0,0,47
16177,HR,region_4,Bachelors,m,sourcing,1,40,4.0,3,1,0,47
40536,Sales & Marketing,region_28,Masters & above,m,other,2,39,3.0,10,0,0,50
17414,Sales & Marketing,region_6,Bachelors,m,sourcing,2,29,4.0,4,0,0,51
34776,Operations,region_19,Bachelors,m,other,1,32,1.0,5,1,0,57
67674,Technology,region_2,Bachelors,f,other,1,32,1.0,5,0,0,83
3967,Analytics,region_29,Bachelors,m,other,1,29,3.0,2,1,0,82
65149,Sales & Marketing,region_17,Bachelors,m,sourcing,2,33,1.0,8,0,0,50
68933,Operations,region_14,Bachelors,m,sourcing,1,30,3.0,2,1,0,58
75624,Procurement,region_22,Bachelors,m,other,2,31,3.0,7,0,0,68
51050,R&D,region_2,Masters & above,m,sourcing,1,43,4.0,7,0,0,85
51306,Operations,region_15,Bachelors,m,other,1,32,5.0,7,1,0,59
26523,Procurement,region_31,Bachelors,m,sourcing,1,30,2.0,2,0,0,69
32675,Sales & Marketing,region_1,Bachelors,m,sourcing,3,30,,1,0,0,52
65292,Technology,region_26,Bachelors,m,other,1,39,5.0,12,1,0,82
70516,Technology,region_26,Bachelors,m,referred,1,32,4.0,3,1,0,80
44149,Operations,region_27,Bachelors,m,sourcing,1,41,5.0,15,1,0,64
6280,Analytics,region_19,Bachelors,m,sourcing,1,36,4.0,8,0,0,83
74277,Operations,region_23,Masters & above,m,sourcing,1,40,4.0,3,0,0,62
29671,Procurement,region_22,Bachelors,m,sourcing,1,30,1.0,7,0,0,63
44407,Operations,region_28,Masters & above,m,other,1,34,3.0,10,0,0,59
43605,Finance,region_2,Masters & above,m,sourcing,1,42,3.0,9,0,0,61
2835,Legal,region_2,Bachelors,f,sourcing,1,33,1.0,5,0,0,56
21119,HR,region_11,Masters & above,m,other,2,39,3.0,10,0,0,53
13883,Technology,region_2,Bachelors,m,sourcing,1,46,4.0,6,0,0,81
20566,Analytics,region_26,Bachelors,m,other,2,43,3.0,15,1,0,92
17280,Operations,region_23,Masters & above,m,other,1,37,4.0,6,0,0,64
48654,Operations,region_2,Masters & above,m,sourcing,1,42,3.0,16,0,0,60
66490,Procurement,region_13,Bachelors,f,other,1,23,4.0,2,1,0,70
31451,Sales & Marketing,region_2,Bachelors,m,other,1,35,5.0,4,0,0,61
23277,Analytics,region_23,Bachelors,m,other,1,28,3.0,3,0,0,85
59580,Operations,region_27,Bachelors,f,other,2,32,5.0,5,1,0,57
24617,Operations,region_13,Bachelors,m,other,1,36,5.0,5,1,0,61
51768,Operations,region_7,Bachelors,f,sourcing,1,31,3.0,6,1,0,59
48649,Sales & Marketing,region_28,Masters & above,m,other,1,47,5.0,18,0,0,52
65968,Sales & Marketing,region_30,Bachelors,m,sourcing,1,35,1.0,9,0,0,53
3619,Technology,region_27,Bachelors,m,other,1,29,1.0,2,0,0,82
43891,Analytics,region_26,Bachelors,m,other,1,30,2.0,5,0,0,88
35244,Sales & Marketing,region_26,Bachelors,m,sourcing,1,48,1.0,21,0,0,47
51174,Procurement,region_2,Bachelors,f,referred,1,33,5.0,6,1,0,70
49700,Procurement,region_2,Bachelors,m,other,2,33,3.0,8,0,0,67
71851,Analytics,region_22,,m,other,1,27,4.0,3,1,0,84
34556,HR,region_26,Bachelors,f,other,1,33,3.0,7,0,0,47
55192,Sales & Marketing,region_2,Bachelors,f,other,4,27,1.0,4,0,0,49
33182,Sales & Marketing,region_31,Masters & above,m,other,1,32,4.0,8,0,0,47
38437,Operations,region_11,Masters & above,m,other,1,40,5.0,12,1,0,61
54957,Technology,region_22,Bachelors,m,sourcing,4,30,3.0,5,0,0,79
29800,Sales & Marketing,region_2,Masters & above,m,sourcing,1,40,5.0,6,1,0,49
55490,Finance,region_22,Bachelors,f,sourcing,1,28,4.0,2,1,0,59
52813,Sales & Marketing,region_2,Bachelors,m,sourcing,1,46,1.0,6,0,0,43
20454,Operations,region_2,Bachelors,m,sourcing,1,46,3.0,6,0,0,60
8394,R&D,region_22,Masters & above,m,other,1,32,1.0,4,0,0,82
25252,Sales & Marketing,region_7,Bachelors,m,sourcing,1,30,4.0,4,1,0,50
57280,Operations,region_32,Bachelors,m,other,1,26,,1,1,1,54
32851,Analytics,region_15,Bachelors,m,other,2,34,3.0,6,0,0,85
36683,Operations,region_31,Bachelors,m,other,1,28,2.0,2,1,0,61
69343,Technology,region_16,Masters & above,f,other,1,41,4.0,5,0,0,79
18220,Operations,region_26,Bachelors,m,other,1,41,5.0,10,1,0,61
24593,Procurement,region_26,Bachelors,m,other,1,29,4.0,4,1,0,64
54001,Sales & Marketing,region_17,Bachelors,f,other,2,26,3.0,1,0,0,48
69744,Operations,region_34,Bachelors,m,sourcing,1,30,3.0,5,0,0,60
17348,Operations,region_2,Bachelors,m,other,1,46,4.0,7,1,0,60
38638,Sales & Marketing,region_7,Bachelors,m,other,1,33,1.0,7,0,0,45
39024,Operations,region_7,Bachelors,m,sourcing,1,29,3.0,4,1,0,58
74982,Sales & Marketing,region_22,Bachelors,m,other,1,31,4.0,6,0,0,46
14175,Operations,region_22,Masters & above,m,other,1,44,3.0,11,0,0,64
66417,Operations,region_22,Bachelors,m,sourcing,1,35,4.0,9,0,0,60
40527,R&D,region_22,Bachelors,m,other,2,30,5.0,4,0,0,85
52177,Operations,region_11,Bachelors,f,sourcing,1,33,4.0,10,0,0,59
10695,Operations,region_15,Bachelors,f,sourcing,1,31,3.0,7,0,0,62
19274,Analytics,region_13,Bachelors,m,sourcing,2,34,3.0,8,0,0,85
28069,Finance,region_28,Masters & above,m,other,1,34,3.0,7,0,0,56
19065,Technology,region_32,Bachelors,m,sourcing,1,33,1.0,5,0,0,81
42559,Procurement,region_26,Bachelors,m,other,2,29,4.0,9,0,0,68
3997,Procurement,region_2,Masters & above,f,sourcing,1,39,2.0,10,0,0,67
60107,Analytics,region_22,Bachelors,f,other,1,33,5.0,5,0,0,80
37435,Technology,region_26,Bachelors,f,sourcing,1,38,3.0,10,0,0,83
28165,Operations,region_31,Bachelors,m,other,2,31,,1,0,0,61
49120,Sales & Marketing,region_2,Bachelors,f,other,1,36,4.0,4,0,1,96
33863,Sales & Marketing,region_23,Bachelors,m,other,1,36,5.0,4,0,0,49
61978,Operations,region_22,Masters & above,m,other,3,32,3.0,10,0,0,59
37658,Operations,region_2,Bachelors,f,other,1,58,1.0,18,1,0,56
32048,Analytics,region_2,Bachelors,m,other,1,26,5.0,3,1,0,81
22054,Sales & Marketing,region_9,Masters & above,m,other,1,33,3.0,5,0,0,51
22221,Operations,region_27,Bachelors,m,sourcing,2,27,3.0,6,0,0,57
60740,Analytics,region_29,Bachelors,m,other,1,25,5.0,2,1,0,80
66498,Operations,region_4,Masters & above,m,other,1,52,3.0,17,0,0,59
50526,Sales & Marketing,region_22,Bachelors,m,other,1,56,4.0,14,1,0,50
39617,Operations,region_10,Masters & above,f,other,2,37,4.0,9,0,0,61
26836,HR,region_4,Masters & above,m,other,1,33,4.0,7,1,0,59
72274,Operations,region_31,Bachelors,f,other,1,40,4.0,7,0,0,56
5879,HR,region_2,Bachelors,f,other,1,41,4.0,5,1,0,47
61986,Legal,region_2,Bachelors,m,other,1,28,,1,0,0,61
67580,Operations,region_15,Bachelors,m,sourcing,2,29,4.0,6,0,0,61
71434,Operations,region_22,Masters & above,m,other,1,36,3.0,4,0,0,71
50,Sales & Marketing,region_19,Bachelors,m,other,1,32,1.0,3,0,0,48
51236,Sales & Marketing,region_31,Bachelors,m,sourcing,1,34,3.0,9,0,0,45
23416,Operations,region_28,Bachelors,m,other,1,29,3.0,6,1,0,60
69855,Operations,region_16,Bachelors,m,sourcing,2,31,5.0,4,1,0,60
19245,Sales & Marketing,region_13,Bachelors,m,other,2,48,1.0,7,0,0,46
40394,Operations,region_2,Bachelors,m,other,1,45,1.0,5,0,0,61
40676,Finance,region_2,Bachelors,f,sourcing,1,33,3.0,5,0,0,55
18985,Procurement,region_22,Bachelors,m,sourcing,4,27,3.0,3,0,0,71
6150,Sales & Marketing,region_22,Bachelors,m,sourcing,1,34,5.0,7,0,0,52
19240,Technology,region_2,Bachelors,m,referred,2,27,5.0,2,0,0,78
4559,Technology,region_7,Masters & above,m,sourcing,2,37,3.0,2,1,0,75
8243,Sales & Marketing,region_6,Bachelors,f,sourcing,1,30,1.0,2,1,1,51
59774,Sales & Marketing,region_20,Masters & above,m,other,1,37,3.0,11,0,0,48
8420,Procurement,region_22,,m,other,1,28,,1,0,0,73
7611,Procurement,region_2,Masters & above,m,sourcing,2,45,1.0,12,0,0,69
4224,Finance,region_2,Masters & above,m,other,1,36,5.0,4,0,0,59
76329,Operations,region_2,Masters & above,f,sourcing,1,39,3.0,11,0,0,62
76715,Operations,region_2,Bachelors,f,other,1,31,4.0,3,1,0,62
50961,Sales & Marketing,region_10,Masters & above,m,sourcing,1,34,1.0,7,0,0,46
46158,Sales & Marketing,region_27,Bachelors,m,sourcing,1,27,1.0,5,1,0,48
50372,Procurement,region_2,Masters & above,f,other,1,44,3.0,8,0,0,71
73762,Sales & Marketing,region_11,Bachelors,m,sourcing,1,26,4.0,2,0,0,52
10043,Operations,region_13,Masters & above,m,other,1,52,5.0,17,0,0,70
35653,Sales & Marketing,region_16,,m,sourcing,2,22,,1,0,0,50
35979,Sales & Marketing,region_2,Masters & above,m,other,1,37,4.0,7,0,0,45
35771,R&D,region_22,Bachelors,m,referred,1,28,4.0,2,0,0,80
38864,Technology,region_22,Bachelors,m,other,1,34,3.0,9,1,0,77
47427,Finance,region_28,Masters & above,f,other,1,32,5.0,8,1,0,59
72304,Operations,region_2,Bachelors,m,sourcing,1,34,5.0,7,1,0,59
77823,Procurement,region_11,Bachelors,f,other,1,26,,1,1,0,68
40495,Technology,region_2,Masters & above,f,other,1,60,2.0,5,0,0,82
59434,Analytics,region_30,Bachelors,m,other,1,31,5.0,6,1,0,90
49896,Sales & Marketing,region_32,,m,other,1,27,4.0,2,0,0,51
67487,Operations,region_6,Bachelors,f,sourcing,1,30,3.0,6,0,0,57
36020,Analytics,region_2,Bachelors,m,other,1,29,1.0,5,0,0,87
36897,Sales & Marketing,region_2,Bachelors,m,other,1,40,5.0,12,1,0,88
19512,Sales & Marketing,region_28,Bachelors,m,other,1,23,,1,0,0,52
59623,Sales & Marketing,region_16,Bachelors,m,sourcing,1,36,3.0,4,0,0,53
26535,HR,region_7,Bachelors,f,other,1,32,3.0,7,0,0,49
75383,Sales & Marketing,region_8,Masters & above,m,sourcing,1,35,2.0,8,0,0,51
65628,Technology,region_28,Masters & above,m,other,2,32,3.0,3,0,0,82
70926,Procurement,region_13,Masters & above,m,sourcing,1,35,5.0,6,1,0,68
41834,Sales & Marketing,region_2,Masters & above,m,sourcing,4,60,2.0,2,0,0,50
61762,Procurement,region_22,Bachelors,m,sourcing,1,31,1.0,4,1,0,68
5099,Procurement,region_5,Bachelors,f,other,1,36,3.0,3,0,0,76
36518,Operations,region_31,Bachelors,m,other,1,46,5.0,9,1,0,61
56008,Operations,region_2,Bachelors,f,other,1,40,5.0,5,1,0,63
2970,Sales & Marketing,region_30,Bachelors,m,sourcing,1,38,3.0,8,1,0,50
6377,Operations,region_15,Bachelors,f,sourcing,1,46,5.0,7,1,0,64
29360,Finance,region_22,Masters & above,m,sourcing,1,34,4.0,9,0,0,61
11125,Procurement,region_17,Masters & above,f,other,1,39,4.0,2,1,0,73
3365,Operations,region_29,Bachelors,m,sourcing,1,30,3.0,7,1,0,55
13268,Finance,region_2,Bachelors,m,other,1,53,4.0,14,1,0,54
37689,Sales & Marketing,region_5,Bachelors,m,other,1,32,,1,1,0,51
66194,Technology,region_27,Bachelors,f,other,1,30,1.0,7,0,0,79
61813,Sales & Marketing,region_7,Masters & above,m,other,2,35,5.0,6,0,0,49
76507,Operations,region_27,Bachelors,f,sourcing,1,28,,1,0,0,59
72942,Technology,region_7,Bachelors,f,sourcing,1,35,4.0,3,0,0,80
44993,Procurement,region_22,Bachelors,m,sourcing,2,32,5.0,4,1,0,70
584,Procurement,region_7,Bachelors,m,other,1,34,3.0,9,1,0,72
39071,Sales & Marketing,region_23,Masters & above,m,other,1,34,1.0,9,0,0,47
55036,Operations,region_13,Bachelors,f,referred,1,30,4.0,3,1,0,61
13164,Technology,region_5,Masters & above,m,sourcing,1,34,3.0,7,1,0,82
65193,Operations,region_19,Bachelors,m,other,1,30,3.0,3,1,0,59
12372,R&D,region_25,Bachelors,m,sourcing,1,29,5.0,2,1,0,80
17770,Sales & Marketing,region_16,Bachelors,m,sourcing,1,25,5.0,2,0,0,46
34467,Procurement,region_8,Masters & above,f,other,1,31,3.0,5,0,0,67
77423,Technology,region_20,Bachelors,m,other,1,30,1.0,5,0,0,80
25277,Operations,region_19,Bachelors,m,other,1,33,4.0,7,1,0,66
60272,Analytics,region_22,,m,sourcing,1,31,3.0,3,0,0,85
74754,Procurement,region_26,Bachelors,m,sourcing,2,27,3.0,1,0,0,68
40407,Finance,region_2,Bachelors,f,other,1,42,3.0,8,0,0,61
62437,Operations,region_2,Bachelors,f,other,1,37,5.0,5,1,1,58
27427,Analytics,region_2,Masters & above,m,sourcing,1,45,5.0,17,1,0,82
42749,Operations,region_2,Bachelors,m,sourcing,1,45,4.0,3,0,0,63
51938,Operations,region_31,Bachelors,m,other,1,27,1.0,4,0,0,61
12700,Technology,region_7,Masters & above,m,sourcing,1,33,3.0,4,0,0,82
31163,Procurement,region_15,Bachelors,m,sourcing,1,50,5.0,14,1,0,69
71243,Operations,region_2,Bachelors,m,other,1,60,3.0,34,0,0,56
37344,Procurement,region_2,Bachelors,f,sourcing,1,32,2.0,7,0,0,79
64490,Operations,region_22,Masters & above,f,sourcing,1,53,1.0,11,0,0,68
72831,Procurement,region_2,Bachelors,f,other,2,30,4.0,2,1,0,74
20345,Analytics,region_21,Bachelors,m,other,2,27,5.0,5,1,0,83
65639,Operations,region_2,Masters & above,f,sourcing,1,35,3.0,4,1,0,70
73885,HR,region_7,Masters & above,f,other,1,39,5.0,6,0,0,51
6443,Legal,region_22,Bachelors,m,other,1,29,1.0,3,0,0,60
45668,Sales & Marketing,region_7,Masters & above,m,other,1,29,2.0,6,0,0,48
44033,Procurement,region_8,Bachelors,m,sourcing,1,38,5.0,9,1,0,66
11726,Procurement,region_13,Bachelors,m,other,1,30,3.0,4,0,0,74
35564,Sales & Marketing,region_16,Bachelors,m,other,1,26,,1,1,0,48
48625,Sales & Marketing,region_7,Masters & above,m,other,1,40,5.0,3,1,0,48
55111,Procurement,region_2,Bachelors,m,other,1,59,3.0,19,0,0,69
42290,Operations,region_17,Bachelors,f,other,1,27,4.0,1,0,1,58
34989,Sales & Marketing,region_2,,f,sourcing,1,25,4.0,2,0,0,50
5136,Analytics,region_22,Bachelors,m,other,1,29,3.0,3,1,0,82
23749,Analytics,region_19,Bachelors,m,sourcing,1,28,3.0,6,0,0,83
72117,Operations,region_16,Bachelors,f,sourcing,1,33,3.0,5,0,0,57
66082,Legal,region_2,Bachelors,m,sourcing,1,60,1.0,3,0,0,60
67154,Operations,region_28,Masters & above,f,sourcing,1,39,2.0,11,0,0,58
63631,Sales & Marketing,region_7,Bachelors,f,sourcing,1,43,3.0,13,0,0,49
45684,Sales & Marketing,region_22,Bachelors,m,other,2,41,3.0,2,0,0,49
72243,Finance,region_7,Below Secondary,m,sourcing,1,25,4.0,3,0,0,60
63272,Sales & Marketing,region_27,Bachelors,m,sourcing,1,28,3.0,6,0,0,45
6282,Sales & Marketing,region_32,Bachelors,m,other,1,25,,1,0,0,48
42688,R&D,region_7,Masters & above,m,other,1,38,3.0,3,1,0,83
11107,Legal,region_2,Bachelors,m,sourcing,1,29,5.0,4,1,0,56
38204,Technology,region_26,Masters & above,m,sourcing,1,39,5.0,9,1,0,78
34518,Sales & Marketing,region_13,Masters & above,m,sourcing,1,47,2.0,19,0,0,49
25749,Operations,region_15,Bachelors,f,other,1,33,3.0,4,0,0,65
76301,Operations,region_10,Bachelors,m,other,1,30,,1,0,0,61
53368,HR,region_2,Bachelors,f,sourcing,1,37,3.0,7,0,0,53
9135,Procurement,region_22,Masters & above,m,sourcing,1,33,1.0,9,1,0,69
37874,Sales & Marketing,region_7,Masters & above,m,other,1,44,1.0,6,0,0,50
45131,Technology,region_26,Bachelors,m,referred,1,27,3.0,1,0,0,80
28331,Procurement,region_10,Masters & above,m,other,1,30,3.0,4,0,0,69
49741,Sales & Marketing,region_2,Masters & above,f,sourcing,1,39,4.0,10,1,0,51
42158,Operations,region_2,,f,other,1,53,2.0,11,0,0,61
7048,Operations,region_19,Bachelors,m,other,1,36,1.0,2,0,0,59
40502,Technology,region_7,Below Secondary,f,other,1,24,,1,0,0,78
39178,Operations,region_7,Bachelors,m,other,2,33,2.0,4,1,0,53
51105,Operations,region_22,Bachelors,m,other,3,26,5.0,3,1,0,57
62563,Procurement,region_15,Bachelors,f,sourcing,1,29,5.0,7,1,0,73
42816,Analytics,region_9,Bachelors,m,sourcing,1,31,3.0,4,1,1,83
179,Procurement,region_26,Masters & above,f,sourcing,1,37,3.0,3,1,0,70
11406,Technology,region_13,Bachelors,m,other,1,37,4.0,4,1,0,80
9636,Analytics,region_21,Bachelors,m,sourcing,1,28,4.0,3,1,0,85
14358,Operations,region_16,Bachelors,m,sourcing,1,30,5.0,7,1,0,58
872,Sales & Marketing,region_14,Masters & above,m,sourcing,1,43,5.0,4,1,0,53
57576,Operations,region_2,Bachelors,m,sourcing,2,50,3.0,14,0,0,59
34216,Sales & Marketing,region_20,Bachelors,m,other,1,34,3.0,10,1,0,49
28243,Procurement,region_2,Masters & above,m,sourcing,1,34,4.0,9,0,0,69
39403,Analytics,region_22,,m,sourcing,3,27,3.0,2,1,0,87
49494,Procurement,region_2,Below Secondary,f,sourcing,3,24,,1,1,0,70
11161,Technology,region_7,,m,other,1,33,4.0,7,0,0,77
43865,Operations,region_11,Bachelors,m,sourcing,1,27,1.0,2,0,0,58
8762,Operations,region_15,Masters & above,m,sourcing,1,50,4.0,9,0,0,61
38475,Sales & Marketing,region_7,,m,other,1,24,,1,1,0,49
44975,Procurement,region_7,Masters & above,m,sourcing,1,52,1.0,18,0,0,69
58737,Technology,region_7,Bachelors,f,sourcing,1,33,5.0,3,1,0,78
17527,Procurement,region_2,Bachelors,f,sourcing,1,23,,1,1,0,75
68800,Operations,region_2,Bachelors,f,other,1,33,4.0,6,1,0,62
26632,Sales & Marketing,region_11,Bachelors,m,other,1,33,5.0,4,1,0,50
20368,Sales & Marketing,region_22,Bachelors,m,other,1,26,4.0,3,1,0,52
4942,Sales & Marketing,region_27,Bachelors,m,sourcing,1,29,5.0,3,0,0,50
23748,Operations,region_2,Bachelors,m,sourcing,2,44,3.0,13,0,0,62
53538,Sales & Marketing,region_2,,m,sourcing,2,20,2.0,2,0,0,50
24127,Analytics,region_20,Bachelors,m,other,1,29,,1,1,0,86
14435,Sales & Marketing,region_13,Bachelors,m,sourcing,1,44,4.0,13,0,0,45
29297,Operations,region_3,Bachelors,m,other,1,30,3.0,4,0,0,61
20831,Sales & Marketing,region_2,Masters & above,m,other,1,29,1.0,2,0,0,50
13909,Technology,region_33,Bachelors,f,other,1,44,5.0,7,1,0,78
39869,Sales & Marketing,region_5,Bachelors,m,other,1,27,,1,0,0,51
20482,Operations,region_2,Bachelors,m,sourcing,1,46,3.0,17,0,0,60
41100,Operations,region_32,Bachelors,f,other,1,39,5.0,7,0,0,55
3543,Operations,region_28,Bachelors,m,other,1,31,3.0,4,0,0,55
35688,Operations,region_27,Masters & above,f,sourcing,1,39,3.0,10,0,0,58
21410,Operations,region_2,Bachelors,m,other,2,53,3.0,10,1,0,63
77673,Sales & Marketing,region_2,Bachelors,m,other,2,58,1.0,6,0,0,46
6866,HR,region_8,Bachelors,f,other,1,26,5.0,2,1,0,50
52763,Operations,region_5,Bachelors,m,other,1,34,5.0,3,0,1,56
46592,Procurement,region_11,Bachelors,f,sourcing,1,32,2.0,7,0,0,68
68188,HR,region_7,Bachelors,f,other,1,30,2.0,8,0,0,48
75304,Technology,region_28,Masters & above,m,sourcing,1,31,3.0,7,0,0,80
25344,Sales & Marketing,region_7,Bachelors,m,other,1,33,1.0,6,0,0,51
25874,Sales & Marketing,region_2,Bachelors,m,other,1,29,4.0,5,0,0,49
6537,Procurement,region_13,Bachelors,f,sourcing,1,29,5.0,2,1,0,67
49930,Procurement,region_32,Bachelors,m,other,1,33,3.0,8,0,0,64
457,Operations,region_2,Bachelors,f,other,2,54,3.0,4,0,0,60
58702,Operations,region_22,Bachelors,m,sourcing,2,29,4.0,7,0,0,61
27757,Sales & Marketing,region_2,,m,other,2,34,3.0,6,0,0,51
50769,Finance,region_4,Bachelors,m,sourcing,2,32,5.0,1,1,0,57
51408,Sales & Marketing,region_2,,f,other,2,23,,1,1,0,51
67390,HR,region_14,Bachelors,m,other,1,30,3.0,2,0,0,51
61424,Operations,region_31,Bachelors,m,sourcing,1,30,3.0,9,1,0,56
43154,Sales & Marketing,region_26,,m,other,1,31,3.0,2,1,0,50
15002,Sales & Marketing,region_11,Masters & above,m,sourcing,1,29,1.0,5,0,0,48
30151,Analytics,region_19,Bachelors,m,sourcing,1,34,5.0,7,1,0,83
6164,Technology,region_2,Bachelors,m,other,1,44,1.0,3,0,0,74
49761,Technology,region_29,Bachelors,m,other,1,30,5.0,6,1,0,77
31015,Sales & Marketing,region_2,Masters & above,m,other,1,37,4.0,3,1,0,51
560,Sales & Marketing,region_29,Bachelors,m,other,1,27,3.0,4,0,0,65
38100,Sales & Marketing,region_2,Bachelors,m,sourcing,1,20,3.0,2,0,0,51
48661,Technology,region_26,Masters & above,m,other,1,31,3.0,4,1,0,81
13990,Sales & Marketing,region_22,,f,sourcing,1,27,3.0,4,1,0,49
5876,Operations,region_13,Bachelors,m,other,1,31,3.0,4,0,0,58
14813,Finance,region_30,Bachelors,m,other,1,28,3.0,3,0,1,74
74330,Procurement,region_2,Bachelors,m,referred,1,30,5.0,5,1,0,72
67320,HR,region_11,Bachelors,f,other,1,31,4.0,5,0,0,50
6312,Operations,region_19,Bachelors,f,sourcing,1,41,4.0,10,1,0,57
711,Sales & Marketing,region_28,Masters & above,m,other,1,37,4.0,4,0,0,44
28127,Technology,region_13,Below Secondary,f,sourcing,1,24,2.0,2,0,0,85
9816,Procurement,region_13,Bachelors,m,other,1,32,2.0,6,0,0,72
12291,Procurement,region_16,Bachelors,f,other,1,28,5.0,2,1,0,69
29001,Analytics,region_23,Masters & above,m,other,2,42,3.0,7,1,0,80
19034,Analytics,region_2,Bachelors,m,other,1,55,4.0,23,0,0,91
46654,Technology,region_2,Bachelors,m,other,1,29,4.0,4,0,0,79
24922,Technology,region_16,Bachelors,m,sourcing,1,33,5.0,2,1,0,78
42857,HR,region_2,Bachelors,m,sourcing,1,29,4.0,6,0,0,52
77454,Technology,region_2,Bachelors,f,sourcing,1,35,3.0,8,1,0,72
6467,Technology,region_2,Bachelors,m,referred,1,30,5.0,5,1,0,77
6942,Procurement,region_22,Bachelors,m,other,3,28,3.0,3,1,0,71
47897,Operations,region_19,Masters & above,f,sourcing,1,35,3.0,3,1,0,60
61654,Sales & Marketing,region_27,Bachelors,m,other,1,30,3.0,4,0,0,52
21923,Procurement,region_22,Masters & above,m,sourcing,1,32,3.0,5,0,0,70
77697,Sales & Marketing,region_25,Bachelors,m,other,1,36,3.0,9,1,0,49
56816,Operations,region_16,Bachelors,f,other,1,28,3.0,5,1,0,61
49786,Operations,region_15,Bachelors,m,other,1,33,3.0,6,0,0,56
5499,Operations,region_4,Bachelors,m,other,1,30,4.0,3,0,0,59
41982,R&D,region_2,Bachelors,m,sourcing,1,30,1.0,4,0,0,84
38743,Analytics,region_32,,m,sourcing,1,27,3.0,3,0,0,84
56246,Operations,region_2,Masters & above,m,other,1,52,5.0,8,0,0,59
17742,Analytics,region_15,Bachelors,m,sourcing,1,30,4.0,3,1,0,87
31519,Procurement,region_2,Bachelors,m,other,3,42,3.0,13,0,0,69
36389,HR,region_22,Masters & above,m,other,2,33,3.0,6,1,0,48
14338,Technology,region_22,Bachelors,m,sourcing,2,35,1.0,8,0,0,78
2708,Sales & Marketing,region_24,Bachelors,m,sourcing,1,28,4.0,4,0,0,55
30795,HR,region_2,Bachelors,f,other,1,34,5.0,7,0,0,51
48535,Sales & Marketing,region_15,Bachelors,m,sourcing,2,28,4.0,8,1,0,47
41951,Sales & Marketing,region_13,Masters & above,m,other,1,49,2.0,3,0,0,50
16491,Procurement,region_2,Bachelors,f,other,2,34,1.0,5,0,0,70
27098,Sales & Marketing,region_2,Bachelors,m,sourcing,1,48,5.0,3,0,0,55
53338,Technology,region_2,Bachelors,m,referred,1,25,3.0,2,1,0,75
76668,Procurement,region_11,Masters & above,m,sourcing,1,50,3.0,18,0,0,71
44708,Sales & Marketing,region_25,Bachelors,m,other,1,36,4.0,7,0,0,51
48611,Operations,region_31,Bachelors,f,other,1,30,4.0,3,1,0,61
43866,Sales & Marketing,region_16,Bachelors,f,sourcing,2,27,1.0,4,0,0,51
39954,Sales & Marketing,region_26,,m,sourcing,1,29,1.0,4,1,0,47
70288,Sales & Marketing,region_2,Bachelors,m,sourcing,1,30,,1,0,0,50
39582,Procurement,region_17,Masters & above,m,other,1,56,3.0,3,1,0,70
28403,Analytics,region_34,Bachelors,m,other,1,33,3.0,8,0,1,86
59716,Sales & Marketing,region_2,Bachelors,f,referred,1,32,5.0,5,0,0,48
64449,Sales & Marketing,region_2,Masters & above,m,other,1,32,5.0,3,1,0,47
61630,Sales & Marketing,region_15,Bachelors,m,other,1,46,5.0,18,0,0,49
72295,Finance,region_2,Bachelors,f,other,1,46,4.0,19,0,0,58
52836,Operations,region_22,Bachelors,m,other,1,49,5.0,17,0,0,60
22597,Sales & Marketing,region_20,Bachelors,m,other,1,32,3.0,3,1,0,48
70656,Sales & Marketing,region_2,Masters & above,m,sourcing,1,58,2.0,17,0,0,50
67465,Technology,region_2,Bachelors,f,other,1,35,4.0,3,0,0,80
75686,Sales & Marketing,region_2,,f,other,1,29,3.0,7,1,0,50
22356,Sales & Marketing,region_22,Masters & above,m,other,6,32,1.0,8,0,0,51
57245,Operations,region_4,Masters & above,m,sourcing,1,48,5.0,6,1,0,63
9284,HR,region_22,Bachelors,m,referred,1,26,5.0,2,1,0,49
49114,Analytics,region_32,Bachelors,m,sourcing,1,28,3.0,2,0,0,87
49351,R&D,region_7,Masters & above,f,sourcing,1,29,3.0,4,1,0,85
37739,Sales & Marketing,region_13,Bachelors,m,other,1,33,4.0,8,1,0,52
52868,Operations,region_22,Bachelors,f,other,1,34,5.0,7,0,0,63
54875,Technology,region_7,Bachelors,f,sourcing,4,32,4.0,4,0,0,79
10237,Technology,region_15,Masters & above,m,other,2,41,4.0,7,0,0,78
4389,Sales & Marketing,region_13,Bachelors,m,sourcing,1,53,5.0,10,0,0,49
2087,Operations,region_7,Masters & above,f,sourcing,1,40,3.0,6,1,0,65
5113,Operations,region_14,Masters & above,f,other,1,43,2.0,7,1,0,60
34767,Technology,region_15,Masters & above,m,other,1,34,3.0,7,0,0,83
11045,Operations,region_8,Masters & above,m,other,1,40,4.0,4,0,0,64
47255,Legal,region_15,Bachelors,m,other,1,30,3.0,2,0,0,60
56032,Sales & Marketing,region_31,Bachelors,m,sourcing,1,31,2.0,2,1,0,51
51280,Analytics,region_7,Bachelors,m,sourcing,1,31,5.0,3,1,0,86
31802,HR,region_27,Bachelors,m,sourcing,1,30,4.0,7,0,0,47
62126,Operations,region_29,Bachelors,m,sourcing,1,47,5.0,15,0,0,59
25106,Procurement,region_2,Masters & above,f,other,8,43,4.0,2,1,0,71
69082,Operations,region_22,Masters & above,f,sourcing,2,39,3.0,12,0,0,57
49841,Analytics,region_22,,m,sourcing,1,28,3.0,6,0,0,90
77291,Sales & Marketing,region_2,,m,sourcing,1,32,3.0,3,0,0,46
10543,Procurement,region_16,Bachelors,m,other,1,35,3.0,9,1,0,70
36040,Analytics,region_15,Bachelors,m,sourcing,1,31,5.0,7,0,0,83
16790,Sales & Marketing,region_1,Masters & above,f,other,1,37,5.0,9,0,0,53
73035,Operations,region_11,Masters & above,f,sourcing,1,38,5.0,4,1,0,62
30481,Analytics,region_7,Bachelors,m,other,1,35,,1,1,0,82
56131,Sales & Marketing,region_2,Bachelors,m,other,1,31,4.0,4,1,0,46
1653,Procurement,region_11,Masters & above,m,other,1,42,3.0,13,1,0,98
23542,Technology,region_2,Masters & above,m,other,1,48,2.0,14,0,0,82
46525,Technology,region_13,Masters & above,m,other,1,51,4.0,5,0,0,81
16813,Sales & Marketing,region_2,Bachelors,m,other,2,55,3.0,11,1,0,51
22378,Procurement,region_4,Masters & above,f,other,1,38,3.0,2,1,0,71
28396,Operations,region_2,Bachelors,m,referred,1,32,5.0,7,0,0,60
6584,HR,region_22,Bachelors,m,sourcing,1,30,5.0,5,0,0,48
71936,Sales & Marketing,region_22,Bachelors,f,other,2,36,3.0,4,1,0,49
16441,Technology,region_13,Bachelors,m,other,1,40,1.0,5,0,0,75
14606,Procurement,region_2,Bachelors,m,sourcing,1,47,5.0,20,1,0,66
26165,R&D,region_7,Masters & above,m,sourcing,1,39,5.0,4,1,0,81
17689,Sales & Marketing,region_13,Bachelors,m,other,1,36,3.0,9,0,0,50
18004,Operations,region_2,Masters & above,m,other,1,48,4.0,8,0,0,59
22658,Operations,region_13,Bachelors,f,sourcing,1,30,3.0,6,1,0,61
22491,Sales & Marketing,region_23,Bachelors,m,sourcing,1,41,3.0,8,0,0,43
55687,Sales & Marketing,region_7,Masters & above,m,other,1,38,2.0,10,0,0,50
73336,Legal,region_2,Bachelors,f,other,1,31,,1,0,0,64
18056,Procurement,region_14,Bachelors,f,sourcing,1,31,3.0,6,0,0,73
12222,HR,region_13,Bachelors,m,other,1,31,3.0,8,0,0,50
50739,HR,region_27,Masters & above,f,other,1,33,3.0,5,0,0,48
29646,Technology,region_16,Bachelors,f,other,1,44,3.0,17,1,0,78
42927,Operations,region_22,Masters & above,f,sourcing,1,60,3.0,6,1,0,58
34330,Procurement,region_22,Masters & above,m,sourcing,1,47,5.0,21,1,0,67
42342,Operations,region_16,Bachelors,m,sourcing,1,39,5.0,3,1,0,57
59563,Technology,region_5,Bachelors,f,sourcing,1,29,3.0,7,0,0,79
75432,Operations,region_33,Bachelors,m,other,1,29,,1,0,0,56
8106,Operations,region_23,Masters & above,m,sourcing,1,35,3.0,2,0,0,58
78116,Operations,region_22,Bachelors,f,sourcing,2,32,3.0,8,1,0,60
10441,Sales & Marketing,region_31,Masters & above,m,other,1,43,5.0,3,0,0,55
64386,Analytics,region_22,Bachelors,m,other,2,35,5.0,7,1,0,87
69352,Technology,region_2,,f,sourcing,1,35,5.0,9,1,0,80
67860,Sales & Marketing,region_7,Bachelors,m,sourcing,1,33,3.0,6,0,0,49
71218,Operations,region_4,Bachelors,m,sourcing,1,44,5.0,15,0,0,62
10538,Operations,region_14,Bachelors,f,other,1,30,4.0,5,0,0,60
59990,Sales & Marketing,region_2,Bachelors,m,other,1,40,,1,1,0,48
59925,Sales & Marketing,region_10,Masters & above,m,other,1,30,4.0,2,0,0,49
59417,Procurement,region_26,Bachelors,f,sourcing,1,40,3.0,8,0,0,74
45194,Operations,region_19,Bachelors,m,sourcing,1,35,3.0,4,1,0,53
3688,Technology,region_2,Bachelors,m,sourcing,1,29,4.0,3,1,0,82
60206,Procurement,region_22,Masters & above,f,other,1,32,3.0,4,1,0,73
24183,Operations,region_31,Masters & above,f,other,1,37,5.0,9,1,0,57
627,Operations,region_12,Bachelors,f,sourcing,1,44,4.0,8,0,0,62
46150,Technology,region_2,Bachelors,m,sourcing,1,32,3.0,7,0,0,81
23840,Operations,region_7,Masters & above,m,other,1,48,4.0,17,0,0,59
72480,R&D,region_2,Masters & above,f,sourcing,1,33,4.0,6,1,0,83
56094,Procurement,region_2,Bachelors,f,other,1,32,3.0,6,0,0,67
16389,Analytics,region_22,Bachelors,m,sourcing,1,34,3.0,7,1,0,84
42719,Analytics,region_21,,m,sourcing,1,27,,1,0,0,80
68287,Sales & Marketing,region_5,Bachelors,f,other,3,26,3.0,4,1,0,50
32170,HR,region_2,Bachelors,m,other,1,23,,1,0,0,48
60867,Sales & Marketing,region_15,Bachelors,m,other,1,41,5.0,3,0,0,50
49031,Sales & Marketing,region_28,,m,sourcing,1,33,5.0,4,1,0,51
10019,Sales & Marketing,region_18,Bachelors,m,sourcing,1,28,,1,0,0,44
23148,Technology,region_28,Masters & above,f,sourcing,1,35,2.0,8,0,0,74
37671,Sales & Marketing,region_13,Bachelors,m,other,1,47,5.0,5,1,0,47
66309,Sales & Marketing,region_24,Bachelors,m,other,1,29,1.0,4,0,0,48
21477,Analytics,region_22,Bachelors,m,other,2,27,,1,1,0,85
41638,Procurement,region_2,Bachelors,m,other,1,56,4.0,14,0,0,65
40603,Procurement,region_11,Bachelors,m,other,1,27,3.0,4,1,0,74
54764,Procurement,region_8,Masters & above,f,other,1,34,1.0,3,0,0,70
33106,Procurement,region_13,Masters & above,m,other,1,40,3.0,6,0,0,70
52717,Operations,region_21,Bachelors,m,other,2,34,1.0,3,1,0,58
37793,Procurement,region_23,Masters & above,f,sourcing,1,32,3.0,6,1,0,67
28286,Operations,region_11,Bachelors,m,sourcing,1,36,1.0,9,0,0,54
65274,Sales & Marketing,region_19,Bachelors,m,sourcing,1,45,1.0,5,1,0,48
66494,Analytics,region_22,Bachelors,m,referred,2,29,5.0,4,1,0,86
50878,Sales & Marketing,region_22,Bachelors,m,other,2,26,4.0,3,1,0,49
4377,Analytics,region_2,Masters & above,f,other,1,38,3.0,7,0,0,88
62871,Sales & Marketing,region_7,Bachelors,m,sourcing,1,41,4.0,7,1,0,52
12070,Finance,region_7,Bachelors,m,sourcing,2,33,3.0,7,0,0,62
74364,Sales & Marketing,region_4,Bachelors,m,sourcing,1,49,3.0,5,0,0,48
77266,Analytics,region_15,Bachelors,m,sourcing,1,29,,1,1,0,89
33413,Technology,region_22,Bachelors,f,other,1,37,3.0,4,1,0,76
140,Operations,region_22,Bachelors,m,other,1,44,5.0,16,1,0,56
30944,Operations,region_15,Bachelors,m,sourcing,1,51,5.0,20,0,0,57
44085,Sales & Marketing,region_7,Bachelors,f,sourcing,2,30,1.0,3,0,0,49
7867,Operations,region_27,Bachelors,f,sourcing,1,32,3.0,3,0,0,59
41795,Operations,region_15,Bachelors,m,other,1,49,3.0,19,0,0,61
36916,HR,region_31,Bachelors,f,other,1,26,4.0,2,0,0,50
765,Operations,region_29,Masters & above,m,sourcing,1,44,3.0,6,1,0,63
17481,Operations,region_2,Masters & above,f,sourcing,3,50,5.0,7,1,0,59
18487,Analytics,region_7,Bachelors,m,sourcing,1,28,5.0,4,1,0,88
31134,Sales & Marketing,region_13,Bachelors,m,other,1,33,4.0,8,1,0,54
34136,Finance,region_13,Bachelors,m,sourcing,2,26,1.0,2,0,0,60
64032,Operations,region_2,Bachelors,m,other,1,29,3.0,2,0,0,61
16062,Operations,region_30,Bachelors,f,other,1,28,3.0,5,1,0,60
57864,Procurement,region_7,Masters & above,f,sourcing,1,49,5.0,20,1,0,69
13693,Sales & Marketing,region_16,,f,other,1,41,1.0,4,1,0,47
75402,Analytics,region_24,Masters & above,m,other,1,34,3.0,3,0,0,87
48913,Analytics,region_7,Bachelors,m,other,1,44,5.0,4,1,0,88
6257,Sales & Marketing,region_22,Bachelors,m,sourcing,1,27,2.0,2,0,0,54
64624,Operations,region_2,Masters & above,m,other,2,43,5.0,3,1,0,59
76074,R&D,region_22,Bachelors,m,other,1,31,3.0,1,1,0,86
69692,Legal,region_22,Masters & above,m,other,1,34,5.0,6,1,0,61
64051,Operations,region_13,Masters & above,m,other,1,41,4.0,4,1,0,62
15837,Sales & Marketing,region_22,Bachelors,m,other,2,29,5.0,2,0,0,45
69521,Technology,region_31,Bachelors,f,other,2,29,4.0,5,0,0,72
22063,Operations,region_21,Bachelors,m,other,1,29,,1,0,0,64
58913,Procurement,region_5,Bachelors,m,other,1,35,3.0,2,0,0,64
75699,Procurement,region_11,Bachelors,f,sourcing,1,37,1.0,10,0,0,64
39551,Operations,region_2,Masters & above,f,sourcing,2,35,4.0,6,0,0,65
58678,Operations,region_31,Bachelors,m,other,1,33,3.0,7,0,0,58
67137,Sales & Marketing,region_9,Bachelors,m,other,2,30,3.0,5,0,0,50
23918,Operations,region_11,Bachelors,m,sourcing,1,31,4.0,5,0,0,62
34486,Finance,region_7,Masters & above,m,other,2,31,2.0,2,0,0,64
40533,Sales & Marketing,region_4,Masters & above,f,other,1,36,1.0,3,1,0,47
52431,Sales & Marketing,region_30,Bachelors,m,other,1,29,3.0,6,0,0,51
25993,Procurement,region_17,Masters & above,f,sourcing,1,49,1.0,5,1,1,67
76847,Technology,region_7,Bachelors,m,other,2,34,3.0,7,0,0,79
57288,Finance,region_23,Masters & above,m,other,1,40,2.0,8,1,0,59
9777,Procurement,region_26,Bachelors,f,sourcing,1,25,,1,1,0,69
51489,R&D,region_26,Bachelors,m,other,1,32,3.0,6,1,0,86
62983,Sales & Marketing,region_7,Bachelors,m,other,1,33,4.0,10,0,0,49
17079,Sales & Marketing,region_2,,f,sourcing,2,24,,1,0,0,47
42695,Procurement,region_22,Masters & above,f,sourcing,1,39,1.0,10,0,0,70
45476,Operations,region_26,Masters & above,m,sourcing,1,46,1.0,19,0,0,63
64723,Procurement,region_15,Masters & above,f,sourcing,1,31,3.0,3,1,0,68
7012,Technology,region_4,Bachelors,m,other,1,33,3.0,6,0,0,82
31558,Technology,region_7,Masters & above,m,sourcing,1,47,5.0,16,1,0,81
4848,Sales & Marketing,region_4,Masters & above,m,other,1,31,5.0,4,1,0,48
68274,Finance,region_31,Bachelors,m,other,1,34,3.0,5,1,0,59
8327,HR,region_2,Masters & above,f,sourcing,1,45,5.0,12,0,0,54
6979,Sales & Marketing,region_2,Bachelors,m,other,2,41,2.0,7,0,0,54
59842,Operations,region_2,Bachelors,f,other,2,39,1.0,2,0,0,63
51651,Operations,region_16,Masters & above,m,sourcing,1,34,5.0,2,1,0,62
40496,Sales & Marketing,region_15,Bachelors,f,other,1,31,3.0,5,1,0,45
43651,Operations,region_26,Masters & above,m,other,1,37,5.0,3,1,0,61
67771,Operations,region_28,Bachelors,m,other,1,35,4.0,7,0,0,61
74543,Analytics,region_28,,m,other,1,28,5.0,5,1,0,82
65278,Operations,region_11,Bachelors,m,sourcing,1,27,5.0,3,0,0,61
47696,Sales & Marketing,region_13,Bachelors,m,sourcing,1,30,,1,1,0,52
33678,Sales & Marketing,region_15,Masters & above,m,other,2,35,3.0,3,0,0,53
49886,Operations,region_2,Bachelors,f,sourcing,2,49,4.0,17,1,0,60
54481,Operations,region_23,Bachelors,f,other,1,33,3.0,5,0,0,63
55325,Analytics,region_22,Bachelors,m,other,1,25,,1,0,0,88
29433,Technology,region_2,Masters & above,m,sourcing,1,43,3.0,13,0,0,79
40725,Sales & Marketing,region_2,Bachelors,m,other,1,41,3.0,7,0,0,64
29673,Technology,region_15,Bachelors,m,sourcing,1,36,2.0,3,1,0,80
48465,Sales & Marketing,region_16,Bachelors,m,sourcing,1,46,4.0,21,0,0,44
74154,HR,region_7,Bachelors,m,other,2,31,3.0,4,0,0,46
75911,Sales & Marketing,region_2,Bachelors,m,other,2,28,5.0,5,0,0,50
1480,Sales & Marketing,region_7,Bachelors,m,other,1,30,2.0,4,0,0,51
33884,HR,region_7,Bachelors,f,other,1,25,,1,0,0,49
70181,Operations,region_19,Bachelors,f,other,1,36,3.0,8,0,0,56
36747,Analytics,region_28,Bachelors,m,other,1,33,2.0,4,0,0,82
11710,Operations,region_2,Masters & above,m,other,1,35,2.0,3,0,0,62
18315,Analytics,region_22,Bachelors,f,other,1,32,3.0,6,0,0,84
28740,Procurement,region_17,Bachelors,f,sourcing,1,27,3.0,6,0,0,67
9873,Finance,region_2,Bachelors,f,sourcing,2,51,3.0,5,0,0,57
64893,Analytics,region_16,Bachelors,m,sourcing,2,30,,1,1,0,83
52158,Operations,region_7,Below Secondary,m,other,1,27,1.0,5,0,0,59
7099,Sales & Marketing,region_22,Bachelors,m,other,1,26,3.0,5,1,0,49
46737,Sales & Marketing,region_20,Masters & above,m,sourcing,1,41,3.0,3,0,0,53
3226,Analytics,region_1,Masters & above,m,other,1,30,2.0,6,0,0,86
35170,Sales & Marketing,region_2,,m,other,1,48,4.0,6,0,0,49
49058,Sales & Marketing,region_28,Masters & above,m,other,1,36,1.0,2,0,0,53
18842,Technology,region_11,Bachelors,f,other,1,31,3.0,4,0,0,78
13862,Sales & Marketing,region_2,Masters & above,m,sourcing,1,30,1.0,6,0,0,47
8314,Procurement,region_7,Masters & above,m,other,3,46,4.0,7,0,0,72
62263,Technology,region_2,Bachelors,f,sourcing,1,37,1.0,5,1,0,78
53788,Sales & Marketing,region_19,Bachelors,m,sourcing,1,32,4.0,5,0,0,50
30255,Procurement,region_14,Bachelors,f,sourcing,1,29,5.0,4,1,0,73
57670,Sales & Marketing,region_26,Bachelors,m,other,1,25,3.0,3,0,0,52
57455,Operations,region_2,Masters & above,m,other,1,47,5.0,19,0,0,61
74878,Sales & Marketing,region_22,Bachelors,f,sourcing,2,28,3.0,1,0,0,50
24622,Sales & Marketing,region_9,,m,sourcing,1,39,1.0,3,0,0,48
74471,Analytics,region_31,Bachelors,m,other,2,29,5.0,2,0,0,83
63498,Sales & Marketing,region_7,Bachelors,m,other,1,46,1.0,16,0,0,45
6315,Sales & Marketing,region_25,Bachelors,m,other,1,31,5.0,5,1,0,49
43983,Procurement,region_2,Bachelors,m,sourcing,1,59,3.0,16,0,0,74
23139,Sales & Marketing,region_27,Bachelors,m,other,1,25,4.0,3,0,0,53
49034,Procurement,region_2,Masters & above,m,sourcing,1,38,5.0,3,1,0,74
50294,Sales & Marketing,region_16,Bachelors,m,other,2,26,,1,0,0,44
9786,Procurement,region_7,Masters & above,f,sourcing,1,40,5.0,7,0,0,66
72236,Operations,region_2,Bachelors,m,sourcing,1,35,3.0,3,0,0,54
75107,Procurement,region_15,Bachelors,m,other,1,34,1.0,5,0,0,69
1939,Sales & Marketing,region_7,Masters & above,m,other,1,35,5.0,8,0,0,45
36094,Sales & Marketing,region_28,Masters & above,m,other,2,32,1.0,2,0,0,46
14616,Finance,region_4,Masters & above,f,other,1,34,5.0,7,1,0,88
42011,Analytics,region_22,Bachelors,m,other,2,29,4.0,3,0,0,88
70898,Sales & Marketing,region_2,Bachelors,m,other,2,58,1.0,19,0,0,47
8585,Technology,region_5,Masters & above,m,other,1,37,5.0,10,1,0,82
28639,Sales & Marketing,region_16,Bachelors,f,sourcing,1,31,4.0,6,0,0,48
65479,Procurement,region_30,Bachelors,m,other,1,29,2.0,4,0,0,68
3121,Sales & Marketing,region_31,Bachelors,m,other,1,45,3.0,5,0,0,52
19558,Sales & Marketing,region_2,,m,sourcing,1,47,4.0,7,0,1,96
35551,Sales & Marketing,region_7,,f,sourcing,1,23,,1,0,0,52
45085,Analytics,region_7,Bachelors,m,sourcing,1,29,3.0,2,0,0,84
70472,Operations,region_26,Masters & above,f,other,1,33,3.0,9,0,0,55
20046,Sales & Marketing,region_15,Bachelors,m,sourcing,1,29,4.0,3,0,0,51
69782,Procurement,region_22,Bachelors,m,other,1,39,3.0,11,0,0,77
55404,Operations,region_22,Masters & above,f,other,1,36,5.0,5,0,0,62
32610,Procurement,region_33,Bachelors,m,sourcing,1,29,1.0,2,0,0,71
7722,R&D,region_26,Masters & above,m,other,1,29,5.0,4,0,0,82
30080,Analytics,region_29,Masters & above,m,other,1,30,3.0,2,0,0,84
61340,HR,region_30,Bachelors,m,other,1,27,5.0,2,1,0,45
50510,Sales & Marketing,region_4,Masters & above,m,sourcing,1,38,2.0,6,0,0,53
63130,Technology,region_16,Bachelors,m,other,1,32,3.0,2,0,0,77
67349,Operations,region_31,Bachelors,f,other,1,28,4.0,3,0,0,62
55175,Operations,region_22,Masters & above,m,other,1,48,5.0,21,0,0,63
67191,Analytics,region_29,Bachelors,m,sourcing,1,27,2.0,4,1,0,79
71965,Analytics,region_32,Bachelors,m,other,1,38,4.0,10,1,0,84
10333,HR,region_22,Masters & above,m,sourcing,1,34,4.0,4,0,0,48
23426,Operations,region_4,Bachelors,m,other,1,32,3.0,5,0,0,60
57193,HR,region_7,Below Secondary,m,other,1,24,2.0,2,0,0,62
72545,HR,region_2,Bachelors,m,other,2,30,5.0,4,0,0,48
38995,Sales & Marketing,region_32,Bachelors,f,other,1,28,4.0,2,0,0,48
29804,Operations,region_3,Bachelors,f,sourcing,1,28,,1,0,0,57
63166,Sales & Marketing,region_14,Bachelors,m,other,1,41,1.0,13,0,0,50
15426,Sales & Marketing,region_31,Bachelors,f,sourcing,1,32,3.0,3,0,0,49
72215,Sales & Marketing,region_16,Bachelors,m,other,1,39,5.0,7,0,0,50
50864,Sales & Marketing,region_7,Masters & above,m,sourcing,1,36,5.0,7,1,0,49
1760,Sales & Marketing,region_13,Masters & above,f,other,1,33,2.0,3,0,0,47
19368,Operations,region_8,Bachelors,f,other,1,33,4.0,7,0,0,59
73807,Procurement,region_2,Masters & above,f,other,1,59,4.0,11,0,0,70
7930,Sales & Marketing,region_19,,m,sourcing,1,35,1.0,7,0,0,50
53636,Operations,region_2,Bachelors,m,sourcing,1,59,3.0,6,1,1,62
33814,Sales & Marketing,region_13,Bachelors,m,other,3,31,3.0,2,1,1,48
3570,Operations,region_22,,m,other,1,26,4.0,4,0,0,63
67348,Sales & Marketing,region_1,Bachelors,m,other,1,28,5.0,6,1,0,50
50640,Analytics,region_17,Bachelors,m,sourcing,1,30,3.0,3,0,0,84
27945,Sales & Marketing,region_26,Bachelors,m,other,1,27,2.0,5,1,0,54
58503,Technology,region_7,Masters & above,m,other,1,52,4.0,22,0,0,81
54924,Operations,region_28,Bachelors,m,other,1,34,5.0,8,0,0,62
22251,Procurement,region_2,Bachelors,f,sourcing,1,40,3.0,9,0,0,68
49497,Procurement,region_24,Masters & above,m,other,1,40,2.0,13,0,0,65
37277,Sales & Marketing,region_7,Masters & above,f,other,2,32,5.0,7,1,0,51
71267,Sales & Marketing,region_25,Bachelors,m,sourcing,1,32,5.0,5,1,0,46
75928,Analytics,region_8,Bachelors,m,other,1,38,5.0,9,0,0,88
74171,Finance,region_16,Below Secondary,m,other,2,25,3.0,3,0,0,61
45815,Analytics,region_21,Bachelors,m,other,1,29,,1,1,1,88
12743,R&D,region_4,Bachelors,m,other,2,31,5.0,2,1,0,87
7912,Analytics,region_22,Bachelors,m,sourcing,1,29,2.0,6,1,0,83
66231,Procurement,region_17,Bachelors,m,sourcing,1,28,4.0,3,0,0,67
28619,Procurement,region_22,Bachelors,m,sourcing,1,27,3.0,2,0,0,67
57297,Operations,region_29,Bachelors,m,sourcing,1,28,4.0,2,1,0,61
29730,Technology,region_2,Bachelors,m,sourcing,1,51,3.0,3,0,0,76
52285,Sales & Marketing,region_10,Bachelors,m,sourcing,1,26,,1,1,0,51
14171,Sales & Marketing,region_25,Bachelors,m,other,1,30,2.0,3,1,0,48
46045,Sales & Marketing,region_3,Bachelors,m,other,1,39,3.0,4,0,0,47
12691,Procurement,region_7,Bachelors,m,other,1,33,4.0,10,1,0,69
76509,Procurement,region_15,Masters & above,f,other,1,47,4.0,5,0,0,70
7146,Operations,region_13,Masters & above,f,sourcing,1,35,5.0,8,1,0,62
48027,Sales & Marketing,region_22,Bachelors,m,other,2,30,4.0,5,0,0,48
10117,Procurement,region_2,Bachelors,m,other,1,43,3.0,13,0,0,73
52061,Sales & Marketing,region_31,Bachelors,m,other,1,27,2.0,3,0,0,52
20498,Technology,region_33,Bachelors,m,sourcing,1,51,2.0,4,0,0,76
14234,Sales & Marketing,region_27,Bachelors,m,sourcing,1,36,4.0,4,0,0,52
56703,Technology,region_7,Masters & above,f,sourcing,1,54,3.0,18,1,0,82
30423,Sales & Marketing,region_2,,f,sourcing,1,46,1.0,14,0,0,53
64700,Operations,region_15,Masters & above,m,other,1,32,2.0,3,0,0,56
9316,Legal,region_22,Bachelors,m,other,1,37,1.0,2,0,0,65
67683,Technology,region_14,Bachelors,f,other,1,29,3.0,4,0,0,74
48477,Analytics,region_2,Masters & above,m,other,2,42,5.0,12,1,0,82
51229,Operations,region_17,Bachelors,m,other,1,30,5.0,2,1,0,58
48840,Sales & Marketing,region_30,Bachelors,m,other,1,27,5.0,4,0,0,52
58300,Legal,region_2,Masters & above,f,other,1,46,4.0,11,0,0,55
32491,HR,region_25,Bachelors,f,other,1,26,5.0,2,1,0,49
32938,Technology,region_30,Bachelors,m,sourcing,1,25,,1,0,0,78
75824,Operations,region_16,Bachelors,m,other,1,36,5.0,2,1,0,61
54103,Operations,region_2,Below Secondary,m,sourcing,2,25,,1,1,0,59
21035,Procurement,region_2,Masters & above,m,sourcing,3,37,3.0,5,0,0,70
37927,Operations,region_2,Bachelors,f,other,2,49,3.0,19,0,0,61
8097,Sales & Marketing,region_19,Bachelors,m,sourcing,1,38,4.0,4,1,0,51
67106,Technology,region_13,Bachelors,m,other,1,34,4.0,7,0,0,78
30506,Analytics,region_22,,m,other,2,25,3.0,3,1,0,83
20157,Operations,region_29,Masters & above,f,other,1,31,3.0,3,0,0,65
32167,Procurement,region_17,Bachelors,f,other,1,28,3.0,3,0,0,71
65645,Procurement,region_2,Masters & above,m,sourcing,1,60,4.0,6,0,0,70
64954,Technology,region_28,Masters & above,m,other,2,31,2.0,4,0,0,77
5537,Technology,region_2,Bachelors,m,sourcing,1,29,4.0,2,0,0,75
32782,Sales & Marketing,region_13,,m,other,1,24,,1,0,0,48
29744,Technology,region_7,Bachelors,m,sourcing,1,34,3.0,2,1,0,80
3164,Operations,region_22,Bachelors,m,sourcing,1,24,,1,0,0,56
63107,Analytics,region_22,Bachelors,m,sourcing,1,27,2.0,4,0,0,85
69092,Procurement,region_19,Masters & above,m,other,1,36,5.0,3,1,0,68
69381,Sales & Marketing,region_26,Bachelors,m,other,1,30,5.0,6,1,0,52
54413,Sales & Marketing,region_4,Bachelors,m,other,1,44,5.0,14,0,0,51
619,HR,region_28,Masters & above,m,other,1,36,2.0,3,1,0,48
9761,Technology,region_7,Bachelors,f,other,1,49,3.0,5,0,0,78
32239,Sales & Marketing,region_26,Bachelors,m,other,1,46,3.0,3,1,0,50
76139,Finance,region_2,Bachelors,m,sourcing,1,52,3.0,13,0,0,60
42596,Operations,region_4,Bachelors,m,other,1,44,4.0,5,0,0,59
24564,Sales & Marketing,region_26,,m,sourcing,1,34,4.0,3,0,0,49
59450,Operations,region_25,Masters & above,m,other,1,35,3.0,7,0,0,62
54521,HR,region_13,Bachelors,m,other,2,25,,1,0,0,49
22499,Sales & Marketing,region_22,Bachelors,m,other,4,30,1.0,2,0,0,50
1777,Sales & Marketing,region_32,Bachelors,m,other,1,27,3.0,2,0,0,45
41974,Finance,region_7,Masters & above,m,sourcing,3,34,4.0,7,0,0,61
66566,Sales & Marketing,region_2,Bachelors,f,other,1,49,1.0,16,0,0,47
61710,Sales & Marketing,region_21,Bachelors,m,sourcing,1,36,1.0,7,0,0,54
28742,Sales & Marketing,region_7,Masters & above,m,sourcing,1,39,4.0,7,1,0,51
64295,Sales & Marketing,region_7,Bachelors,m,other,1,55,3.0,12,0,0,51
28665,Sales & Marketing,region_13,Masters & above,m,sourcing,1,51,1.0,22,0,0,54
74490,Technology,region_2,Bachelors,f,sourcing,2,28,3.0,2,0,0,81
45949,Procurement,region_26,,m,sourcing,1,33,3.0,5,1,0,69
11383,Procurement,region_15,Bachelors,m,sourcing,1,50,3.0,6,0,0,66
8944,Technology,region_12,Bachelors,m,other,1,33,4.0,6,0,0,81
68793,Operations,region_24,Masters & above,f,sourcing,1,35,3.0,8,0,0,59
74562,Technology,region_2,Masters & above,m,other,1,40,1.0,10,0,0,77
74652,Operations,region_13,Bachelors,m,sourcing,1,26,3.0,4,0,0,62
61335,Sales & Marketing,region_28,Masters & above,f,other,2,36,5.0,4,0,0,46
10268,Sales & Marketing,region_2,Bachelors,m,referred,1,33,3.0,5,1,0,45
2978,Sales & Marketing,region_22,Bachelors,m,sourcing,3,33,3.0,6,0,0,50
66461,Analytics,region_6,Bachelors,m,sourcing,1,41,5.0,10,1,0,87
20491,Sales & Marketing,region_2,Bachelors,m,other,1,51,4.0,17,0,0,51
74073,Finance,region_2,Bachelors,m,sourcing,1,37,5.0,11,1,0,64
28977,Sales & Marketing,region_7,Bachelors,f,sourcing,1,31,4.0,5,0,0,50
30314,Procurement,region_10,Masters & above,m,other,1,29,,1,1,0,74
62490,Procurement,region_5,Bachelors,m,sourcing,3,25,5.0,2,1,0,70
40530,Sales & Marketing,region_12,Bachelors,m,other,1,25,3.0,2,0,0,47
19805,Procurement,region_22,Masters & above,m,other,1,41,5.0,2,1,0,69
70429,Analytics,region_19,Bachelors,m,other,2,40,5.0,8,0,0,87
13454,Procurement,region_7,Masters & above,f,sourcing,1,34,4.0,3,1,0,74
38609,Operations,region_22,Masters & above,m,sourcing,2,55,3.0,7,0,0,58
36124,Operations,region_19,Bachelors,m,other,1,39,5.0,11,1,0,64
24597,Sales & Marketing,region_13,Masters & above,m,other,1,30,3.0,3,0,0,48
71090,Sales & Marketing,region_10,Masters & above,m,other,1,36,5.0,4,1,0,48
76087,Analytics,region_29,Bachelors,m,other,2,28,4.0,4,0,0,83
29234,Sales & Marketing,region_19,Bachelors,m,other,1,40,2.0,4,1,0,48
57354,HR,region_23,Bachelors,m,sourcing,1,30,3.0,7,0,0,46
44010,Procurement,region_2,Masters & above,m,other,1,45,1.0,3,1,0,70
53286,Procurement,region_2,Bachelors,f,sourcing,1,39,4.0,5,0,0,67
53276,Analytics,region_26,Bachelors,f,other,2,30,1.0,4,0,0,84
1974,Sales & Marketing,region_11,Bachelors,m,other,2,31,2.0,4,0,0,45
53941,Analytics,region_2,Bachelors,m,other,1,28,3.0,3,0,0,83
71941,Procurement,region_7,Bachelors,m,sourcing,1,30,3.0,4,0,0,71
41758,Sales & Marketing,region_13,,m,sourcing,1,31,1.0,6,0,0,49
20979,Technology,region_24,Bachelors,m,sourcing,1,29,3.0,3,0,0,78
33975,Sales & Marketing,region_15,,f,other,1,31,3.0,4,0,0,50
59611,Technology,region_27,Masters & above,m,other,1,40,3.0,11,0,0,82
52386,Sales & Marketing,region_29,Bachelors,m,sourcing,1,29,3.0,6,1,0,50
23350,Procurement,region_11,Masters & above,f,other,1,38,3.0,6,0,0,82
59997,Technology,region_2,Bachelors,f,other,1,45,4.0,15,1,0,80
43257,Procurement,region_27,Masters & above,m,sourcing,1,38,5.0,13,1,0,67
56892,Sales & Marketing,region_14,Bachelors,m,other,1,26,,1,0,0,48
38886,Technology,region_31,Bachelors,f,other,1,31,3.0,3,0,0,83
2034,Sales & Marketing,region_2,Bachelors,m,sourcing,1,39,5.0,10,1,0,51
68084,Sales & Marketing,region_2,Masters & above,m,other,1,51,1.0,5,1,0,48
6659,Analytics,region_31,Bachelors,m,sourcing,2,27,4.0,2,0,0,84
59364,Sales & Marketing,region_11,Bachelors,m,sourcing,1,32,5.0,7,1,0,50
15617,Sales & Marketing,region_2,Bachelors,f,other,1,58,3.0,8,0,0,53
61608,Sales & Marketing,region_13,Bachelors,f,other,1,24,1.0,2,0,0,50
12014,Analytics,region_11,Bachelors,m,other,1,33,4.0,6,0,0,83
34145,Procurement,region_2,Bachelors,f,other,1,30,3.0,7,0,0,71
39612,Technology,region_2,Bachelors,m,other,1,31,,1,0,0,78
27461,Procurement,region_31,Bachelors,f,sourcing,1,26,1.0,2,0,0,70
29034,Sales & Marketing,region_19,Bachelors,m,other,1,41,5.0,11,0,0,51
16517,Procurement,region_22,Masters & above,f,other,1,40,3.0,3,0,0,72
38382,Operations,region_14,Bachelors,f,sourcing,1,38,3.0,9,1,0,55
13363,Procurement,region_15,Masters & above,f,sourcing,1,31,1.0,6,0,0,72
45754,Analytics,region_2,Bachelors,m,other,1,30,4.0,2,0,0,86
69172,Technology,region_33,Bachelors,m,other,1,42,1.0,2,0,0,83
52704,Legal,region_5,Bachelors,m,sourcing,1,30,3.0,3,0,0,64
56127,Sales & Marketing,region_22,Bachelors,m,sourcing,1,26,2.0,3,0,0,51
16477,Procurement,region_15,Bachelors,f,sourcing,2,31,3.0,7,0,0,67
29509,Procurement,region_2,Masters & above,f,sourcing,1,32,5.0,4,1,0,68
6700,Procurement,region_26,Bachelors,f,sourcing,2,28,3.0,7,0,0,72
33049,Technology,region_21,Bachelors,m,other,1,29,4.0,2,1,0,81
51413,Operations,region_28,Bachelors,m,other,1,25,4.0,3,1,0,58
58179,Procurement,region_7,Bachelors,m,other,1,29,3.0,5,0,0,72
22404,Operations,region_31,Masters & above,m,other,1,32,3.0,5,0,0,60
19772,Analytics,region_2,Bachelors,m,other,1,28,3.0,1,0,0,78
74685,Sales & Marketing,region_23,Masters & above,m,sourcing,1,39,4.0,4,1,0,49
23585,Sales & Marketing,region_12,Bachelors,m,other,1,41,5.0,6,0,0,45
73529,Technology,region_7,Bachelors,m,sourcing,2,36,4.0,9,1,0,78
10657,HR,region_7,Bachelors,m,sourcing,1,36,4.0,7,1,0,52
10336,Operations,region_1,Bachelors,m,other,1,29,3.0,3,0,0,60
36269,Procurement,region_13,Bachelors,m,other,1,25,,1,0,0,67
44827,Procurement,region_2,Bachelors,f,other,1,56,4.0,24,0,0,67
73629,Operations,region_22,Bachelors,f,referred,1,29,3.0,4,0,0,72
152,Sales & Marketing,region_22,Bachelors,f,other,1,28,3.0,2,0,0,51
31487,Sales & Marketing,region_22,Masters & above,m,other,1,33,2.0,7,0,0,49
31124,Procurement,region_8,Masters & above,f,sourcing,1,31,5.0,7,1,0,65
12813,Operations,region_22,Bachelors,f,sourcing,1,36,5.0,7,0,0,56
4650,Operations,region_2,Bachelors,m,other,1,41,5.0,7,1,0,60
17733,Sales & Marketing,region_7,Bachelors,m,sourcing,1,36,3.0,10,0,0,56
14797,HR,region_29,Bachelors,f,other,1,28,2.0,3,0,0,46
10771,Sales & Marketing,region_22,,m,other,1,27,5.0,2,0,0,50
48881,Operations,region_2,Bachelors,f,other,1,43,3.0,5,0,0,58
76421,Operations,region_29,Bachelors,f,other,1,35,5.0,7,1,0,61
14076,Finance,region_26,Bachelors,f,sourcing,1,31,4.0,10,1,0,57
375,Analytics,region_13,Masters & above,m,sourcing,1,40,5.0,5,1,0,84
18838,Technology,region_27,Below Secondary,m,other,1,25,,1,1,0,76
78010,HR,region_31,Bachelors,f,other,1,31,5.0,2,1,0,48
51429,Technology,region_2,Bachelors,f,other,1,44,1.0,15,0,0,79
28779,Finance,region_2,Below Secondary,m,other,1,24,4.0,2,1,0,61
16508,Procurement,region_2,Bachelors,m,other,1,46,4.0,4,1,0,67
31481,Technology,region_26,Bachelors,f,sourcing,1,34,1.0,3,0,0,76
22570,Technology,region_27,Bachelors,m,other,1,31,1.0,5,0,0,82
58364,Finance,region_26,Bachelors,f,other,2,28,3.0,5,0,0,64
6935,Analytics,region_7,Bachelors,m,other,1,32,5.0,5,0,0,84
63603,Sales & Marketing,region_28,,m,sourcing,1,35,3.0,10,0,0,42
72646,Sales & Marketing,region_22,Bachelors,m,referred,1,32,3.0,5,1,0,53
71111,Sales & Marketing,region_31,Bachelors,m,other,1,28,,1,0,0,46
50037,Analytics,region_2,,m,other,1,28,1.0,3,0,0,82
42527,Finance,region_5,Masters & above,m,other,1,34,3.0,8,0,0,58
44505,Sales & Marketing,region_27,Bachelors,m,other,3,29,1.0,4,0,0,50
71428,Sales & Marketing,region_28,Bachelors,m,other,2,37,3.0,5,0,0,55
9454,Procurement,region_5,Bachelors,m,sourcing,2,40,3.0,2,1,0,67
61210,HR,region_2,Masters & above,m,other,1,58,3.0,15,0,0,55
24063,Technology,region_15,Bachelors,m,sourcing,1,27,5.0,2,1,0,80
5240,Procurement,region_13,Bachelors,m,sourcing,1,35,1.0,9,0,0,70
76370,Procurement,region_2,Below Secondary,f,sourcing,1,25,3.0,2,0,0,68
33744,Sales & Marketing,region_15,Bachelors,m,other,2,42,1.0,14,0,0,52
62861,Finance,region_22,Masters & above,m,other,1,30,3.0,2,0,0,62
69840,Operations,region_19,Bachelors,m,sourcing,1,30,3.0,3,0,0,57
12193,Operations,region_15,Bachelors,m,other,1,35,3.0,7,0,0,62
65981,Technology,region_5,Bachelors,f,other,1,26,,1,1,0,77
43348,Analytics,region_27,Bachelors,m,sourcing,1,30,3.0,4,0,0,87
5502,Procurement,region_19,Bachelors,m,other,1,29,5.0,5,1,0,96
74237,Procurement,region_2,Bachelors,m,other,1,46,3.0,12,0,0,68
12074,Technology,region_33,Bachelors,m,other,1,28,3.0,4,1,0,78
39736,Technology,region_15,Bachelors,m,sourcing,1,49,3.0,7,1,0,75
64245,Analytics,region_28,Masters & above,m,other,1,32,3.0,3,1,0,85
7680,Procurement,region_7,Masters & above,m,sourcing,2,38,1.0,4,0,0,74
64593,Analytics,region_2,Bachelors,m,other,2,35,2.0,8,0,0,89
23828,Procurement,region_2,Below Secondary,m,other,7,22,,1,1,0,75
69295,HR,region_7,Bachelors,f,sourcing,1,27,5.0,4,1,0,49
24902,Operations,region_2,Masters & above,m,sourcing,1,60,5.0,17,0,0,61
57797,Legal,region_13,Bachelors,m,other,1,32,4.0,3,1,0,57
9461,Operations,region_2,,f,other,2,44,5.0,3,1,0,54
47388,Operations,region_2,Bachelors,f,sourcing,1,43,5.0,17,1,0,62
77240,Sales & Marketing,region_13,Bachelors,f,other,1,30,3.0,4,1,0,44
57705,Finance,region_25,Bachelors,m,other,1,29,5.0,6,0,0,64
57702,HR,region_22,Bachelors,f,sourcing,1,27,,1,0,0,51
41603,Sales & Marketing,region_16,Masters & above,m,other,1,51,1.0,5,0,0,53
4791,Sales & Marketing,region_2,Bachelors,f,other,2,53,3.0,6,0,0,49
72747,Technology,region_15,Bachelors,m,sourcing,2,46,5.0,12,1,0,82
55261,Technology,region_4,Masters & above,m,sourcing,1,37,1.0,2,1,0,84
64401,Procurement,region_32,Bachelors,m,other,2,33,3.0,6,0,0,73
48121,Technology,region_2,Masters & above,m,other,2,39,3.0,10,1,0,77
39315,Operations,region_15,Bachelors,m,other,1,40,5.0,3,1,0,58
68191,HR,region_2,Masters & above,m,sourcing,1,56,5.0,15,0,0,47
5063,Operations,region_2,Bachelors,f,sourcing,1,45,4.0,7,0,0,64
14133,Procurement,region_26,Bachelors,f,other,2,30,,1,0,0,67
9196,Operations,region_2,Bachelors,f,sourcing,1,31,5.0,5,0,0,71
23,Sales & Marketing,region_16,Bachelors,f,sourcing,1,42,1.0,3,0,0,46
30999,Operations,region_2,Bachelors,m,other,3,36,1.0,8,0,0,60
44055,Technology,region_5,Bachelors,f,sourcing,1,30,4.0,2,0,0,81
11609,Operations,region_31,Bachelors,f,other,1,31,5.0,5,1,0,62
13484,Sales & Marketing,region_22,Bachelors,m,other,2,50,3.0,15,0,0,51
29903,Operations,region_15,Bachelors,f,sourcing,1,36,3.0,10,1,0,58
52094,R&D,region_15,Masters & above,m,sourcing,1,28,3.0,4,0,0,80
10711,Operations,region_22,Bachelors,m,sourcing,2,40,3.0,3,0,0,67
21258,Operations,region_7,Bachelors,m,other,1,50,3.0,7,0,0,58
27930,Operations,region_5,Bachelors,f,sourcing,1,33,3.0,4,0,0,63
15632,Finance,region_22,Bachelors,m,sourcing,1,28,3.0,2,1,0,61
5165,Operations,region_15,Masters & above,m,sourcing,2,36,3.0,9,1,0,67
61520,Sales & Marketing,region_2,Masters & above,m,referred,1,38,4.0,9,1,0,53
58399,Sales & Marketing,region_2,Bachelors,m,other,2,29,5.0,3,0,0,50
40970,Procurement,region_16,Bachelors,f,other,1,33,3.0,7,1,0,72
73402,Operations,region_15,Bachelors,f,sourcing,1,50,4.0,8,1,0,74
66163,Analytics,region_22,Bachelors,f,sourcing,1,28,,1,0,0,80
25974,Operations,region_7,Bachelors,m,other,1,34,1.0,4,0,0,60
2951,Technology,region_7,Bachelors,m,other,2,33,3.0,8,0,0,77
78240,Operations,region_2,Masters & above,m,sourcing,1,54,3.0,19,0,0,60
57887,Technology,region_29,Bachelors,m,other,2,29,3.0,5,0,0,81
28157,Sales & Marketing,region_2,Masters & above,f,sourcing,2,40,2.0,8,0,0,47
77128,Sales & Marketing,region_2,Bachelors,m,sourcing,1,28,,1,1,0,53
22117,HR,region_7,Masters & above,f,other,1,34,5.0,9,0,0,51
26549,Operations,region_31,Bachelors,m,sourcing,1,39,3.0,7,0,0,63
43925,R&D,region_22,Bachelors,f,other,1,30,,1,1,0,84
63739,Sales & Marketing,region_31,Bachelors,m,other,1,29,5.0,2,0,0,51
50649,Analytics,region_2,Masters & above,m,sourcing,2,43,3.0,5,1,0,84
72490,Sales & Marketing,region_22,Bachelors,m,other,2,30,5.0,6,0,0,47
59126,Analytics,region_28,Masters & above,m,other,1,33,4.0,6,1,0,94
58237,Sales & Marketing,region_2,Masters & above,m,sourcing,2,44,3.0,16,0,0,49
72000,Operations,region_4,Bachelors,f,other,1,43,4.0,5,1,0,59
60096,Sales & Marketing,region_30,,m,sourcing,1,25,3.0,3,0,0,54
66607,Procurement,region_2,Masters & above,m,sourcing,2,56,3.0,15,0,0,69
36237,Procurement,region_26,Bachelors,f,other,2,49,5.0,22,1,0,71
75143,Procurement,region_11,Bachelors,m,sourcing,1,40,2.0,6,1,0,71
32483,Operations,region_2,Bachelors,m,other,1,36,3.0,2,1,0,55
45985,Technology,region_7,Bachelors,f,other,1,31,2.0,5,0,0,81
32534,Legal,region_2,Bachelors,m,other,1,29,,1,0,0,59
16873,Operations,region_30,Bachelors,m,other,1,28,4.0,3,0,0,57
36179,Procurement,region_2,Masters & above,m,sourcing,1,40,1.0,10,0,0,72
56278,Finance,region_26,Bachelors,f,other,1,30,1.0,9,0,0,59
17153,Sales & Marketing,region_23,Masters & above,m,other,1,38,4.0,13,0,0,48
74128,Procurement,region_2,Masters & above,m,sourcing,1,41,3.0,4,0,0,71
24796,Finance,region_32,Bachelors,f,other,1,30,,1,1,0,58
17460,Technology,region_7,Masters & above,m,sourcing,1,49,4.0,5,0,0,82
6758,Procurement,region_16,Bachelors,f,other,2,44,2.0,18,1,0,67
75505,Sales & Marketing,region_22,Bachelors,m,other,3,28,,1,0,0,44
3723,Operations,region_10,Masters & above,f,other,1,31,3.0,6,0,0,58
38527,Analytics,region_7,Masters & above,m,other,1,36,3.0,4,1,0,86
36471,Sales & Marketing,region_5,Bachelors,f,other,1,26,,1,0,0,51
68364,Technology,region_27,Below Secondary,m,sourcing,3,23,3.0,1,1,0,78
47958,Operations,region_27,Bachelors,f,sourcing,1,37,5.0,10,0,0,61
15352,Finance,region_31,Bachelors,m,sourcing,1,28,5.0,3,0,0,61
64668,Technology,region_22,Masters & above,m,referred,1,34,4.0,7,1,0,78
44117,Finance,region_4,Masters & above,f,other,1,38,3.0,2,0,0,58
43639,Sales & Marketing,region_25,Masters & above,m,sourcing,2,41,3.0,7,0,0,45
50114,Technology,region_7,Masters & above,m,sourcing,1,45,2.0,5,0,0,86
1555,Technology,region_7,Bachelors,m,sourcing,1,30,3.0,3,1,0,80
42129,Analytics,region_27,Bachelors,m,sourcing,2,29,3.0,3,0,0,84
61788,Sales & Marketing,region_2,,f,other,1,56,1.0,11,0,0,51
21414,Operations,region_21,Bachelors,f,sourcing,1,32,4.0,4,0,0,61
67900,Technology,region_7,Masters & above,f,other,1,45,3.0,4,0,0,80
38806,Sales & Marketing,region_13,,m,other,1,22,,1,0,0,52
12031,Sales & Marketing,region_16,,m,other,1,25,3.0,2,0,0,48
37083,Technology,region_2,Masters & above,m,sourcing,1,37,2.0,7,0,0,78
42635,Procurement,region_8,Bachelors,m,other,1,29,,1,1,0,71
3379,Operations,region_14,Bachelors,m,other,1,39,3.0,11,0,0,60
25427,Sales & Marketing,region_29,Bachelors,m,other,1,42,3.0,10,0,0,45
53191,Operations,region_22,Masters & above,m,other,1,35,4.0,4,1,0,62
49461,HR,region_2,Masters & above,m,other,1,43,5.0,5,1,0,53
42773,HR,region_2,Bachelors,m,sourcing,1,55,5.0,6,1,0,48
9775,Procurement,region_22,Bachelors,f,other,6,29,,1,0,1,97
24420,Operations,region_7,Bachelors,f,other,1,37,5.0,7,1,0,55
47059,Procurement,region_16,Masters & above,f,sourcing,1,34,3.0,8,0,0,88
39340,Operations,region_22,Bachelors,m,sourcing,1,46,5.0,6,0,0,61
38126,HR,region_2,Masters & above,f,sourcing,1,49,3.0,3,1,0,51
37771,Sales & Marketing,region_22,Masters & above,f,sourcing,1,30,1.0,5,0,0,49
41324,Analytics,region_31,Bachelors,m,other,1,27,4.0,3,1,0,86
45116,Operations,region_29,Masters & above,f,other,1,32,1.0,4,0,0,63
73693,Technology,region_28,Masters & above,f,sourcing,1,36,3.0,5,0,0,82
25292,Technology,region_11,Bachelors,m,other,1,30,,1,0,0,78
17043,Procurement,region_16,Bachelors,f,other,1,30,5.0,3,1,0,65
56942,Finance,region_26,Bachelors,m,sourcing,1,28,1.0,2,0,0,61
16832,Sales & Marketing,region_2,Masters & above,m,other,1,53,4.0,7,0,0,52
5532,Sales & Marketing,region_2,Bachelors,m,other,1,55,1.0,6,0,0,45
50635,Operations,region_31,Bachelors,m,other,1,23,2.0,2,1,0,61
52839,Procurement,region_7,Masters & above,m,other,1,36,2.0,4,0,0,68
62202,Procurement,region_11,Bachelors,m,other,1,28,1.0,2,0,0,71
37237,Technology,region_5,Masters & above,f,other,1,33,1.0,9,0,0,77
66894,Sales & Marketing,region_3,Bachelors,m,sourcing,1,43,2.0,11,0,0,47
63092,Finance,region_25,Masters & above,m,sourcing,1,33,4.0,10,0,0,56
1921,Sales & Marketing,region_2,Bachelors,m,other,1,44,2.0,3,0,0,53
71732,Analytics,region_2,Bachelors,m,other,1,27,5.0,3,0,0,82
57490,Procurement,region_12,Bachelors,m,other,2,28,1.0,4,0,0,69
62015,Sales & Marketing,region_11,Bachelors,m,other,2,32,3.0,7,0,0,48
338,Operations,region_32,Bachelors,f,sourcing,1,38,5.0,10,1,0,57
4026,Technology,region_5,Bachelors,m,other,1,29,,1,1,0,75
76979,Analytics,region_22,Bachelors,m,other,1,31,5.0,2,1,0,89
74232,Sales & Marketing,region_22,Masters & above,m,sourcing,1,48,1.0,3,0,0,53
69279,Operations,region_4,Bachelors,m,sourcing,1,32,3.0,5,0,0,63
35345,Analytics,region_27,Bachelors,m,sourcing,1,28,3.0,5,0,0,87
61724,Sales & Marketing,region_8,Bachelors,m,other,1,27,3.0,2,0,0,45
43921,Technology,region_20,Bachelors,m,other,1,26,3.0,2,0,0,82
6512,Analytics,region_4,Masters & above,m,other,1,36,5.0,7,0,0,89
27559,Analytics,region_15,Masters & above,m,sourcing,2,30,3.0,8,0,0,84
62549,Sales & Marketing,region_29,Bachelors,m,other,1,27,5.0,2,1,0,47
20465,Finance,region_7,Masters & above,f,sourcing,1,32,5.0,5,0,0,59
42876,Analytics,region_31,Bachelors,m,other,1,35,4.0,4,0,0,85
4730,Technology,region_26,Bachelors,f,other,1,29,4.0,2,1,0,85
47508,Technology,region_22,Below Secondary,f,sourcing,1,22,,1,1,0,83
26051,Procurement,region_2,Bachelors,f,other,1,37,4.0,4,1,0,74
6878,Procurement,region_2,Masters & above,f,other,2,57,3.0,16,0,0,69
28933,Sales & Marketing,region_28,Masters & above,m,other,3,34,2.0,2,0,0,50
10187,Technology,region_2,Bachelors,m,referred,1,33,4.0,3,0,0,76
19977,Operations,region_7,Bachelors,f,sourcing,1,32,4.0,5,0,0,59
1801,Sales & Marketing,region_27,Bachelors,m,sourcing,1,41,3.0,11,0,0,50
45165,Sales & Marketing,region_7,Bachelors,f,sourcing,1,30,3.0,6,0,0,50
24106,Operations,region_7,Below Secondary,f,other,1,25,,1,0,0,62
50011,Sales & Marketing,region_26,Bachelors,m,sourcing,1,31,5.0,3,0,0,48
5030,Analytics,region_2,Bachelors,m,other,1,28,1.0,4,0,0,83
23184,Sales & Marketing,region_19,Bachelors,m,other,1,39,3.0,5,0,0,50
1613,Sales & Marketing,region_22,Bachelors,m,other,1,27,3.0,3,1,0,49
58955,Procurement,region_20,Bachelors,m,other,1,31,5.0,5,1,0,68
10604,Operations,region_13,Bachelors,m,other,1,28,5.0,4,1,0,60
59971,Sales & Marketing,region_16,Bachelors,m,sourcing,1,48,1.0,17,0,0,54
46846,Procurement,region_2,Masters & above,f,referred,1,39,3.0,3,1,0,73
16202,Sales & Marketing,region_2,Masters & above,m,other,1,42,2.0,3,0,0,43
23555,Procurement,region_10,Bachelors,m,other,1,25,1.0,4,0,0,65
72016,Sales & Marketing,region_7,Bachelors,m,other,2,34,5.0,3,0,0,49
51302,Procurement,region_22,Bachelors,f,sourcing,1,31,1.0,6,0,0,64
55688,Technology,region_22,Masters & above,m,other,2,35,1.0,9,1,0,78
72497,Operations,region_22,Bachelors,m,other,1,56,2.0,24,0,0,63
78164,Sales & Marketing,region_2,Bachelors,f,referred,1,33,5.0,7,0,0,51
6051,Legal,region_2,Bachelors,m,other,1,41,2.0,9,0,0,62
964,Analytics,region_4,Masters & above,m,other,1,47,3.0,18,1,0,81
22553,Finance,region_13,Masters & above,m,other,3,33,3.0,4,1,0,55
36104,Operations,region_9,Bachelors,m,sourcing,1,27,3.0,4,1,0,61
56772,Sales & Marketing,region_22,,m,other,2,23,,1,1,0,53
8478,Technology,region_30,Bachelors,f,other,1,31,5.0,3,1,0,83
16151,Sales & Marketing,region_4,Bachelors,m,other,1,47,3.0,8,0,0,48
68317,Operations,region_25,Bachelors,m,other,1,26,4.0,2,0,0,60
62517,R&D,region_2,Bachelors,m,other,1,47,4.0,14,0,0,82
39193,Operations,region_22,Bachelors,m,referred,1,32,5.0,6,0,0,61
25604,Procurement,region_29,Masters & above,m,sourcing,1,32,3.0,6,1,0,67
9961,Procurement,region_22,Below Secondary,m,sourcing,1,28,3.0,2,0,0,71
22376,Sales & Marketing,region_2,Bachelors,m,sourcing,2,30,3.0,4,0,0,49
23275,Operations,region_22,Bachelors,m,sourcing,1,31,2.0,8,1,0,61
27157,Sales & Marketing,region_24,Bachelors,m,other,2,29,1.0,2,0,0,52
49754,Sales & Marketing,region_26,Bachelors,m,other,1,40,3.0,7,0,0,56
33981,Sales & Marketing,region_2,Bachelors,m,referred,1,37,4.0,6,1,0,52
46384,Sales & Marketing,region_13,Masters & above,m,sourcing,2,36,3.0,3,0,0,48
63798,Technology,region_5,Bachelors,m,other,2,26,3.0,3,0,0,80
5936,Finance,region_2,Below Secondary,m,other,3,25,5.0,3,1,0,58
41615,Operations,region_19,Bachelors,m,sourcing,1,31,5.0,8,0,0,57
10702,Sales & Marketing,region_22,Bachelors,f,other,1,27,4.0,3,1,0,58
68331,Operations,region_2,Bachelors,f,sourcing,1,35,3.0,8,0,0,62
72282,Sales & Marketing,region_12,Bachelors,f,sourcing,2,27,5.0,3,1,0,52
67366,Procurement,region_2,Masters & above,f,sourcing,3,42,3.0,4,1,0,68
73233,Operations,region_8,Bachelors,m,sourcing,1,33,3.0,9,0,0,61
14213,Sales & Marketing,region_4,Bachelors,m,sourcing,1,29,1.0,7,0,0,51
57114,Operations,region_22,Masters & above,f,sourcing,1,46,3.0,16,0,0,62
48122,Sales & Marketing,region_28,Bachelors,m,sourcing,1,32,3.0,3,0,0,50
36173,Sales & Marketing,region_31,Bachelors,m,sourcing,1,31,1.0,6,0,0,50
56439,Technology,region_23,Bachelors,m,other,1,26,5.0,2,1,0,76
57031,Analytics,region_22,Bachelors,m,sourcing,2,27,3.0,4,1,0,85
9275,Analytics,region_30,Bachelors,m,other,1,34,5.0,7,1,0,85
75702,Finance,region_32,Bachelors,m,sourcing,2,35,4.0,7,1,0,60
75716,Analytics,region_28,Masters & above,m,sourcing,1,36,5.0,8,1,0,82
72547,Sales & Marketing,region_17,Masters & above,m,other,1,34,1.0,2,1,0,51
53194,Operations,region_22,Bachelors,m,sourcing,2,32,5.0,6,1,0,54
5583,R&D,region_22,Bachelors,m,other,5,32,3.0,4,0,0,82
72382,Operations,region_7,Masters & above,m,other,1,34,5.0,3,0,0,64
30152,Operations,region_15,Bachelors,f,other,1,32,1.0,3,0,0,61
8930,Procurement,region_17,Bachelors,f,other,1,43,4.0,8,0,0,69
261,Sales & Marketing,region_16,Bachelors,m,other,1,24,,1,0,0,50
56188,Procurement,region_2,Bachelors,f,other,1,55,4.0,15,0,0,68
61015,Operations,region_23,Bachelors,f,sourcing,1,30,5.0,6,1,0,61
62926,Procurement,region_2,Masters & above,f,other,1,56,3.0,3,0,0,68
23039,Procurement,region_2,Bachelors,f,other,1,33,2.0,3,1,0,68
32286,Technology,region_5,Bachelors,f,other,1,28,5.0,4,1,0,83
22023,Operations,region_6,Bachelors,m,other,1,32,4.0,7,1,0,63
11927,Operations,region_17,Bachelors,f,sourcing,3,26,,1,1,0,64
65842,Operations,region_26,Bachelors,m,other,1,34,5.0,7,0,0,58
59568,Legal,region_2,Masters & above,m,sourcing,1,35,3.0,6,1,0,58
9178,Analytics,region_9,Bachelors,m,other,2,29,3.0,1,0,0,80
27968,Operations,region_2,Masters & above,m,sourcing,2,36,4.0,2,0,0,57
75466,Sales & Marketing,region_6,Bachelors,f,other,1,35,5.0,7,0,0,49
8502,Technology,region_2,Masters & above,m,other,1,42,4.0,3,1,0,79
68831,Sales & Marketing,region_3,Bachelors,m,sourcing,1,34,4.0,3,1,0,50
72120,Sales & Marketing,region_31,Bachelors,m,other,1,32,2.0,3,1,0,50
61925,Technology,region_2,Bachelors,m,other,1,60,4.0,13,0,0,79
5553,Operations,region_22,Bachelors,f,other,1,45,5.0,5,1,0,61
60392,Analytics,region_28,Bachelors,m,sourcing,1,34,4.0,6,1,0,85
58103,Sales & Marketing,region_11,Bachelors,m,sourcing,1,28,4.0,6,0,0,51
52428,Legal,region_21,Bachelors,m,other,1,30,4.0,2,0,0,65
66848,Sales & Marketing,region_22,Bachelors,m,other,1,29,5.0,8,0,0,52
42226,Procurement,region_31,Masters & above,m,other,1,38,1.0,3,1,0,71
43015,Operations,region_15,Bachelors,m,other,1,31,3.0,3,0,0,60
32066,Technology,region_2,Bachelors,f,other,1,33,3.0,5,0,0,81
34031,Finance,region_15,Bachelors,m,sourcing,1,27,,1,1,0,59
20504,Technology,region_22,Masters & above,m,sourcing,2,35,3.0,7,0,0,79
68740,Sales & Marketing,region_26,Masters & above,m,other,1,32,3.0,5,0,0,51
52135,Sales & Marketing,region_31,Bachelors,f,other,1,34,4.0,8,1,0,47
60342,Legal,region_7,Masters & above,m,sourcing,1,44,4.0,11,1,0,57
48690,Sales & Marketing,region_22,Bachelors,m,other,1,35,1.0,7,0,0,51
71141,Operations,region_7,Masters & above,m,other,1,48,4.0,3,1,0,55
54495,Technology,region_2,Masters & above,m,other,1,54,4.0,18,1,0,79
38693,Sales & Marketing,region_7,,m,other,1,20,,1,0,0,48
51161,Technology,region_33,Bachelors,m,sourcing,1,40,2.0,5,0,0,77
40276,R&D,region_22,Masters & above,m,sourcing,2,32,5.0,5,1,0,88
44967,Sales & Marketing,region_15,Bachelors,m,other,2,24,3.0,1,0,0,50
28544,HR,region_11,Bachelors,f,sourcing,1,32,4.0,7,0,0,51
66929,Sales & Marketing,region_7,Bachelors,m,other,1,29,1.0,5,0,0,50
47713,Analytics,region_15,Bachelors,m,other,1,35,3.0,6,1,0,82
74888,Analytics,region_22,Bachelors,m,other,1,24,,1,1,0,88
2388,Sales & Marketing,region_26,Bachelors,m,sourcing,1,46,1.0,6,0,0,48
24415,Operations,region_2,Masters & above,m,other,2,56,3.0,29,0,0,61
77433,Sales & Marketing,region_16,Bachelors,m,other,1,45,4.0,3,1,1,89
41422,Operations,region_22,Masters & above,m,referred,1,37,4.0,3,0,0,63
7918,Analytics,region_6,Bachelors,f,other,2,31,4.0,6,0,0,79
16180,Sales & Marketing,region_8,Bachelors,m,sourcing,1,33,1.0,6,0,0,46
16404,Procurement,region_13,Bachelors,m,other,1,31,5.0,7,1,0,70
24996,Operations,region_22,Masters & above,f,sourcing,1,56,4.0,28,0,0,62
3634,Procurement,region_22,Masters & above,m,other,1,29,3.0,2,0,0,69
46813,Sales & Marketing,region_2,Bachelors,f,other,1,29,,1,0,0,54
70683,Operations,region_31,Bachelors,m,other,1,54,5.0,11,0,0,59
73657,Legal,region_2,Bachelors,m,other,1,41,4.0,14,0,0,62
44099,Operations,region_16,Bachelors,m,other,1,26,5.0,4,0,0,59
43556,Technology,region_29,Masters & above,m,sourcing,2,31,3.0,6,0,0,87
75335,Sales & Marketing,region_22,,m,other,1,25,1.0,2,0,0,47
42229,Sales & Marketing,region_13,Bachelors,m,sourcing,1,43,5.0,13,0,0,49
9239,Operations,region_23,Bachelors,f,sourcing,1,41,3.0,4,1,0,61
40085,HR,region_26,Bachelors,f,sourcing,1,31,,1,1,0,56
34892,Sales & Marketing,region_2,Masters & above,m,other,1,37,4.0,6,1,1,93
65350,Sales & Marketing,region_7,Bachelors,m,other,2,32,4.0,8,0,0,49
4015,Sales & Marketing,region_7,Bachelors,m,sourcing,1,34,5.0,5,1,0,51
10987,Sales & Marketing,region_32,,f,sourcing,1,27,3.0,2,0,0,50
35285,Technology,region_2,Bachelors,f,other,2,56,3.0,2,1,0,81
18917,Operations,region_32,Bachelors,m,sourcing,1,30,2.0,3,0,0,61
62299,Technology,region_26,Bachelors,f,other,1,40,1.0,10,0,0,83
8158,Analytics,region_22,Bachelors,m,sourcing,2,28,3.0,2,1,0,80
36333,Sales & Marketing,region_19,Bachelors,m,sourcing,3,35,4.0,7,1,0,51
74114,Analytics,region_24,Masters & above,m,other,1,33,4.0,6,0,0,84
33165,Sales & Marketing,region_7,Bachelors,m,other,1,39,4.0,3,0,0,55
59116,Sales & Marketing,region_31,Bachelors,f,other,1,30,3.0,4,0,0,48
56821,Technology,region_25,Bachelors,f,other,2,29,4.0,3,0,0,81
6401,Sales & Marketing,region_16,Masters & above,m,sourcing,1,31,3.0,2,0,0,44
24059,Operations,region_22,Bachelors,m,sourcing,1,34,5.0,8,1,0,60
54479,HR,region_22,Bachelors,m,other,1,25,1.0,3,0,0,49
66171,Operations,region_31,Bachelors,f,other,1,29,3.0,7,1,0,62
44777,Operations,region_16,Bachelors,m,sourcing,1,29,3.0,2,0,0,58
33473,Sales & Marketing,region_2,Bachelors,m,sourcing,2,31,1.0,6,0,0,50
36875,Sales & Marketing,region_31,Bachelors,m,other,1,44,4.0,3,0,0,49
12255,HR,region_31,Bachelors,m,other,1,30,3.0,7,0,0,50
40464,Operations,region_2,Bachelors,f,other,1,32,3.0,8,0,0,64
5634,Technology,region_27,Bachelors,f,other,2,31,3.0,4,0,0,81
40693,Technology,region_4,Bachelors,m,other,1,26,,1,0,0,75
24,HR,region_28,Masters & above,f,other,1,32,1.0,5,1,0,51
39445,Sales & Marketing,region_2,Masters & above,f,other,1,38,3.0,10,1,0,54
28430,Operations,region_13,Masters & above,m,other,2,33,4.0,9,0,0,60
10789,Sales & Marketing,region_11,Bachelors,m,other,1,41,1.0,7,0,0,50
49752,Sales & Marketing,region_26,Bachelors,m,other,1,24,,1,0,0,49
48225,Sales & Marketing,region_31,Masters & above,f,other,1,34,5.0,6,0,0,54
74228,Sales & Marketing,region_2,Bachelors,f,sourcing,1,49,1.0,8,0,0,51
32270,Sales & Marketing,region_31,Bachelors,f,other,1,26,1.0,2,0,0,51
64508,Technology,region_2,Masters & above,m,other,1,44,3.0,13,0,0,80
23461,Finance,region_27,Bachelors,m,sourcing,3,23,,1,0,0,59
16928,HR,region_31,Bachelors,f,other,1,26,,1,0,0,48
11571,Sales & Marketing,region_1,Masters & above,m,sourcing,1,33,2.0,8,0,0,50
75247,HR,region_29,Masters & above,m,sourcing,1,36,2.0,7,0,0,54
40580,Analytics,region_21,Bachelors,m,other,1,30,3.0,3,0,0,85
13214,Legal,region_11,Bachelors,m,sourcing,1,33,2.0,5,0,0,59
74395,Sales & Marketing,region_2,Bachelors,f,other,1,37,3.0,9,0,0,51
45995,Procurement,region_11,Masters & above,m,sourcing,1,36,3.0,4,1,1,71
69194,Sales & Marketing,region_29,Bachelors,m,sourcing,1,41,2.0,13,0,0,48
71143,Sales & Marketing,region_12,Bachelors,m,sourcing,1,35,4.0,3,0,0,49
56099,Technology,region_28,Masters & above,m,other,1,31,4.0,5,0,0,81
66757,Analytics,region_16,Bachelors,m,other,1,33,3.0,4,0,0,82
71398,Operations,region_22,Bachelors,m,sourcing,1,45,3.0,4,1,0,56
64189,Analytics,region_7,Bachelors,m,other,2,29,3.0,2,0,0,87
8230,Sales & Marketing,region_28,Masters & above,m,sourcing,1,34,2.0,10,0,0,39
27751,Sales & Marketing,region_2,Bachelors,f,sourcing,1,53,4.0,13,0,0,45
6252,Operations,region_24,Masters & above,f,sourcing,1,32,3.0,4,1,0,64
15682,Sales & Marketing,region_7,Masters & above,m,other,1,36,1.0,9,0,0,47
77238,Sales & Marketing,region_22,Bachelors,f,other,1,30,1.0,5,1,0,50
16632,Finance,region_2,Bachelors,m,other,1,49,3.0,5,0,0,61
39641,Finance,region_28,Masters & above,m,other,1,39,4.0,3,1,0,60
52280,Operations,region_22,Bachelors,m,other,1,31,4.0,5,0,0,65
64495,Technology,region_2,Bachelors,f,referred,1,51,3.0,16,1,0,80
57921,HR,region_15,Bachelors,m,other,1,34,4.0,2,0,0,48
11525,Sales & Marketing,region_22,Bachelors,m,referred,1,28,,1,0,0,48
26062,Finance,region_29,Bachelors,m,other,1,38,5.0,2,1,0,61
28557,Legal,region_2,Bachelors,m,other,1,35,2.0,7,0,0,58
44483,Sales & Marketing,region_2,Bachelors,f,sourcing,1,47,3.0,19,0,0,47
77858,Legal,region_13,Bachelors,m,other,1,31,5.0,3,1,1,63
21833,Operations,region_23,Bachelors,f,sourcing,1,32,4.0,5,0,0,60
11357,Sales & Marketing,region_22,Bachelors,f,other,1,30,3.0,5,0,0,52
42477,Procurement,region_2,Bachelors,m,other,1,41,2.0,15,0,0,70
43451,Analytics,region_2,,m,sourcing,2,23,,1,0,0,76
58396,Technology,region_2,Masters & above,f,other,1,35,3.0,4,0,0,74
57914,Procurement,region_27,Bachelors,m,other,1,25,3.0,2,0,0,65
52088,HR,region_2,Masters & above,f,sourcing,1,45,3.0,6,1,0,48
864,Technology,region_2,Masters & above,f,other,1,48,3.0,8,0,0,81
39229,Sales & Marketing,region_2,Bachelors,f,other,1,36,1.0,3,0,0,52
68494,Operations,region_4,Bachelors,m,other,1,29,3.0,3,0,0,57
27861,Analytics,region_26,Bachelors,m,sourcing,2,43,5.0,4,1,0,86
52639,Analytics,region_22,Bachelors,m,sourcing,2,32,4.0,3,0,0,82
53253,Sales & Marketing,region_9,Bachelors,f,sourcing,1,29,1.0,4,0,0,44
32105,Technology,region_15,Bachelors,m,other,1,31,4.0,7,0,0,80
21731,Procurement,region_15,Masters & above,f,other,1,40,5.0,10,1,0,71
40793,Analytics,region_22,Bachelors,f,other,1,29,4.0,5,1,0,87
9568,Analytics,region_2,Bachelors,m,other,1,30,5.0,4,1,1,83
44979,Procurement,region_15,Bachelors,f,other,1,36,5.0,8,1,0,69
8081,Operations,region_19,Bachelors,m,sourcing,1,35,3.0,7,0,0,63
38025,Analytics,region_22,Bachelors,m,other,1,32,1.0,6,0,0,83
2289,Sales & Marketing,region_1,Bachelors,m,other,1,29,3.0,4,0,0,49
45424,Sales & Marketing,region_2,,m,sourcing,1,25,,1,0,0,49
18155,Sales & Marketing,region_2,Bachelors,m,other,1,32,1.0,3,1,0,53
55383,Operations,region_27,Masters & above,m,sourcing,1,52,3.0,18,0,0,54
72403,Sales & Marketing,region_13,Bachelors,m,other,2,34,2.0,9,0,0,46
45265,Operations,region_29,Masters & above,m,other,1,33,1.0,7,0,0,62
2657,HR,region_2,Masters & above,m,sourcing,1,45,5.0,7,1,0,49
14878,Operations,region_34,Masters & above,m,other,1,34,1.0,5,0,0,57
49143,Sales & Marketing,region_15,Bachelors,m,other,4,40,3.0,13,0,0,47
20123,Technology,region_5,Bachelors,f,sourcing,1,31,2.0,6,0,0,85
60900,Sales & Marketing,region_2,Masters & above,m,sourcing,2,38,5.0,8,1,0,51
77169,HR,region_7,Bachelors,f,sourcing,1,32,3.0,10,0,0,45
14462,Procurement,region_23,Masters & above,m,other,2,38,5.0,6,1,0,69
36634,Procurement,region_2,Masters & above,f,other,1,47,5.0,19,1,0,70
77252,Procurement,region_2,Masters & above,m,other,1,52,3.0,9,1,0,70
19873,Analytics,region_22,Bachelors,m,referred,1,31,3.0,4,0,0,84
70557,Sales & Marketing,region_27,Bachelors,f,other,1,33,3.0,6,0,0,50
49793,Technology,region_22,Masters & above,f,other,1,35,5.0,9,1,0,78
65121,Sales & Marketing,region_29,,f,sourcing,1,28,1.0,1,0,0,48
47606,Sales & Marketing,region_31,Masters & above,f,sourcing,1,35,1.0,3,0,0,47
42741,Operations,region_13,Bachelors,m,other,1,31,1.0,6,0,0,58
62043,Analytics,region_25,Bachelors,m,other,1,30,3.0,5,0,0,78
63371,Sales & Marketing,region_2,Masters & above,m,referred,1,37,3.0,8,0,0,47
11865,Procurement,region_8,Masters & above,m,sourcing,1,37,3.0,10,0,0,68
25436,Technology,region_17,Bachelors,m,other,1,29,5.0,5,1,0,79
62932,Sales & Marketing,region_19,Bachelors,m,other,1,27,2.0,4,1,0,51
24134,Procurement,region_2,Bachelors,m,sourcing,1,49,2.0,16,0,0,70
75588,Sales & Marketing,region_25,Masters & above,m,other,3,36,1.0,7,0,0,51
12057,Analytics,region_4,Bachelors,m,sourcing,1,30,5.0,1,1,0,84
29467,Sales & Marketing,region_27,Bachelors,f,other,1,29,3.0,3,0,0,47
39910,Finance,region_13,Bachelors,f,other,1,27,5.0,3,0,1,96
52372,Procurement,region_22,Bachelors,m,other,1,45,3.0,5,1,0,73
51632,Technology,region_26,Masters & above,f,sourcing,1,32,3.0,9,0,0,81
77318,Analytics,region_25,Bachelors,m,sourcing,1,29,5.0,4,0,0,82
5875,HR,region_23,Bachelors,m,sourcing,1,25,,1,1,0,50
42726,Procurement,region_26,Bachelors,f,other,1,28,,1,0,0,70
4019,Procurement,region_15,Masters & above,m,sourcing,1,40,5.0,11,0,0,74
78090,Operations,region_2,Bachelors,f,sourcing,2,27,,1,0,0,60
1189,R&D,region_27,Bachelors,m,other,1,33,2.0,4,1,0,80
41350,Procurement,region_22,Bachelors,f,other,1,25,1.0,4,1,0,71
73252,Operations,region_31,Bachelors,f,other,1,46,5.0,6,1,0,61
52608,Sales & Marketing,region_2,Masters & above,m,sourcing,1,47,3.0,7,0,0,48
27540,Operations,region_11,Bachelors,m,sourcing,2,25,3.0,2,0,0,61
25551,Procurement,region_15,Masters & above,f,sourcing,1,36,5.0,4,0,0,71
35092,Operations,region_15,Bachelors,m,other,3,32,5.0,9,1,0,52
31572,Analytics,region_22,Bachelors,m,other,2,31,4.0,3,1,0,84
19419,Technology,region_10,Bachelors,m,sourcing,1,26,3.0,4,1,0,80
50266,Analytics,region_30,Bachelors,m,sourcing,1,30,5.0,5,1,0,86
8586,Sales & Marketing,region_31,Bachelors,m,other,1,40,5.0,5,1,0,47
16080,Procurement,region_8,Bachelors,f,other,1,26,,1,0,0,72
67101,Operations,region_4,Masters & above,m,other,1,52,4.0,2,1,0,53
17312,Sales & Marketing,region_10,Bachelors,m,other,1,28,1.0,3,0,0,52
72129,Sales & Marketing,region_26,Bachelors,m,other,1,29,,1,0,0,50
50031,Operations,region_15,Masters & above,m,sourcing,1,43,5.0,3,0,0,55
65516,Operations,region_31,Bachelors,m,sourcing,1,35,3.0,6,0,0,57
68156,Procurement,region_26,Bachelors,m,other,1,33,3.0,7,0,0,68
54504,Technology,region_22,Masters & above,m,other,3,42,3.0,6,0,0,80
47855,Legal,region_22,Bachelors,m,sourcing,1,29,5.0,3,1,0,60
42665,Procurement,region_2,Bachelors,m,other,1,50,1.0,20,0,0,70
21843,Technology,region_16,Bachelors,f,sourcing,1,25,4.0,2,0,0,81
3194,Operations,region_3,Masters & above,f,other,1,36,5.0,2,1,0,62
38080,Operations,region_7,Masters & above,m,other,1,40,2.0,5,0,0,59
17660,Analytics,region_29,Bachelors,m,sourcing,1,29,4.0,5,0,0,83
70456,Sales & Marketing,region_11,Bachelors,m,sourcing,1,28,4.0,3,0,0,50
38011,Sales & Marketing,region_24,Bachelors,m,sourcing,1,34,2.0,2,0,0,50
10331,Procurement,region_19,Bachelors,m,sourcing,1,28,,1,0,1,70
14698,Sales & Marketing,region_7,Bachelors,m,sourcing,1,30,2.0,5,0,0,52
12168,Operations,region_5,Bachelors,m,sourcing,2,32,3.0,7,0,0,62
40928,Operations,region_28,Bachelors,m,other,1,24,5.0,2,1,0,54
41393,Technology,region_24,Bachelors,m,sourcing,1,36,3.0,8,0,0,81
20072,Procurement,region_13,Masters & above,m,sourcing,1,60,3.0,19,0,0,69
181,Legal,region_2,Bachelors,m,sourcing,1,43,5.0,6,0,0,58
7195,Sales & Marketing,region_26,Bachelors,m,other,2,35,1.0,6,0,0,51
25203,Sales & Marketing,region_29,Bachelors,m,sourcing,1,33,3.0,7,0,0,52
26013,Sales & Marketing,region_11,Bachelors,m,other,1,31,2.0,6,0,0,48
32377,HR,region_2,Masters & above,m,other,1,58,5.0,3,1,0,49
47341,Sales & Marketing,region_28,Bachelors,m,sourcing,2,36,1.0,3,0,0,49
42568,Technology,region_29,Bachelors,m,sourcing,1,31,3.0,2,1,0,78
2418,Sales & Marketing,region_22,Bachelors,m,sourcing,1,25,,1,0,0,45
60560,Procurement,region_2,Bachelors,f,referred,1,37,4.0,4,1,0,70
26734,Sales & Marketing,region_31,Bachelors,m,sourcing,1,30,5.0,2,1,0,51
41676,Sales & Marketing,region_13,Bachelors,m,sourcing,1,39,3.0,9,0,0,49
30511,Operations,region_22,Bachelors,m,other,3,40,5.0,10,1,0,60
8718,HR,region_2,Bachelors,m,sourcing,1,30,4.0,6,0,0,47
47173,Sales & Marketing,region_2,,m,other,2,21,,1,1,0,52
22294,HR,region_23,Masters & above,m,other,1,38,5.0,4,1,0,49
71526,Operations,region_16,Bachelors,f,sourcing,1,26,4.0,3,1,0,63
10921,Analytics,region_22,Bachelors,m,sourcing,3,33,5.0,7,1,0,88
66175,HR,region_6,Bachelors,m,other,1,32,4.0,5,1,0,53
58465,Sales & Marketing,region_15,Bachelors,f,other,1,29,,1,0,0,50
37146,Operations,region_20,Bachelors,m,other,1,26,3.0,2,0,0,58
3859,Sales & Marketing,region_25,Masters & above,m,other,4,41,3.0,13,0,0,50
2025,Technology,region_26,Bachelors,f,sourcing,1,30,3.0,4,0,0,80
54729,Analytics,region_7,Bachelors,m,other,1,37,5.0,10,1,0,89
70578,Sales & Marketing,region_2,Bachelors,f,sourcing,2,53,5.0,9,1,0,48
45001,Legal,region_22,Below Secondary,m,sourcing,1,27,,1,0,0,59
76217,Technology,region_26,Masters & above,m,other,1,43,4.0,16,1,0,82
52680,Operations,region_11,Bachelors,m,sourcing,1,29,1.0,2,0,0,63
12417,Sales & Marketing,region_1,Bachelors,m,other,1,27,4.0,3,0,0,49
19327,Sales & Marketing,region_11,Bachelors,m,other,1,33,5.0,4,0,0,61
60753,R&D,region_2,Masters & above,m,sourcing,1,34,5.0,7,1,0,84
26071,Operations,region_2,,m,sourcing,1,29,4.0,4,1,0,61
5078,Sales & Marketing,region_10,Masters & above,m,other,1,35,3.0,2,0,0,54
65291,Sales & Marketing,region_6,Bachelors,m,sourcing,1,25,1.0,2,0,0,49
267,Finance,region_22,Bachelors,m,sourcing,1,30,3.0,4,0,0,57
60881,Sales & Marketing,region_7,Bachelors,m,sourcing,1,32,1.0,6,0,0,51
78006,Technology,region_23,Masters & above,f,other,1,38,4.0,9,0,0,83
69324,R&D,region_22,Bachelors,m,other,3,30,1.0,6,0,0,87
42668,Sales & Marketing,region_2,Masters & above,m,sourcing,1,34,5.0,7,0,0,48
60132,Operations,region_14,Bachelors,f,other,1,29,3.0,7,0,0,55
46845,Technology,region_5,Below Secondary,f,other,1,24,3.0,1,0,0,77
60114,Sales & Marketing,region_14,Masters & above,m,other,1,39,2.0,4,0,0,47
10446,Sales & Marketing,region_14,Masters & above,m,other,1,39,3.0,11,0,0,48
70129,Sales & Marketing,region_28,Masters & above,f,other,1,29,4.0,4,0,0,51
22402,HR,region_31,Bachelors,m,other,1,33,3.0,4,0,0,55
74428,Sales & Marketing,region_5,Bachelors,f,other,1,27,,1,0,0,47
18101,Sales & Marketing,region_22,Masters & above,m,other,1,37,5.0,2,1,0,47
24764,Operations,region_7,,m,sourcing,1,35,3.0,6,1,0,96
25094,Technology,region_4,Bachelors,m,other,1,27,2.0,4,0,1,86
18766,Technology,region_10,Masters & above,m,other,2,32,3.0,4,1,1,77
63950,Sales & Marketing,region_7,Masters & above,m,sourcing,1,46,4.0,15,0,0,47
20121,HR,region_22,Bachelors,f,sourcing,1,29,3.0,5,1,0,50
22550,Sales & Marketing,region_2,Bachelors,f,sourcing,1,54,2.0,3,0,0,48
52854,Sales & Marketing,region_10,Bachelors,m,other,1,28,4.0,3,1,0,98
47815,Sales & Marketing,region_13,Bachelors,m,other,1,43,2.0,11,0,0,51
59446,Operations,region_15,Bachelors,m,other,1,52,3.0,18,0,0,62
5297,Procurement,region_13,Bachelors,m,sourcing,2,29,3.0,3,0,0,73
61191,Technology,region_32,Bachelors,m,other,1,26,,1,1,0,81
4287,Sales & Marketing,region_31,Masters & above,m,sourcing,1,31,3.0,6,0,0,50
77701,Operations,region_22,Bachelors,m,sourcing,1,40,5.0,7,0,0,61
32210,R&D,region_22,Bachelors,m,other,1,33,4.0,5,0,0,85
56426,Operations,region_7,Bachelors,m,other,1,44,3.0,18,0,0,61
30523,Sales & Marketing,region_2,Bachelors,m,other,1,59,1.0,2,0,0,52
69549,Sales & Marketing,region_10,Masters & above,m,sourcing,1,32,4.0,4,0,0,48
41532,Operations,region_22,Bachelors,f,other,1,30,4.0,7,1,0,63
15704,Operations,region_22,Masters & above,f,other,1,45,3.0,5,0,0,58
8910,Finance,region_2,Bachelors,m,other,3,39,5.0,8,1,0,63
14479,Technology,region_23,Bachelors,f,sourcing,1,25,3.0,3,0,0,79
30108,Sales & Marketing,region_13,Bachelors,f,sourcing,1,38,5.0,7,1,0,55
72560,Procurement,region_2,Masters & above,m,sourcing,1,52,4.0,4,0,0,67
25625,Technology,region_7,Bachelors,m,sourcing,1,25,,1,0,0,84
49189,Analytics,region_34,Bachelors,m,other,1,32,2.0,4,0,0,83
1883,Procurement,region_19,Bachelors,m,sourcing,1,36,3.0,5,0,0,71
19212,Procurement,region_21,Masters & above,m,other,1,35,5.0,7,1,0,70
18297,Operations,region_31,Bachelors,m,other,1,40,3.0,12,0,0,59
14913,Finance,region_22,Masters & above,m,other,1,36,4.0,5,0,0,62
48680,Analytics,region_28,Masters & above,m,other,1,31,4.0,2,1,0,82
65575,Sales & Marketing,region_2,Bachelors,m,other,1,43,4.0,14,0,0,52
29722,Technology,region_7,Bachelors,m,other,2,37,3.0,5,0,0,77
70638,Sales & Marketing,region_2,Bachelors,f,sourcing,2,22,1.0,2,1,0,51
32741,Operations,region_22,Bachelors,f,other,1,27,2.0,3,0,0,59
27270,Analytics,region_17,Bachelors,m,sourcing,1,32,3.0,4,1,0,87
16168,Sales & Marketing,region_26,Bachelors,m,sourcing,2,32,3.0,9,0,0,53
17769,Technology,region_15,Bachelors,m,other,1,30,3.0,3,1,1,98
75475,Procurement,region_5,Masters & above,m,sourcing,1,31,1.0,2,0,0,70
29150,Sales & Marketing,region_18,Bachelors,m,other,1,34,2.0,4,1,0,48
64795,Analytics,region_26,Bachelors,m,sourcing,1,28,2.0,4,1,0,86
11099,Procurement,region_22,Bachelors,m,referred,1,30,2.0,7,1,0,72
15678,Technology,region_2,Bachelors,m,other,1,31,4.0,5,1,1,76
9606,Procurement,region_2,Below Secondary,f,sourcing,1,20,5.0,2,1,0,73
58608,Sales & Marketing,region_2,Masters & above,f,other,1,48,3.0,12,0,0,47
40212,Sales & Marketing,region_31,Bachelors,m,sourcing,1,28,1.0,4,0,0,51
55294,Sales & Marketing,region_26,Bachelors,m,other,1,25,,1,0,0,53
27143,Sales & Marketing,region_25,Bachelors,m,sourcing,1,38,4.0,5,1,0,49
21761,Legal,region_2,Below Secondary,m,sourcing,1,26,5.0,2,1,0,62
59292,Technology,region_27,Bachelors,m,sourcing,2,32,3.0,7,0,0,79
64587,Sales & Marketing,region_7,Masters & above,f,other,1,35,5.0,5,1,0,48
3714,Technology,region_26,Masters & above,f,sourcing,1,36,3.0,3,0,0,81
65890,Legal,region_20,Bachelors,m,other,1,32,4.0,5,0,0,57
44438,Sales & Marketing,region_34,Bachelors,m,other,1,31,3.0,3,0,0,48
58118,Analytics,region_28,,m,other,2,34,3.0,6,1,0,84
13075,Sales & Marketing,region_2,Bachelors,m,other,1,41,2.0,3,0,0,53
15776,Procurement,region_2,Masters & above,f,other,1,34,3.0,7,1,0,66
57084,Operations,region_2,Masters & above,m,sourcing,1,43,1.0,4,0,0,62
2770,Sales & Marketing,region_7,Bachelors,m,sourcing,2,44,5.0,13,0,0,47
45360,Sales & Marketing,region_15,Bachelors,m,other,2,39,3.0,5,0,0,50
40920,Sales & Marketing,region_2,Bachelors,m,other,2,39,5.0,5,1,0,54
66853,Sales & Marketing,region_13,Bachelors,m,other,1,30,4.0,2,0,0,50
67080,Finance,region_4,Masters & above,m,other,1,40,5.0,12,1,0,54
19249,Procurement,region_26,Bachelors,m,sourcing,2,28,3.0,5,0,0,70
40093,Procurement,region_6,Bachelors,m,sourcing,1,32,3.0,7,0,0,72
31213,Operations,region_26,Bachelors,f,sourcing,1,32,3.0,10,0,0,64
42735,Technology,region_20,Masters & above,f,sourcing,1,35,3.0,4,1,0,77
35073,Sales & Marketing,region_16,Bachelors,m,other,1,52,5.0,9,0,0,52
1554,Analytics,region_22,Bachelors,f,other,3,28,,1,0,0,84
31732,Technology,region_26,Bachelors,m,sourcing,2,28,3.0,4,0,0,82
25659,Sales & Marketing,region_6,Bachelors,m,other,1,35,1.0,2,0,0,52
64345,Sales & Marketing,region_22,Masters & above,m,sourcing,1,46,4.0,5,0,0,47
53711,Sales & Marketing,region_2,Bachelors,f,other,1,54,1.0,23,0,0,46
2124,Operations,region_4,Masters & above,f,other,1,39,4.0,8,1,0,58
32294,Sales & Marketing,region_7,Bachelors,m,other,1,51,1.0,10,0,0,51
3718,Procurement,region_2,Masters & above,m,other,1,60,4.0,9,1,0,68
26837,Procurement,region_15,Bachelors,m,other,1,27,5.0,5,1,0,65
24179,HR,region_29,Bachelors,m,other,1,30,3.0,5,0,0,52
64018,Sales & Marketing,region_13,Bachelors,f,sourcing,1,26,1.0,3,0,0,48
68937,Sales & Marketing,region_13,Masters & above,m,other,1,39,5.0,13,0,0,51
55561,Operations,region_5,Bachelors,f,other,1,38,3.0,9,0,0,58
2814,Procurement,region_2,Masters & above,m,sourcing,1,44,5.0,10,1,0,74
24639,Operations,region_10,Masters & above,m,other,1,32,4.0,3,1,0,60
19817,Finance,region_7,Bachelors,f,sourcing,1,30,5.0,7,0,0,63
49757,Operations,region_2,Bachelors,m,sourcing,1,33,1.0,3,1,0,61
62991,Technology,region_4,Masters & above,f,sourcing,1,34,3.0,4,1,0,79
42687,Sales & Marketing,region_25,Masters & above,f,sourcing,1,38,4.0,2,0,0,48
30517,Technology,region_7,Masters & above,m,sourcing,2,45,5.0,7,1,0,80
24717,Technology,region_23,Bachelors,m,other,2,29,4.0,2,1,0,76
65031,Finance,region_22,Bachelors,m,other,2,27,1.0,2,0,0,61
27173,Analytics,region_25,Masters & above,m,other,1,32,5.0,2,0,0,85
9037,Sales & Marketing,region_27,Masters & above,m,other,2,58,2.0,4,1,1,47
15428,Sales & Marketing,region_30,Masters & above,m,sourcing,1,37,4.0,3,0,0,53
1884,Sales & Marketing,region_22,Bachelors,m,sourcing,2,28,4.0,4,0,0,49
73138,Sales & Marketing,region_2,Bachelors,f,other,1,33,5.0,10,0,0,48
38839,Technology,region_2,Bachelors,m,other,3,28,4.0,2,1,0,77
5627,Operations,region_13,Masters & above,m,other,1,33,5.0,6,1,0,56
11056,Sales & Marketing,region_7,,m,sourcing,1,26,5.0,3,0,0,50
11556,Operations,region_4,Bachelors,m,other,1,34,4.0,9,0,0,57
28375,Finance,region_13,Bachelors,m,sourcing,2,30,,1,0,0,66
33108,Procurement,region_2,Bachelors,f,other,1,48,3.0,8,0,0,69
55705,Sales & Marketing,region_7,Bachelors,m,sourcing,2,34,5.0,8,0,0,53
52465,Operations,region_15,Bachelors,m,other,1,37,4.0,2,1,0,61
7580,Operations,region_22,Masters & above,f,other,1,38,4.0,4,0,0,61
4132,Finance,region_8,Bachelors,m,other,1,30,2.0,5,1,1,95
50507,Operations,region_2,Bachelors,f,sourcing,1,41,5.0,15,1,0,60
24257,Sales & Marketing,region_32,Bachelors,m,other,2,33,1.0,8,0,0,49
31350,Operations,region_21,Masters & above,m,other,1,35,4.0,7,1,0,60
32045,Legal,region_26,Bachelors,m,other,1,32,5.0,6,1,0,55
67459,Analytics,region_25,Bachelors,m,other,1,31,4.0,4,0,0,79
28260,R&D,region_4,Bachelors,m,other,1,38,5.0,7,1,0,88
62333,Operations,region_20,Bachelors,m,sourcing,1,32,1.0,6,0,0,60
44692,Sales & Marketing,region_22,Bachelors,m,sourcing,2,32,5.0,10,1,1,99
9681,Procurement,region_13,Bachelors,m,other,1,29,,1,0,0,71
77165,Sales & Marketing,region_33,Masters & above,m,other,2,39,1.0,8,0,0,51
56404,Operations,region_2,Bachelors,f,other,1,36,3.0,8,1,0,61
31702,Technology,region_2,Bachelors,m,sourcing,2,34,1.0,4,1,0,77
53307,Sales & Marketing,region_2,Bachelors,f,other,1,24,1.0,3,0,0,50
38593,Operations,region_13,Masters & above,m,sourcing,1,40,5.0,2,1,0,56
3105,Sales & Marketing,region_22,Bachelors,m,other,1,20,5.0,2,0,0,44
72283,Sales & Marketing,region_4,Bachelors,m,other,1,39,5.0,12,0,0,50
15003,HR,region_2,Bachelors,f,referred,1,44,2.0,12,1,0,47
53857,HR,region_7,Bachelors,m,other,1,41,3.0,8,1,0,54
26757,Operations,region_20,Masters & above,m,other,1,36,5.0,10,0,0,54
54160,Sales & Marketing,region_2,Masters & above,m,sourcing,1,35,4.0,7,0,0,50
548,Sales & Marketing,region_12,Bachelors,m,other,2,28,3.0,5,0,0,46
29451,R&D,region_2,Bachelors,m,sourcing,1,34,5.0,4,1,0,83
73021,Operations,region_22,Bachelors,f,other,1,32,5.0,2,1,0,59
60673,Technology,region_2,Bachelors,m,other,1,48,5.0,5,1,0,75
29493,Technology,region_7,Bachelors,m,sourcing,1,37,1.0,8,0,0,82
17748,Sales & Marketing,region_7,,m,other,1,26,,1,0,0,52
44419,Sales & Marketing,region_23,Bachelors,m,other,4,38,1.0,8,0,0,48
67317,Technology,region_22,Masters & above,m,other,4,40,3.0,12,0,0,77
46548,Legal,region_26,Bachelors,m,sourcing,1,30,3.0,2,0,0,64
62526,Sales & Marketing,region_2,,m,other,1,25,,1,0,0,48
34559,Analytics,region_11,Bachelors,m,sourcing,1,33,3.0,5,0,0,81
2421,Technology,region_13,Bachelors,f,other,1,27,3.0,2,0,0,79
36282,Technology,region_2,Masters & above,f,other,1,41,4.0,5,1,0,86
71506,Operations,region_2,Below Secondary,m,other,1,21,5.0,2,0,0,61
35303,Analytics,region_4,Bachelors,m,other,1,28,4.0,4,1,0,85
30527,Procurement,region_24,Bachelors,m,other,1,29,1.0,1,0,0,72
25314,Operations,region_15,Masters & above,f,other,1,43,3.0,15,0,0,60
30224,Operations,region_6,Bachelors,m,other,2,39,4.0,4,0,0,59
71408,Sales & Marketing,region_30,Bachelors,f,other,1,34,2.0,5,0,0,45
26285,Sales & Marketing,region_26,Bachelors,m,other,1,29,5.0,2,1,0,48
47000,Procurement,region_13,Bachelors,m,sourcing,2,28,4.0,3,1,0,67
4340,Finance,region_22,Bachelors,f,other,1,27,1.0,5,0,0,59
49100,HR,region_32,Bachelors,f,other,1,30,3.0,6,1,0,54
46769,Technology,region_2,Bachelors,m,referred,1,36,5.0,9,1,0,79
50370,Sales & Marketing,region_28,Bachelors,m,other,1,36,5.0,9,1,0,50
22384,Analytics,region_2,Masters & above,m,sourcing,2,52,5.0,9,1,0,89
30190,Technology,region_7,Masters & above,m,other,1,38,5.0,9,0,0,90
40892,Sales & Marketing,region_28,,m,sourcing,2,34,3.0,8,0,0,50
74598,Sales & Marketing,region_22,Bachelors,m,sourcing,1,40,5.0,6,0,0,48
16104,Technology,region_11,Masters & above,m,other,1,36,4.0,9,1,0,78
13860,Sales & Marketing,region_30,Bachelors,f,sourcing,1,41,1.0,12,0,0,53
63080,Sales & Marketing,region_2,Bachelors,m,other,2,38,3.0,4,1,1,92
16921,Sales & Marketing,region_10,Bachelors,m,sourcing,1,31,5.0,2,0,0,49
39898,Analytics,region_15,Bachelors,m,other,1,44,3.0,16,0,0,85
50542,Finance,region_30,Bachelors,m,other,1,26,4.0,2,0,0,54
9341,Procurement,region_22,Bachelors,m,other,1,35,1.0,2,0,0,68
65630,HR,region_27,Bachelors,m,other,1,25,,1,0,0,48
4878,Procurement,region_31,Bachelors,m,other,1,32,4.0,5,0,0,72
34066,Analytics,region_28,Bachelors,m,other,1,35,3.0,5,0,0,89
23907,Sales & Marketing,region_25,Bachelors,m,other,1,27,1.0,4,0,0,48
38982,Sales & Marketing,region_7,Masters & above,m,referred,1,36,5.0,5,1,0,48
4089,Sales & Marketing,region_7,Bachelors,f,sourcing,2,35,2.0,10,0,0,52
54080,HR,region_2,Masters & above,m,other,1,38,3.0,4,0,0,48
48916,Analytics,region_28,Masters & above,m,sourcing,1,42,4.0,5,0,0,79
36153,Technology,region_22,Masters & above,m,sourcing,1,32,3.0,4,0,0,75
15936,Technology,region_10,Bachelors,f,sourcing,1,29,1.0,2,0,0,72
29871,Sales & Marketing,region_2,Masters & above,m,sourcing,2,45,3.0,7,0,0,46
77739,Analytics,region_3,Bachelors,m,other,1,29,3.0,7,1,0,83
76473,Sales & Marketing,region_27,Bachelors,m,other,3,30,1.0,4,0,0,52
62848,Sales & Marketing,region_7,Masters & above,m,sourcing,1,56,1.0,27,0,0,50
66327,Operations,region_3,Bachelors,m,other,1,29,3.0,5,0,0,61
20002,HR,region_2,Below Secondary,m,sourcing,2,22,1.0,2,0,0,43
20284,Procurement,region_2,Masters & above,m,sourcing,1,49,2.0,9,0,0,71
57419,Operations,region_22,Bachelors,f,other,3,30,3.0,5,1,0,98
49821,Sales & Marketing,region_5,Bachelors,m,other,1,30,3.0,3,0,0,46
10136,Operations,region_4,Bachelors,m,sourcing,1,25,3.0,2,1,0,58
28963,Operations,region_19,Bachelors,f,sourcing,1,40,4.0,14,1,0,59
14823,Sales & Marketing,region_30,Bachelors,m,sourcing,1,31,,1,0,0,51
24256,R&D,region_7,Masters & above,m,other,1,38,5.0,9,1,0,87
7207,Sales & Marketing,region_22,Bachelors,m,sourcing,1,30,3.0,3,1,0,55
24443,Technology,region_24,Bachelors,f,sourcing,1,26,1.0,2,0,0,76
4237,Sales & Marketing,region_13,Bachelors,m,sourcing,1,49,3.0,7,1,0,49
13259,Sales & Marketing,region_34,Bachelors,m,sourcing,1,30,2.0,3,0,0,50
17211,Procurement,region_22,Masters & above,m,other,1,42,5.0,12,1,0,68
65210,R&D,region_7,Bachelors,m,sourcing,2,34,3.0,8,0,0,87
71027,Sales & Marketing,region_2,Masters & above,f,sourcing,1,42,5.0,5,1,0,48
38246,Operations,region_27,Bachelors,m,other,1,34,4.0,9,0,0,55
13640,Operations,region_15,Masters & above,m,sourcing,1,47,3.0,17,1,0,62
61736,Sales & Marketing,region_3,Bachelors,m,other,1,37,3.0,8,0,0,66
56698,Technology,region_27,Bachelors,m,other,1,29,5.0,4,1,0,77
50889,Operations,region_22,Masters & above,m,other,1,41,3.0,12,0,0,64
17816,Analytics,region_15,Bachelors,m,sourcing,1,30,4.0,5,0,0,80
1329,Operations,region_16,Bachelors,m,other,1,38,2.0,4,1,0,61
50713,Sales & Marketing,region_16,Bachelors,f,sourcing,1,39,4.0,2,0,0,52
61603,Finance,region_2,Masters & above,m,other,1,42,4.0,6,1,0,59
67530,Operations,region_14,Bachelors,f,sourcing,1,36,4.0,10,1,0,57
36942,Sales & Marketing,region_31,Masters & above,m,sourcing,2,33,1.0,8,0,0,52
23262,Procurement,region_25,Masters & above,m,sourcing,3,36,3.0,4,0,0,68
47009,Technology,region_2,Masters & above,m,sourcing,1,40,3.0,10,0,0,74
9713,Procurement,region_20,Masters & above,f,other,1,38,1.0,10,0,0,67
12280,Sales & Marketing,region_12,Bachelors,f,sourcing,1,27,3.0,5,0,0,48
14456,Procurement,region_4,Masters & above,m,other,1,48,5.0,7,0,0,71
11905,Technology,region_2,Bachelors,f,sourcing,1,56,3.0,12,0,0,83
8437,Operations,region_2,Bachelors,f,other,1,52,3.0,14,0,0,58
59308,Operations,region_26,Bachelors,m,other,1,43,3.0,13,0,0,55
40246,Sales & Marketing,region_26,Masters & above,m,other,1,37,3.0,4,0,0,60
43486,HR,region_27,Bachelors,f,sourcing,1,31,3.0,6,0,0,43
41386,HR,region_15,Bachelors,f,sourcing,1,29,4.0,5,1,0,48
25189,Legal,region_31,Bachelors,m,other,1,26,3.0,2,0,0,55
8247,Sales & Marketing,region_28,Masters & above,m,other,2,31,,1,0,0,60
66778,Analytics,region_22,Bachelors,f,other,1,25,5.0,2,0,0,90
76595,Sales & Marketing,region_2,Bachelors,f,other,1,39,2.0,6,0,0,52
2112,Analytics,region_22,Masters & above,m,other,1,35,3.0,9,1,0,84
55171,Technology,region_22,Masters & above,m,other,1,41,4.0,6,1,0,83
73240,Finance,region_2,Bachelors,m,sourcing,1,32,5.0,3,1,0,57
3749,Operations,region_7,Masters & above,f,other,1,56,5.0,14,0,0,59
27793,Sales & Marketing,region_8,Masters & above,m,other,1,42,1.0,3,0,0,49
73944,Operations,region_27,Bachelors,f,other,1,31,1.0,5,1,0,61
31194,Procurement,region_7,Bachelors,f,sourcing,1,30,3.0,3,1,1,94
57665,Procurement,region_2,Masters & above,f,other,2,59,3.0,17,0,0,67
657,Sales & Marketing,region_16,Bachelors,f,other,2,31,3.0,6,0,0,51
29835,Operations,region_31,Bachelors,m,sourcing,1,34,4.0,4,0,0,57
41560,R&D,region_30,Bachelors,m,other,1,35,4.0,3,0,0,86
62187,Operations,region_15,Bachelors,m,sourcing,2,32,3.0,5,0,0,60
4622,Sales & Marketing,region_2,,m,other,1,42,5.0,4,1,0,51
50561,Sales & Marketing,region_8,Masters & above,m,sourcing,1,33,5.0,6,0,0,56
50032,Technology,region_26,Masters & above,m,sourcing,1,56,3.0,7,0,0,79
74040,Technology,region_24,Masters & above,f,other,1,35,1.0,7,0,0,80
19102,Technology,region_23,Masters & above,m,sourcing,1,58,4.0,30,1,0,79
21875,Technology,region_31,Bachelors,f,other,1,26,2.0,2,0,0,80
45014,Analytics,region_31,Bachelors,m,sourcing,1,32,3.0,10,0,0,84
5748,Analytics,region_27,Bachelors,m,other,1,32,3.0,5,0,0,86
16958,Procurement,region_2,Bachelors,f,referred,1,30,3.0,5,1,0,71
72659,Procurement,region_2,Bachelors,m,other,1,28,,1,1,0,69
7282,Legal,region_4,Bachelors,m,other,1,28,3.0,2,0,0,57
77063,Operations,region_2,Bachelors,f,sourcing,1,39,5.0,3,1,0,57
64739,Sales & Marketing,region_26,Bachelors,m,sourcing,3,40,3.0,10,0,0,51
22674,Technology,region_22,Bachelors,f,other,1,30,1.0,6,0,0,80
5477,Procurement,region_22,Bachelors,m,sourcing,1,27,1.0,3,0,0,70
36594,Operations,region_34,Bachelors,m,sourcing,1,27,3.0,2,1,0,60
30916,Sales & Marketing,region_23,Bachelors,m,sourcing,1,31,5.0,6,1,0,50
3571,Technology,region_13,Bachelors,f,other,1,39,3.0,4,1,0,77
65925,Operations,region_22,Masters & above,f,other,1,34,3.0,6,0,1,70
52706,Sales & Marketing,region_29,Bachelors,m,sourcing,1,30,1.0,4,0,0,52
39102,Sales & Marketing,region_31,Bachelors,m,other,1,29,3.0,6,0,0,48
76517,Analytics,region_29,Bachelors,m,other,1,27,2.0,2,1,0,83
49843,Technology,region_26,Bachelors,m,sourcing,1,58,5.0,6,1,0,79
31125,Operations,region_19,Masters & above,m,sourcing,1,38,3.0,4,1,1,56
46021,Operations,region_30,Bachelors,m,sourcing,1,32,4.0,7,0,0,61
35919,Sales & Marketing,region_25,Bachelors,m,sourcing,1,28,4.0,5,0,0,50
5456,Analytics,region_16,Masters & above,m,sourcing,1,34,3.0,3,0,0,79
57244,Technology,region_2,Bachelors,f,sourcing,1,43,5.0,3,1,0,77
54304,Technology,region_2,Masters & above,f,sourcing,1,50,4.0,17,1,0,79
7363,Analytics,region_22,,f,sourcing,1,28,5.0,5,1,0,76
30975,Legal,region_2,Bachelors,m,sourcing,1,41,3.0,7,1,1,62
54345,Procurement,region_17,Bachelors,m,other,1,32,5.0,6,1,0,69
59102,Procurement,region_12,Bachelors,f,other,9,36,4.0,3,1,0,73
73388,Sales & Marketing,region_1,Masters & above,m,other,1,38,1.0,7,0,0,44
10741,Operations,region_15,Bachelors,m,other,2,49,5.0,7,0,0,58
6736,Operations,region_22,Bachelors,f,sourcing,1,35,2.0,5,0,0,54
7947,Technology,region_28,Bachelors,m,sourcing,1,27,,1,1,0,78
50998,Operations,region_2,Below Secondary,m,sourcing,1,26,,1,0,0,57
6664,Technology,region_2,Below Secondary,m,sourcing,2,24,3.0,1,0,0,79
50982,Operations,region_2,Bachelors,f,other,1,31,5.0,5,0,0,61
35351,HR,region_25,Masters & above,f,sourcing,1,36,4.0,9,0,0,49
3190,HR,region_27,Bachelors,m,sourcing,1,31,3.0,7,0,0,47
19866,Technology,region_23,Bachelors,m,other,2,32,3.0,6,0,0,79
70090,Operations,region_20,Bachelors,m,sourcing,2,38,3.0,10,1,0,57
54252,Technology,region_2,,m,other,1,29,3.0,2,0,0,78
35298,Sales & Marketing,region_11,Bachelors,m,sourcing,2,34,4.0,7,0,0,50
54587,HR,region_7,Bachelors,f,other,1,31,1.0,2,1,0,48
22925,Operations,region_19,Bachelors,f,sourcing,1,36,1.0,3,1,0,60
2030,Procurement,region_24,Bachelors,f,sourcing,1,33,3.0,4,0,0,71
75028,Finance,region_15,Bachelors,f,other,1,26,,1,1,0,60
47328,Sales & Marketing,region_2,Masters & above,f,sourcing,1,50,3.0,3,0,0,41
9226,Operations,region_6,Bachelors,m,other,1,34,3.0,3,1,0,60
63044,Technology,region_31,Bachelors,f,other,1,28,3.0,2,0,0,80
14480,Sales & Marketing,region_26,Bachelors,m,other,1,32,4.0,9,1,0,52
4652,Sales & Marketing,region_16,Bachelors,m,other,1,41,5.0,4,0,0,46
69350,Sales & Marketing,region_28,Masters & above,m,other,2,34,4.0,5,1,0,50
55814,Finance,region_7,Below Secondary,f,sourcing,1,24,3.0,1,0,0,59
56694,Operations,region_2,Bachelors,m,sourcing,1,38,5.0,2,1,0,57
24376,Operations,region_26,Bachelors,m,other,1,30,4.0,4,1,0,58
27578,Sales & Marketing,region_2,Bachelors,m,sourcing,2,33,5.0,4,0,0,53
52707,Procurement,region_7,Bachelors,m,sourcing,1,31,4.0,4,0,0,70
35607,Operations,region_15,Bachelors,f,other,1,30,3.0,2,1,0,59
45827,Analytics,region_28,Bachelors,m,sourcing,1,40,3.0,6,1,0,87
62396,R&D,region_22,Bachelors,m,sourcing,1,27,,1,0,0,80
56176,Procurement,region_2,Masters & above,f,other,1,59,5.0,17,1,0,73
15160,Sales & Marketing,region_7,Bachelors,m,sourcing,1,37,5.0,8,1,0,48
65973,Sales & Marketing,region_32,Bachelors,m,sourcing,1,33,4.0,5,0,0,50
46157,Technology,region_2,Bachelors,f,other,1,31,3.0,5,0,0,79
57342,Procurement,region_2,Masters & above,f,other,1,55,3.0,6,0,0,73
54076,Sales & Marketing,region_31,Bachelors,f,sourcing,1,37,1.0,9,0,0,49
62891,Operations,region_22,Bachelors,f,other,1,39,4.0,9,0,0,62
42328,Sales & Marketing,region_2,Bachelors,f,other,1,30,4.0,9,0,0,50
74413,Procurement,region_19,Bachelors,m,sourcing,2,30,5.0,4,1,0,73
73835,Sales & Marketing,region_26,Bachelors,m,other,1,28,3.0,2,0,0,48
10076,Sales & Marketing,region_2,Bachelors,f,sourcing,1,27,1.0,3,0,0,44
59342,Sales & Marketing,region_11,Masters & above,m,other,1,35,4.0,7,0,0,53
65620,Sales & Marketing,region_17,Bachelors,m,other,1,27,3.0,4,0,0,48
65919,Operations,region_11,Bachelors,m,other,1,29,,1,0,0,55
19836,Sales & Marketing,region_2,Bachelors,f,sourcing,2,30,1.0,4,0,0,50
14366,Operations,region_15,Bachelors,m,sourcing,1,35,5.0,10,0,0,63
59386,Sales & Marketing,region_2,Bachelors,m,sourcing,1,23,,1,1,0,51
76114,R&D,region_2,Masters & above,m,sourcing,2,35,3.0,3,0,0,80
37848,HR,region_2,Below Secondary,m,referred,1,22,,1,0,0,52
58096,Finance,region_2,Bachelors,m,sourcing,1,32,3.0,3,0,0,63
53866,Sales & Marketing,region_22,Bachelors,m,sourcing,1,36,1.0,5,1,0,47
6837,Sales & Marketing,region_4,Bachelors,m,other,3,28,3.0,5,0,0,48
70005,Operations,region_2,Bachelors,m,other,2,38,4.0,2,1,0,59
61425,Sales & Marketing,region_2,Masters & above,f,sourcing,2,49,2.0,2,0,0,51
5494,Sales & Marketing,region_25,Bachelors,m,other,1,33,5.0,10,0,0,58
49991,Technology,region_32,Bachelors,m,other,1,28,2.0,6,0,0,85
34480,Procurement,region_16,Masters & above,f,sourcing,2,35,3.0,8,0,0,70
66257,HR,region_4,Bachelors,m,other,1,31,3.0,6,1,0,47
60756,Procurement,region_10,Masters & above,f,other,1,45,3.0,17,0,0,73
3875,Sales & Marketing,region_27,Bachelors,m,other,1,27,1.0,6,0,0,46
3309,Technology,region_28,Bachelors,f,other,1,26,,1,1,0,77
7078,Operations,region_31,Bachelors,m,sourcing,1,28,4.0,2,0,0,59
51978,Technology,region_31,Masters & above,m,other,1,32,4.0,10,0,0,80
53415,HR,region_22,Bachelors,m,sourcing,1,28,,1,1,0,49
52511,Procurement,region_2,Bachelors,m,sourcing,1,31,4.0,9,1,0,75
1222,Operations,region_4,Masters & above,f,sourcing,1,35,5.0,7,1,0,57
22450,Sales & Marketing,region_2,,m,other,1,32,5.0,6,1,0,50
49167,Operations,region_19,Bachelors,m,sourcing,1,36,3.0,3,0,0,58
57668,Operations,region_19,Bachelors,f,sourcing,1,41,3.0,11,0,0,60
27382,Procurement,region_15,Masters & above,m,sourcing,1,40,4.0,11,0,0,74
60928,Procurement,region_4,Masters & above,m,other,1,38,3.0,9,1,0,68
19537,Procurement,region_14,Bachelors,m,other,1,39,3.0,2,0,0,69
48358,Operations,region_30,Bachelors,m,other,1,30,1.0,3,0,0,57
48939,Procurement,region_10,Masters & above,f,sourcing,1,35,1.0,7,0,0,69
33139,Sales & Marketing,region_7,Bachelors,m,sourcing,1,26,2.0,2,0,0,61
36793,Procurement,region_2,Masters & above,m,other,1,53,4.0,3,1,0,72
45065,Legal,region_31,Bachelors,m,sourcing,1,35,3.0,7,0,0,61
56388,Sales & Marketing,region_2,Bachelors,f,sourcing,1,34,3.0,4,0,0,44
13483,Sales & Marketing,region_27,,m,other,1,25,4.0,1,1,0,53
50697,Sales & Marketing,region_15,,m,other,1,37,3.0,7,0,0,50
18568,Analytics,region_14,Bachelors,m,other,1,30,4.0,9,1,0,87
57571,Procurement,region_16,Masters & above,f,sourcing,1,41,5.0,6,1,0,71
14794,Sales & Marketing,region_4,Bachelors,m,other,1,29,4.0,4,1,0,50
48624,Sales & Marketing,region_13,Bachelors,m,other,1,41,1.0,7,0,0,50
48068,Technology,region_5,Bachelors,m,sourcing,1,29,2.0,2,0,0,83
36045,Procurement,region_2,Bachelors,f,sourcing,1,31,3.0,2,0,0,94
58757,Operations,region_7,Bachelors,f,sourcing,1,44,4.0,16,0,0,56
59184,R&D,region_22,,m,sourcing,1,28,5.0,2,1,0,85
61444,Technology,region_27,Bachelors,f,sourcing,1,32,5.0,6,1,1,92
29916,Technology,region_22,Bachelors,m,other,2,39,3.0,10,0,0,77
18369,Operations,region_4,Bachelors,f,other,1,32,4.0,3,1,1,62
71414,Operations,region_2,Masters & above,f,sourcing,1,49,4.0,19,0,0,61
54707,Finance,region_14,Bachelors,m,other,2,25,,1,1,0,61
1293,Technology,region_31,Bachelors,m,other,2,30,4.0,3,0,0,80
24385,Sales & Marketing,region_7,,m,sourcing,1,29,3.0,8,1,0,48
53697,Procurement,region_4,Bachelors,m,sourcing,2,26,5.0,3,0,0,68
64888,Operations,region_32,Bachelors,f,sourcing,1,30,4.0,5,0,0,62
38284,Sales & Marketing,region_32,,f,sourcing,1,29,3.0,5,0,0,52
75442,Procurement,region_15,Masters & above,m,sourcing,1,31,3.0,7,0,0,67
13797,Sales & Marketing,region_13,Masters & above,m,other,1,43,3.0,16,0,0,50
78280,Sales & Marketing,region_7,Bachelors,m,sourcing,2,30,,1,0,0,51
60122,Operations,region_2,Bachelors,f,sourcing,1,28,5.0,2,0,0,57
77711,Technology,region_20,Bachelors,m,other,1,28,,1,1,0,78
52976,Sales & Marketing,region_13,Masters & above,m,sourcing,1,33,3.0,9,0,0,43
32499,Sales & Marketing,region_7,,m,other,1,35,1.0,7,0,0,44
4697,Sales & Marketing,region_31,Masters & above,f,other,1,43,2.0,13,0,0,46
9785,Analytics,region_2,,m,other,1,23,,1,0,0,88
12640,Technology,region_33,Bachelors,m,sourcing,1,26,,1,1,0,87
34502,Analytics,region_22,Bachelors,m,sourcing,1,30,5.0,9,1,0,85
4531,Procurement,region_2,Bachelors,m,sourcing,1,58,2.0,7,0,0,71
44207,Technology,region_13,Bachelors,f,sourcing,1,30,3.0,3,0,0,78
65477,Finance,region_5,Bachelors,m,other,1,33,5.0,6,1,0,61
73098,Technology,region_2,Masters & above,f,other,1,56,1.0,12,1,0,83
26469,Operations,region_11,Bachelors,m,sourcing,2,29,4.0,5,0,0,57
44046,Procurement,region_24,Bachelors,f,other,1,31,4.0,4,1,0,69
36402,Analytics,region_9,Bachelors,m,sourcing,2,28,2.0,3,0,0,83
44111,Sales & Marketing,region_26,Bachelors,m,other,1,35,1.0,9,0,0,46
42106,Sales & Marketing,region_28,Masters & above,m,sourcing,1,37,2.0,10,0,0,55
17825,Procurement,region_2,Masters & above,f,sourcing,1,46,4.0,6,1,0,68
33891,Technology,region_24,Bachelors,m,sourcing,1,40,3.0,13,0,0,81
36485,Procurement,region_30,Masters & above,m,other,1,40,5.0,11,1,0,64
21345,HR,region_2,Below Secondary,m,sourcing,1,21,4.0,2,1,0,89
47233,Operations,region_3,Masters & above,f,other,1,35,3.0,5,1,0,66
25631,Procurement,region_2,,f,other,1,31,5.0,8,1,0,69
5330,Procurement,region_13,Masters & above,m,other,1,45,4.0,16,1,0,70
33009,Technology,region_33,Bachelors,m,sourcing,1,41,3.0,11,1,0,81
34218,Analytics,region_1,Bachelors,m,other,1,27,,1,1,0,82
52399,Sales & Marketing,region_20,Bachelors,f,other,1,34,3.0,7,0,0,49
68946,Finance,region_7,Bachelors,m,sourcing,1,32,5.0,6,1,0,60
28404,Sales & Marketing,region_7,Masters & above,m,other,1,41,5.0,2,1,0,50
31217,Sales & Marketing,region_2,Bachelors,f,other,1,31,5.0,5,1,0,48
22911,Technology,region_7,Bachelors,m,sourcing,1,28,,1,1,0,83
40669,Analytics,region_22,Bachelors,m,other,1,25,3.0,2,1,0,84
72652,HR,region_15,Bachelors,m,sourcing,2,32,3.0,8,0,0,50
36790,Procurement,region_13,Bachelors,f,sourcing,1,29,5.0,4,1,0,73
26167,Operations,region_2,Bachelors,m,other,2,42,3.0,4,0,0,62
1056,Technology,region_2,Bachelors,m,other,1,39,2.0,10,0,0,79
36271,Technology,region_6,Bachelors,f,other,1,34,2.0,6,0,0,76
7616,Procurement,region_5,Bachelors,m,other,1,28,1.0,5,0,0,69
46852,HR,region_2,Masters & above,m,other,1,49,5.0,18,0,0,50
19124,Analytics,region_11,Bachelors,m,other,1,27,,1,1,0,81
32771,Operations,region_27,Bachelors,m,sourcing,2,29,4.0,5,1,0,58
36738,Operations,region_20,Bachelors,f,other,1,35,4.0,5,0,0,58
31940,Operations,region_2,Masters & above,f,sourcing,1,43,4.0,15,0,0,65
3066,Sales & Marketing,region_5,Masters & above,m,sourcing,1,37,4.0,8,0,0,49
40904,Sales & Marketing,region_22,Masters & above,f,other,1,43,4.0,12,0,0,49
29261,Sales & Marketing,region_22,Bachelors,m,other,1,26,4.0,3,1,0,50
44545,Sales & Marketing,region_5,Bachelors,f,other,1,29,2.0,7,0,0,50
22696,R&D,region_15,Masters & above,m,other,2,30,3.0,5,0,0,86
27880,Analytics,region_3,Bachelors,m,sourcing,1,28,4.0,3,0,0,84
26815,Operations,region_19,Masters & above,f,other,2,40,3.0,6,0,0,55
76823,Operations,region_7,Bachelors,m,sourcing,1,30,5.0,5,1,0,62
16085,Finance,region_22,Below Secondary,f,other,2,24,,1,1,0,60
37337,Analytics,region_2,Masters & above,m,sourcing,1,44,5.0,6,1,0,84
34882,Sales & Marketing,region_31,Masters & above,m,other,2,34,5.0,10,0,0,50
32436,Procurement,region_17,Masters & above,f,sourcing,1,33,4.0,5,0,0,74
15243,R&D,region_2,Masters & above,f,sourcing,2,34,5.0,3,1,0,78
51233,Operations,region_34,Bachelors,m,other,1,31,2.0,2,0,0,59
31388,Operations,region_7,Bachelors,f,other,1,35,4.0,6,0,0,58
52349,Sales & Marketing,region_1,Bachelors,m,sourcing,1,32,4.0,9,0,0,53
3820,Procurement,region_2,Bachelors,m,sourcing,1,57,3.0,28,0,0,70
66449,Operations,region_7,Bachelors,m,other,1,31,5.0,6,1,0,60
45742,Sales & Marketing,region_13,Bachelors,m,sourcing,1,42,4.0,6,1,0,46
21866,Legal,region_32,Bachelors,m,other,1,29,,1,0,0,58
52154,Technology,region_24,Masters & above,m,sourcing,1,41,3.0,8,0,0,82
72757,Operations,region_15,Bachelors,m,referred,1,33,3.0,9,1,0,54
21376,Sales & Marketing,region_16,Bachelors,m,other,1,53,4.0,26,0,0,49
9214,Operations,region_3,Masters & above,f,sourcing,1,35,3.0,4,0,0,58
52207,Analytics,region_29,Bachelors,m,sourcing,1,36,5.0,4,1,0,87
60769,Sales & Marketing,region_26,Bachelors,m,other,2,36,1.0,4,0,0,52
6639,Procurement,region_14,Bachelors,f,other,1,54,3.0,5,0,0,71
32867,Technology,region_2,Bachelors,f,other,1,58,3.0,10,0,0,82
50441,Technology,region_10,Masters & above,m,other,1,44,4.0,15,0,0,81
53986,Technology,region_27,Masters & above,m,other,1,46,4.0,7,1,0,79
22537,Operations,region_32,Bachelors,f,other,2,34,3.0,9,0,0,56
17219,Sales & Marketing,region_28,Bachelors,m,other,3,31,5.0,5,0,0,48
23028,Sales & Marketing,region_5,Bachelors,m,sourcing,1,31,1.0,4,0,0,50
28167,Sales & Marketing,region_2,Bachelors,m,sourcing,1,33,3.0,7,0,0,47
39244,Sales & Marketing,region_4,Bachelors,m,sourcing,1,27,,1,1,0,48
16781,Procurement,region_11,Bachelors,f,sourcing,1,30,2.0,2,0,0,67
10242,Operations,region_22,Bachelors,m,sourcing,1,59,4.0,7,0,0,56
75139,Finance,region_26,Bachelors,m,other,1,33,4.0,6,0,0,62
5429,Sales & Marketing,region_20,Bachelors,m,other,1,34,3.0,2,0,0,51
51625,Sales & Marketing,region_24,Bachelors,m,sourcing,1,29,1.0,2,0,0,51
1749,Technology,region_2,,m,other,2,34,3.0,6,1,0,85
4893,Operations,region_31,Masters & above,f,other,1,38,5.0,6,1,0,63
53732,Technology,region_2,Bachelors,m,other,1,52,3.0,3,0,0,78
10812,Operations,region_15,Masters & above,m,other,1,40,5.0,11,1,0,59
76767,Analytics,region_7,Bachelors,m,other,2,31,5.0,4,0,0,85
74317,Operations,region_2,Bachelors,f,sourcing,2,32,3.0,5,1,0,61
74400,R&D,region_5,Bachelors,m,sourcing,1,28,5.0,4,1,0,83
52962,HR,region_13,Masters & above,m,other,1,37,3.0,9,0,0,51
52953,Sales & Marketing,region_2,,m,sourcing,1,45,1.0,5,0,0,46
45583,Analytics,region_20,Bachelors,m,sourcing,1,27,4.0,5,0,0,83
54935,Technology,region_11,Bachelors,m,other,1,27,3.0,3,1,0,80
27567,HR,region_20,Masters & above,m,sourcing,1,39,5.0,2,0,0,47
30129,R&D,region_30,Masters & above,f,sourcing,1,31,3.0,2,0,0,82
9028,Sales & Marketing,region_26,Bachelors,f,sourcing,1,29,3.0,6,0,0,48
66030,Sales & Marketing,region_7,Bachelors,m,other,1,57,3.0,13,0,0,53
22223,Sales & Marketing,region_22,Bachelors,m,sourcing,1,28,,1,0,0,49
75845,Sales & Marketing,region_5,Bachelors,f,other,2,30,3.0,9,0,0,52
42485,Technology,region_13,Bachelors,f,other,1,30,5.0,4,1,0,81
24500,Sales & Marketing,region_13,Masters & above,m,other,2,39,5.0,3,1,0,45
31593,Sales & Marketing,region_1,Bachelors,m,sourcing,1,26,,1,0,0,48
76691,Operations,region_23,Bachelors,m,other,1,33,4.0,8,1,0,59
23286,Operations,region_2,Masters & above,m,other,1,45,5.0,5,0,0,96
23047,Sales & Marketing,region_25,Masters & above,m,sourcing,1,43,3.0,5,0,0,47
40762,Operations,region_21,Bachelors,m,other,1,33,4.0,9,0,0,60
46120,Legal,region_7,Masters & above,m,other,1,40,5.0,4,1,0,59
20309,Finance,region_13,Masters & above,m,other,2,33,5.0,7,1,0,57
65675,Sales & Marketing,region_11,Bachelors,m,other,1,24,,1,0,0,53
21514,Technology,region_7,Below Secondary,m,other,2,25,5.0,3,0,0,80
36629,Analytics,region_31,Bachelors,m,sourcing,1,40,3.0,6,0,0,81
1733,Procurement,region_13,Bachelors,m,other,1,41,1.0,13,0,0,69
24434,Finance,region_4,Bachelors,m,sourcing,1,30,1.0,6,0,0,61
58460,Procurement,region_31,Bachelors,f,sourcing,1,28,1.0,2,0,0,71
24334,Legal,region_22,Bachelors,m,referred,1,29,5.0,3,1,0,54
19785,Sales & Marketing,region_24,Bachelors,f,sourcing,1,31,2.0,3,0,0,49
33942,Analytics,region_27,Bachelors,m,sourcing,1,32,3.0,5,1,0,87
33575,Sales & Marketing,region_27,Bachelors,m,sourcing,1,30,2.0,2,0,0,48
24311,Technology,region_30,Bachelors,m,other,1,27,3.0,3,0,0,78
46351,Sales & Marketing,region_28,Bachelors,m,sourcing,1,36,5.0,4,1,0,53
32263,Operations,region_26,Bachelors,f,sourcing,1,36,4.0,8,0,0,62
27764,Sales & Marketing,region_2,Bachelors,f,sourcing,1,55,3.0,11,1,0,50
56271,Sales & Marketing,region_2,Bachelors,f,other,4,27,2.0,4,0,0,49
53795,Analytics,region_22,Masters & above,m,other,1,39,5.0,5,1,0,88
9706,Sales & Marketing,region_21,Bachelors,m,other,1,29,,1,0,0,53
17388,Operations,region_8,Bachelors,f,other,1,32,2.0,7,0,0,57
78067,Sales & Marketing,region_26,,m,other,1,25,,1,1,0,50
18239,Sales & Marketing,region_6,Bachelors,m,sourcing,1,35,4.0,8,0,0,51
26663,Procurement,region_22,Masters & above,m,other,1,45,4.0,18,1,0,72
14578,Procurement,region_2,Masters & above,m,sourcing,2,34,5.0,2,1,0,68
4365,R&D,region_2,Masters & above,m,other,1,33,3.0,6,0,0,83
54694,Technology,region_2,Bachelors,m,other,1,54,1.0,19,0,0,82
74161,Procurement,region_16,Bachelors,f,sourcing,1,29,5.0,2,1,0,77
26361,Operations,region_2,Masters & above,m,other,1,53,3.0,10,1,0,63
42305,Technology,region_2,Masters & above,m,other,3,37,3.0,9,1,0,81
3636,Sales & Marketing,region_28,Bachelors,m,other,1,34,1.0,3,0,0,55
12740,Finance,region_28,Masters & above,m,other,1,31,5.0,2,1,1,58
978,Procurement,region_2,Bachelors,f,other,3,36,3.0,10,0,0,66
63374,Operations,region_22,Bachelors,m,referred,1,35,3.0,3,1,0,57
31424,Legal,region_27,Bachelors,m,sourcing,1,28,5.0,3,1,0,58
5169,Operations,region_7,Masters & above,m,sourcing,1,36,3.0,4,1,0,60
74158,Sales & Marketing,region_7,Bachelors,m,sourcing,3,32,3.0,5,0,0,50
7689,Sales & Marketing,region_22,Bachelors,m,sourcing,1,30,5.0,4,0,0,48
34778,Procurement,region_10,Masters & above,m,other,1,31,1.0,6,1,0,70
63395,R&D,region_22,Bachelors,m,sourcing,2,28,,1,0,0,80
22899,Procurement,region_27,Bachelors,m,sourcing,1,31,5.0,7,1,0,71
10800,Sales & Marketing,region_13,Bachelors,m,sourcing,1,35,3.0,7,1,0,51
6940,Operations,region_32,Bachelors,m,sourcing,1,39,5.0,6,0,0,62
77793,Analytics,region_32,Bachelors,m,other,1,27,5.0,3,0,0,85
34433,Sales & Marketing,region_17,Bachelors,m,other,1,29,,1,1,0,50
24237,Sales & Marketing,region_16,Bachelors,m,other,1,46,4.0,7,0,0,52
6640,Technology,region_2,Masters & above,m,other,2,60,3.0,6,0,0,83
55236,Legal,region_2,Masters & above,m,sourcing,1,36,5.0,4,1,0,57
29275,Sales & Marketing,region_2,Masters & above,f,other,1,47,2.0,3,1,0,49
15669,Technology,region_8,Masters & above,f,sourcing,1,30,1.0,5,0,0,75
24209,Finance,region_22,Bachelors,m,sourcing,2,28,4.0,2,1,0,60
35836,Technology,region_26,Bachelors,m,sourcing,1,36,4.0,4,1,0,79
33646,HR,region_25,Masters & above,m,sourcing,1,34,1.0,3,0,0,50
2506,Technology,region_2,Masters & above,m,other,1,48,5.0,17,0,0,92
4485,Legal,region_2,Bachelors,m,other,1,29,1.0,4,0,0,66
65459,Operations,region_27,,m,other,1,26,,1,1,0,56
42249,Sales & Marketing,region_27,Bachelors,m,sourcing,1,31,4.0,3,1,0,49
75388,Procurement,region_22,Bachelors,f,other,2,25,4.0,4,1,0,69
8724,Technology,region_26,Bachelors,m,sourcing,1,24,,1,1,0,77
6726,Sales & Marketing,region_33,Bachelors,m,other,1,36,5.0,3,1,0,54
24052,Finance,region_2,Bachelors,m,sourcing,1,55,3.0,3,0,0,62
26557,Procurement,region_17,Masters & above,m,sourcing,1,38,3.0,8,0,0,68
36971,Analytics,region_34,Bachelors,m,other,1,28,3.0,2,0,0,84
8670,Operations,region_12,Bachelors,m,other,1,26,3.0,4,0,0,58
7478,Analytics,region_4,Bachelors,m,other,1,31,5.0,2,1,0,85
47680,Operations,region_20,Bachelors,m,other,1,27,3.0,4,1,0,64
49496,Analytics,region_28,Masters & above,m,other,1,41,4.0,2,0,0,84
42368,HR,region_2,Below Secondary,m,other,1,20,5.0,1,0,0,48
1874,Finance,region_2,Masters & above,f,other,1,43,3.0,6,0,0,55
13639,Analytics,region_4,Masters & above,m,other,2,33,5.0,7,0,0,89
56763,Operations,region_15,Masters & above,m,sourcing,1,32,4.0,4,0,0,61
69299,Operations,region_15,Masters & above,m,other,1,53,4.0,12,0,0,58
1193,HR,region_2,Bachelors,m,sourcing,1,36,3.0,5,1,0,53
3483,Procurement,region_17,Masters & above,m,sourcing,1,40,3.0,12,0,0,75
6692,Sales & Marketing,region_22,Bachelors,f,sourcing,2,33,5.0,6,0,0,52
52722,Technology,region_4,Masters & above,f,other,1,35,2.0,5,0,0,79
57527,Analytics,region_34,Bachelors,m,sourcing,2,27,4.0,2,0,0,86
33667,Operations,region_2,Masters & above,f,other,2,55,5.0,24,1,0,56
44110,Technology,region_7,Masters & above,f,other,1,46,5.0,5,1,0,75
48286,Procurement,region_4,Masters & above,m,other,1,42,5.0,7,1,0,69
6133,Analytics,region_22,Bachelors,m,other,2,28,5.0,2,1,0,92
21233,Procurement,region_8,Bachelors,m,sourcing,1,31,3.0,6,0,0,72
76940,Analytics,region_27,Bachelors,m,sourcing,1,35,3.0,5,1,0,83
40150,Sales & Marketing,region_26,,m,sourcing,1,23,,1,0,0,49
11395,Analytics,region_9,Bachelors,m,other,1,27,4.0,3,0,0,82
72922,Analytics,region_9,Bachelors,m,other,1,32,4.0,6,0,0,87
49424,Analytics,region_7,Bachelors,m,other,1,32,5.0,6,1,0,92
60962,Operations,region_22,Bachelors,m,other,1,49,3.0,18,0,0,58
43173,Analytics,region_22,,f,sourcing,1,29,4.0,5,1,0,85
30043,Operations,region_22,Masters & above,m,sourcing,1,46,5.0,13,1,0,57
37383,Finance,region_7,Bachelors,m,other,3,25,3.0,2,0,0,56
10850,Operations,region_32,Bachelors,f,other,1,32,5.0,3,0,0,63
25244,R&D,region_2,Masters & above,m,other,1,42,3.0,6,0,0,84
3307,Technology,region_24,Bachelors,m,other,1,34,3.0,5,0,0,84
53115,Analytics,region_1,Masters & above,m,other,1,37,5.0,9,1,0,87
12404,Technology,region_2,Bachelors,m,sourcing,1,32,2.0,7,0,0,78
38217,R&D,region_27,Bachelors,m,sourcing,1,35,5.0,4,1,0,85
73913,Operations,region_31,Masters & above,m,other,1,35,3.0,7,0,0,61
27727,Analytics,region_15,Bachelors,m,sourcing,1,27,3.0,4,0,0,85
11014,Finance,region_22,Bachelors,f,other,2,27,3.0,2,0,0,58
46416,Technology,region_33,Bachelors,m,other,2,43,3.0,15,0,0,76
69175,Sales & Marketing,region_27,Bachelors,m,sourcing,1,28,5.0,2,1,0,49
54362,Technology,region_22,Bachelors,m,referred,1,28,,1,0,0,81
64006,Technology,region_16,Bachelors,m,other,2,27,3.0,2,0,0,80
34578,Sales & Marketing,region_20,Bachelors,m,other,1,28,5.0,3,0,0,47
3328,Operations,region_19,Bachelors,m,sourcing,2,42,5.0,15,1,0,57
58856,HR,region_32,Bachelors,f,sourcing,1,31,1.0,7,0,0,50
68586,Procurement,region_23,Bachelors,m,other,1,31,3.0,7,1,0,64
52581,Procurement,region_13,Bachelors,f,other,1,33,3.0,6,1,0,71
54576,Sales & Marketing,region_16,Bachelors,m,other,1,43,4.0,14,0,0,46
14526,Operations,region_28,Masters & above,m,sourcing,1,35,4.0,10,1,0,57
32150,Technology,region_22,Bachelors,m,other,1,36,4.0,3,1,0,75
31212,Operations,region_2,,m,other,1,41,3.0,7,0,0,60
56747,Sales & Marketing,region_2,Bachelors,m,other,3,30,1.0,5,0,0,48
9969,Procurement,region_2,Masters & above,m,sourcing,2,31,3.0,6,0,0,71
73135,Legal,region_22,Bachelors,m,referred,1,29,1.0,3,1,0,57
61154,R&D,region_22,Bachelors,m,other,1,28,,1,1,0,83
45072,Finance,region_13,Bachelors,m,other,1,25,5.0,2,0,0,57
9418,Operations,region_28,Bachelors,f,sourcing,1,33,5.0,7,0,0,62
25896,Operations,region_29,Bachelors,m,other,1,34,2.0,7,0,0,62
74869,Operations,region_7,Masters & above,m,sourcing,1,43,5.0,6,0,0,59
52548,Operations,region_26,Bachelors,f,other,1,30,4.0,3,1,0,57
14211,Analytics,region_22,,m,sourcing,1,32,3.0,8,0,0,86
25638,Operations,region_2,Bachelors,m,sourcing,1,34,3.0,7,0,0,59
51389,Analytics,region_7,Bachelors,m,other,1,45,5.0,19,0,0,82
24147,Sales & Marketing,region_2,Bachelors,m,other,2,46,1.0,7,0,0,49
31569,Procurement,region_30,Bachelors,f,other,1,34,3.0,6,0,0,70
32062,Sales & Marketing,region_2,,f,sourcing,1,24,,1,0,0,52
66391,Sales & Marketing,region_7,Bachelors,m,sourcing,1,28,4.0,6,1,0,47
73092,Analytics,region_32,Bachelors,m,sourcing,2,34,3.0,6,1,0,86
4336,Technology,region_25,Masters & above,f,other,1,36,3.0,11,0,0,76
62147,R&D,region_8,Bachelors,m,sourcing,1,28,4.0,3,1,0,82
7784,Sales & Marketing,region_4,Bachelors,m,other,1,48,4.0,9,0,0,46
52718,Sales & Marketing,region_31,Bachelors,m,other,1,31,5.0,2,0,0,51
41273,Analytics,region_8,Bachelors,m,sourcing,1,27,,1,1,0,84
45355,Sales & Marketing,region_20,Bachelors,m,sourcing,1,27,4.0,1,0,0,48
2522,Analytics,region_22,Bachelors,m,other,1,28,3.0,2,0,0,84
70657,Sales & Marketing,region_16,Bachelors,m,other,2,35,3.0,3,0,0,46
31437,Analytics,region_22,Bachelors,f,other,2,29,4.0,2,0,0,86
50442,Operations,region_15,Bachelors,f,sourcing,1,28,5.0,2,1,0,63
3672,Operations,region_2,Bachelors,m,other,2,36,4.0,7,0,0,60
44860,Operations,region_7,Masters & above,m,sourcing,1,34,4.0,3,1,0,57
70260,Operations,region_2,Bachelors,m,sourcing,1,31,3.0,3,0,0,53
27192,Procurement,region_2,Bachelors,f,sourcing,1,28,3.0,3,0,0,72
72855,Operations,region_2,Bachelors,m,sourcing,1,33,5.0,8,1,0,61
64702,Technology,region_7,Bachelors,f,sourcing,1,27,5.0,1,1,0,79
56976,Sales & Marketing,region_15,Bachelors,m,sourcing,1,40,3.0,5,0,0,47
52945,Sales & Marketing,region_13,Bachelors,m,sourcing,1,35,5.0,7,1,1,46
37974,Operations,region_4,Bachelors,f,sourcing,1,30,1.0,5,0,0,59
75832,Technology,region_22,Masters & above,m,sourcing,1,34,4.0,5,1,0,79
11187,Operations,region_28,Bachelors,m,sourcing,1,31,4.0,7,0,0,58
51384,Sales & Marketing,region_4,Bachelors,m,other,1,26,4.0,3,1,0,49
11472,Finance,region_22,Bachelors,m,other,3,25,,1,0,0,61
51740,Sales & Marketing,region_12,Bachelors,f,sourcing,1,29,3.0,1,0,0,48
56189,Technology,region_27,Bachelors,m,sourcing,1,27,,1,0,0,81
34243,Sales & Marketing,region_2,Bachelors,m,other,3,32,3.0,6,0,0,52
33333,Procurement,region_13,Masters & above,f,other,1,33,1.0,8,0,0,67
17251,Sales & Marketing,region_22,Bachelors,m,referred,1,29,3.0,2,1,0,50
21020,Finance,region_26,Bachelors,f,sourcing,1,30,3.0,4,0,0,63
18743,Sales & Marketing,region_25,Bachelors,f,sourcing,1,27,,1,0,0,48
53519,Operations,region_24,Bachelors,m,other,1,26,3.0,4,0,0,61
141,Sales & Marketing,region_22,,m,other,1,29,4.0,5,1,0,48
49596,Technology,region_7,Bachelors,f,sourcing,2,29,4.0,3,1,0,82
22403,Finance,region_28,Below Secondary,f,other,1,26,1.0,2,1,0,54
36838,Operations,region_15,Bachelors,m,other,1,34,2.0,3,0,0,57
29528,Operations,region_22,Bachelors,m,sourcing,1,31,3.0,6,1,0,60
54712,Sales & Marketing,region_26,Bachelors,f,other,1,29,3.0,4,1,0,44
22239,Analytics,region_29,Bachelors,m,sourcing,1,29,3.0,4,0,0,84
23694,Operations,region_2,Masters & above,m,other,1,44,4.0,15,1,0,59
30302,Operations,region_2,Masters & above,m,other,1,32,3.0,2,0,0,62
10088,HR,region_2,Bachelors,m,sourcing,1,35,1.0,3,1,0,48
5453,Technology,region_5,Bachelors,f,sourcing,1,28,,1,0,0,79
48447,Analytics,region_22,Masters & above,m,other,1,44,3.0,7,0,0,85
48782,Procurement,region_5,Bachelors,m,sourcing,1,28,3.0,2,0,0,70
4669,Sales & Marketing,region_12,Bachelors,m,other,1,34,5.0,7,0,1,63
35704,Sales & Marketing,region_23,Bachelors,m,sourcing,1,33,3.0,3,0,0,45
53810,Operations,region_2,Masters & above,m,other,1,34,4.0,4,0,0,61
2670,Sales & Marketing,region_10,Masters & above,m,other,1,37,3.0,2,1,1,52
70894,Sales & Marketing,region_2,Masters & above,m,sourcing,1,35,3.0,8,0,0,52
39655,Procurement,region_17,Bachelors,f,sourcing,1,28,,1,0,0,71
70374,Sales & Marketing,region_13,Bachelors,m,other,1,41,5.0,5,1,0,47
76802,Legal,region_34,Bachelors,m,sourcing,1,27,5.0,3,1,0,64
48152,Procurement,region_13,Bachelors,m,sourcing,1,32,3.0,4,0,0,64
45302,Sales & Marketing,region_28,Masters & above,f,other,1,32,4.0,2,1,0,51
42804,Finance,region_2,Masters & above,m,other,1,35,3.0,9,1,0,58
23618,Sales & Marketing,region_25,Masters & above,m,other,1,35,3.0,6,1,0,54
15553,Operations,region_31,Bachelors,f,other,1,33,5.0,5,1,0,60
60701,Operations,region_22,Bachelors,m,referred,1,28,,1,0,0,59
71933,HR,region_22,Masters & above,f,sourcing,1,38,4.0,8,1,0,51
813,Operations,region_22,Bachelors,m,other,2,38,4.0,6,0,0,71
7909,Procurement,region_7,Masters & above,f,other,1,40,3.0,14,0,0,65
57582,Operations,region_3,Masters & above,m,other,1,37,3.0,5,1,1,59
25222,Operations,region_32,Masters & above,f,other,1,37,3.0,10,1,0,60
45387,Sales & Marketing,region_30,Bachelors,m,other,1,38,1.0,7,0,0,51
62680,Technology,region_31,Bachelors,f,sourcing,5,28,,1,1,0,79
36764,Operations,region_23,Masters & above,f,other,2,38,2.0,7,0,0,64
23911,Technology,region_19,Bachelors,f,other,1,30,3.0,3,1,0,80
13089,Sales & Marketing,region_26,Bachelors,f,other,1,23,2.0,2,0,0,49
11183,Operations,region_7,Bachelors,m,sourcing,1,38,5.0,8,0,0,61
15838,Technology,region_6,Bachelors,m,other,1,29,3.0,3,0,0,81
50405,Sales & Marketing,region_7,Masters & above,m,other,1,52,3.0,16,0,0,50
73059,Procurement,region_5,Masters & above,f,sourcing,3,35,5.0,9,0,0,69
70969,Sales & Marketing,region_27,Bachelors,f,sourcing,1,25,5.0,1,1,1,53
77851,Operations,region_23,Masters & above,f,other,1,38,5.0,10,1,0,62
66856,Procurement,region_17,Bachelors,f,other,1,31,2.0,2,0,0,69
22541,Legal,region_2,Masters & above,m,other,1,56,4.0,4,0,0,51
2366,Sales & Marketing,region_2,,m,sourcing,2,26,,1,0,0,49
41142,Sales & Marketing,region_24,Bachelors,m,other,1,28,3.0,1,0,0,54
45501,Operations,region_16,Bachelors,m,sourcing,1,50,4.0,11,0,0,56
67658,Analytics,region_32,Bachelors,m,other,1,26,3.0,2,0,0,84
40057,Procurement,region_2,Below Secondary,m,other,1,22,3.0,2,1,0,71
35974,Technology,region_2,Masters & above,m,other,1,54,3.0,18,0,0,79
50976,Sales & Marketing,region_2,,f,sourcing,1,40,3.0,3,1,0,50
51706,Technology,region_2,Bachelors,m,sourcing,1,58,4.0,17,1,0,77
18536,Operations,region_15,Bachelors,f,other,1,45,3.0,16,0,0,63
27322,Procurement,region_22,Bachelors,m,other,3,33,3.0,6,0,0,67
29713,Technology,region_15,Masters & above,f,other,1,35,1.0,9,0,0,81
38815,Operations,region_22,Masters & above,f,sourcing,1,32,2.0,4,0,0,61
46524,Finance,region_31,Bachelors,f,sourcing,1,31,1.0,7,0,0,62
11270,Sales & Marketing,region_25,Masters & above,m,other,3,33,3.0,3,0,0,48
57456,Operations,region_7,Bachelors,m,other,1,28,,1,0,0,55
72913,Sales & Marketing,region_14,Bachelors,m,sourcing,2,36,1.0,4,0,0,50
9922,Operations,region_22,Bachelors,m,other,1,28,,1,0,0,62
23179,Operations,region_7,Masters & above,f,other,1,37,5.0,9,1,0,58
21030,Sales & Marketing,region_2,Masters & above,m,other,2,40,1.0,6,1,0,49
10514,Analytics,region_30,Bachelors,m,other,2,30,2.0,3,1,0,81
6362,Operations,region_22,Bachelors,m,other,1,30,5.0,5,0,0,67
34943,Procurement,region_7,Masters & above,f,other,1,33,5.0,8,1,0,69
15652,Procurement,region_31,Bachelors,m,other,1,29,3.0,6,0,0,68
9267,Sales & Marketing,region_7,Bachelors,m,other,1,33,5.0,4,1,0,51
76062,Technology,region_28,Masters & above,f,sourcing,1,41,2.0,12,0,0,84
40211,Operations,region_13,Bachelors,m,other,1,36,2.0,9,0,0,59
6245,Sales & Marketing,region_7,Masters & above,f,other,1,42,1.0,8,0,0,48
16449,Sales & Marketing,region_31,Bachelors,m,sourcing,1,37,1.0,10,0,0,47
56147,Operations,region_22,Masters & above,f,sourcing,1,46,4.0,4,0,0,60
36061,Sales & Marketing,region_22,Bachelors,m,other,1,33,4.0,10,0,0,43
64620,Sales & Marketing,region_20,Masters & above,m,other,1,44,5.0,17,1,0,47
11805,Operations,region_8,Masters & above,f,sourcing,1,36,5.0,4,1,0,55
2605,Sales & Marketing,region_22,Bachelors,m,referred,1,27,4.0,4,0,0,47
10596,Analytics,region_32,Bachelors,m,other,1,41,3.0,6,0,0,82
62141,Procurement,region_2,Bachelors,f,other,1,27,4.0,4,1,0,68
10973,Sales & Marketing,region_20,Bachelors,m,other,1,28,,1,1,0,47
52912,Operations,region_15,Bachelors,m,sourcing,2,37,5.0,2,1,0,62
2111,Procurement,region_2,Bachelors,f,other,1,56,5.0,6,0,0,84
2199,Technology,region_2,Bachelors,f,sourcing,2,38,3.0,10,0,0,81
50392,Finance,region_2,Bachelors,m,sourcing,1,49,4.0,4,0,0,58
54366,Analytics,region_22,,m,sourcing,1,23,3.0,1,1,0,88
67258,Operations,region_4,Bachelors,f,sourcing,1,27,5.0,6,1,0,61
36854,Operations,region_15,Masters & above,m,other,1,53,4.0,6,0,0,61
145,Sales & Marketing,region_6,Bachelors,f,sourcing,1,35,3.0,8,0,0,46
75055,Finance,region_7,Bachelors,m,other,1,32,5.0,8,1,0,59
62558,Procurement,region_2,Bachelors,f,other,1,49,3.0,17,0,0,67
75718,Sales & Marketing,region_13,Masters & above,m,sourcing,1,31,2.0,7,1,0,50
21236,Sales & Marketing,region_12,Bachelors,m,sourcing,1,26,5.0,2,1,0,49
62377,HR,region_7,Below Secondary,f,other,1,25,,1,1,0,49
49374,Operations,region_11,Masters & above,m,other,1,35,4.0,7,0,0,59
42760,Technology,region_33,Bachelors,m,other,1,46,3.0,16,0,0,76
26588,Operations,region_7,Masters & above,m,sourcing,2,34,4.0,10,0,0,60
54869,Sales & Marketing,region_23,Bachelors,m,sourcing,1,30,1.0,5,0,0,53
55130,Technology,region_11,Masters & above,m,other,1,41,2.0,2,0,0,81
52958,Operations,region_7,Bachelors,f,sourcing,1,29,4.0,3,0,0,58
63170,HR,region_2,Masters & above,f,sourcing,1,43,2.0,4,1,0,48
60600,Legal,region_2,Bachelors,f,sourcing,1,38,1.0,3,0,0,65
36088,Analytics,region_31,Bachelors,m,sourcing,1,31,3.0,2,0,0,84
21526,Operations,region_22,Bachelors,m,other,1,28,5.0,3,1,0,62
68400,Finance,region_26,Bachelors,f,other,1,29,3.0,5,1,0,62
3398,Sales & Marketing,region_2,Bachelors,m,other,2,32,5.0,4,1,0,50
12771,Operations,region_11,Bachelors,m,sourcing,1,50,5.0,19,1,0,60
25432,Procurement,region_10,Masters & above,f,other,2,32,1.0,7,0,0,68
37973,Sales & Marketing,region_20,Bachelors,m,other,1,41,5.0,5,1,0,49
46758,Operations,region_26,Masters & above,m,other,1,49,5.0,4,0,0,62
25044,Sales & Marketing,region_29,Bachelors,m,other,1,31,1.0,5,0,0,48
66580,R&D,region_2,Masters & above,m,other,1,36,4.0,3,1,0,88
70890,Technology,region_24,Bachelors,m,other,1,32,2.0,6,0,0,90
7888,Sales & Marketing,region_22,,f,sourcing,1,23,3.0,2,0,0,51
54255,Sales & Marketing,region_26,Bachelors,m,sourcing,1,44,1.0,6,1,0,48
45454,Sales & Marketing,region_2,Bachelors,m,sourcing,1,28,4.0,3,0,0,50
20310,Analytics,region_11,Bachelors,m,sourcing,1,29,3.0,5,0,0,81
47977,Sales & Marketing,region_22,Masters & above,f,sourcing,1,34,5.0,5,0,0,47
7327,Analytics,region_9,Bachelors,m,other,2,32,5.0,7,1,0,80
8681,Procurement,region_2,Masters & above,m,other,1,40,4.0,10,0,0,70
60437,Procurement,region_34,Bachelors,m,other,1,29,1.0,4,0,0,75
49650,Procurement,region_15,Bachelors,f,sourcing,1,39,3.0,7,1,0,72
32870,Operations,region_2,Bachelors,f,other,3,28,,1,1,0,62
75179,Operations,region_7,Bachelors,m,sourcing,1,41,3.0,11,0,0,56
41631,Operations,region_22,Bachelors,f,sourcing,2,29,,1,1,0,58
31721,Analytics,region_2,Bachelors,m,sourcing,5,26,,1,1,0,84
40925,Analytics,region_26,Bachelors,f,other,1,29,,1,1,0,83
35749,Finance,region_22,Bachelors,m,other,3,27,5.0,2,1,0,65
45801,Procurement,region_2,Masters & above,m,sourcing,2,59,3.0,7,0,0,70
19370,Procurement,region_2,Bachelors,m,other,3,33,1.0,5,1,1,67
18328,Procurement,region_25,Bachelors,m,other,1,31,4.0,4,0,0,70
21294,Operations,region_32,Masters & above,m,other,1,41,5.0,3,1,0,62
43058,Sales & Marketing,region_29,Bachelors,m,sourcing,1,41,3.0,9,0,0,45
50485,Analytics,region_22,Bachelors,m,other,2,32,2.0,3,1,0,85
46104,Technology,region_2,Bachelors,m,other,1,53,3.0,27,0,0,80
56990,Sales & Marketing,region_4,Bachelors,m,sourcing,2,30,3.0,2,0,0,50
71629,Procurement,region_2,Masters & above,m,other,1,36,3.0,3,1,0,67
46193,Finance,region_28,Masters & above,f,sourcing,1,32,4.0,7,0,0,58
8898,Sales & Marketing,region_30,Bachelors,m,sourcing,1,41,4.0,2,0,0,47
76216,Technology,region_29,Masters & above,m,sourcing,2,39,3.0,8,0,0,79
50014,Technology,region_14,Masters & above,m,sourcing,1,44,3.0,6,1,0,81
44136,Technology,region_2,Bachelors,m,sourcing,2,56,3.0,23,0,0,84
75054,Analytics,region_22,Bachelors,m,other,2,32,4.0,4,0,0,87
259,Sales & Marketing,region_33,Bachelors,m,sourcing,1,32,5.0,4,0,0,49
66645,Sales & Marketing,region_2,Bachelors,f,sourcing,1,49,5.0,9,0,0,54
28897,Technology,region_2,Bachelors,m,other,1,24,2.0,1,0,0,80
37478,Analytics,region_15,,m,other,1,28,3.0,2,0,0,82
5231,Analytics,region_28,Bachelors,m,other,1,29,5.0,2,1,0,84
20681,R&D,region_2,Bachelors,m,other,1,38,1.0,5,1,0,87
55765,Operations,region_2,Masters & above,f,other,1,57,1.0,6,0,0,65
5245,Sales & Marketing,region_2,Masters & above,f,other,1,35,3.0,5,1,0,51
17704,Sales & Marketing,region_26,Bachelors,m,sourcing,1,53,2.0,18,0,0,59
62506,Operations,region_10,Bachelors,m,other,3,30,5.0,4,1,0,64
45415,Technology,region_24,Bachelors,f,sourcing,1,26,5.0,2,1,0,83
16312,Analytics,region_26,Bachelors,m,sourcing,2,28,5.0,2,1,0,86
62478,HR,region_28,Masters & above,m,sourcing,1,34,5.0,7,0,0,48
63164,Analytics,region_22,Bachelors,m,sourcing,2,28,1.0,3,0,0,84
23022,Operations,region_4,Bachelors,f,sourcing,1,39,2.0,11,0,0,70
8839,Operations,region_22,Bachelors,m,other,1,28,5.0,5,1,0,61
34240,Sales & Marketing,region_9,Bachelors,m,sourcing,1,33,3.0,9,0,0,46
6013,Procurement,region_2,Bachelors,m,other,1,37,1.0,2,0,0,70
71150,Sales & Marketing,region_13,,m,other,1,23,3.0,2,0,0,53
22604,Operations,region_15,Bachelors,m,sourcing,1,29,3.0,2,0,0,56
74059,Technology,region_2,Bachelors,m,sourcing,1,42,3.0,12,0,0,79
19788,Procurement,region_17,Bachelors,m,other,1,45,4.0,12,0,0,64
30986,Procurement,region_2,Masters & above,f,sourcing,1,37,3.0,7,0,0,72
52250,Operations,region_13,Bachelors,m,sourcing,1,35,3.0,6,0,0,59
18537,Analytics,region_28,Masters & above,m,other,1,39,3.0,4,1,0,88
29960,Legal,region_2,Bachelors,m,sourcing,1,44,3.0,6,0,0,62
26900,Sales & Marketing,region_28,Bachelors,m,sourcing,2,35,3.0,8,0,0,48
42610,Operations,region_19,Masters & above,m,other,2,42,3.0,5,0,0,62
68979,Analytics,region_7,Bachelors,m,sourcing,1,38,2.0,5,0,0,82
1200,Sales & Marketing,region_12,Bachelors,m,other,1,34,4.0,7,0,0,50
1190,Finance,region_2,Bachelors,f,other,2,25,,1,1,0,55
33749,Analytics,region_22,Bachelors,m,sourcing,1,30,5.0,2,1,0,85
17887,Procurement,region_22,Bachelors,m,other,2,23,1.0,2,0,0,70
68588,Technology,region_22,Masters & above,f,other,1,32,1.0,8,0,0,76
56714,HR,region_2,Masters & above,f,other,1,49,3.0,3,1,0,45
42497,Operations,region_2,Bachelors,m,other,1,47,4.0,17,1,0,57
14467,Sales & Marketing,region_28,Masters & above,f,sourcing,1,33,4.0,7,0,0,50
26016,Technology,region_2,Bachelors,m,referred,3,26,5.0,3,1,0,82
53437,Procurement,region_29,Masters & above,m,sourcing,1,37,2.0,9,0,0,72
38588,Procurement,region_22,Masters & above,m,other,1,50,3.0,15,0,0,67
22934,Sales & Marketing,region_2,Bachelors,m,sourcing,2,28,2.0,6,0,0,47
63837,Operations,region_22,Below Secondary,m,sourcing,1,27,,1,0,0,61
43879,Technology,region_2,Masters & above,f,sourcing,1,44,3.0,5,1,0,81
14430,Sales & Marketing,region_34,Bachelors,m,sourcing,1,32,3.0,5,1,1,53
52507,Analytics,region_7,Bachelors,m,other,1,30,4.0,3,0,0,84
28852,Sales & Marketing,region_31,Bachelors,m,other,2,28,1.0,3,0,0,47
30694,Sales & Marketing,region_13,Masters & above,f,sourcing,1,39,1.0,4,0,0,52
35514,Sales & Marketing,region_7,Bachelors,m,other,1,54,5.0,10,1,0,47
69792,Sales & Marketing,region_2,Masters & above,f,sourcing,2,46,3.0,7,1,0,52
4855,HR,region_32,Below Secondary,m,sourcing,1,24,5.0,2,0,0,52
77247,Operations,region_22,Bachelors,m,sourcing,1,35,1.0,9,0,0,61
32894,HR,region_2,Masters & above,f,referred,1,40,5.0,14,0,0,46
54053,Finance,region_2,,f,sourcing,1,39,3.0,13,0,0,65
37675,HR,region_20,Bachelors,f,other,1,30,4.0,9,0,0,48
1394,Sales & Marketing,region_26,Masters & above,m,other,1,40,5.0,11,0,0,47
54102,Procurement,region_7,Masters & above,f,sourcing,1,38,5.0,7,1,0,74
672,Procurement,region_15,Bachelors,m,sourcing,1,39,4.0,11,1,0,68
23855,Operations,region_2,Bachelors,f,sourcing,1,38,5.0,4,1,0,60
46942,Operations,region_15,Bachelors,f,sourcing,2,32,4.0,5,0,0,70
21533,Operations,region_15,Bachelors,m,other,1,28,3.0,2,0,0,59
51036,Operations,region_26,Bachelors,m,other,1,34,3.0,9,0,0,60
49733,Technology,region_2,Bachelors,m,other,3,32,3.0,6,0,0,84
48790,R&D,region_26,Bachelors,m,other,1,29,4.0,2,1,0,85
53033,Analytics,region_7,Masters & above,m,other,1,33,3.0,7,0,0,84
36948,Procurement,region_7,Bachelors,m,other,1,23,3.0,2,0,0,72
71085,Legal,region_7,Bachelors,f,other,1,31,5.0,5,1,0,58
49749,HR,region_2,Masters & above,f,sourcing,1,36,4.0,4,0,0,51
77573,Sales & Marketing,region_26,Bachelors,m,sourcing,1,25,,1,0,0,49
41538,Sales & Marketing,region_22,,f,sourcing,1,28,3.0,2,0,0,45
17662,Sales & Marketing,region_13,Bachelors,m,other,1,30,5.0,2,1,0,51
27858,HR,region_31,Bachelors,f,other,1,36,3.0,4,0,0,54
75768,Operations,region_11,Masters & above,f,other,1,37,4.0,8,1,0,57
72502,Sales & Marketing,region_13,Bachelors,m,other,1,46,3.0,6,1,0,47
57801,Sales & Marketing,region_25,Bachelors,m,sourcing,1,36,3.0,8,0,0,49
45152,Sales & Marketing,region_22,Bachelors,m,other,1,51,4.0,13,0,0,49
55167,Sales & Marketing,region_23,Bachelors,m,other,1,40,3.0,5,0,0,56
18660,Operations,region_22,Bachelors,m,other,2,28,,1,1,0,62
66694,Sales & Marketing,region_15,Bachelors,m,other,1,49,4.0,2,0,0,52
73694,Sales & Marketing,region_15,Bachelors,f,other,1,34,1.0,7,1,0,48
10212,Procurement,region_2,Masters & above,f,sourcing,1,49,3.0,16,0,1,69
18370,Operations,region_31,Bachelors,m,sourcing,1,27,4.0,2,1,0,59
3461,Sales & Marketing,region_22,Bachelors,m,other,2,38,4.0,4,0,0,46
44732,Procurement,region_4,Masters & above,f,other,1,37,5.0,9,1,0,70
12033,Operations,region_22,Masters & above,m,other,1,29,5.0,5,1,0,62
71901,Technology,region_5,Bachelors,f,sourcing,1,33,4.0,3,0,0,82
64930,Operations,region_22,Masters & above,f,other,1,51,4.0,15,1,0,63
54623,Procurement,region_17,Masters & above,m,sourcing,1,51,3.0,3,1,0,66
36387,Sales & Marketing,region_16,Bachelors,m,other,1,28,3.0,5,1,0,45
57150,Operations,region_13,Bachelors,f,sourcing,1,29,,1,1,0,62
75619,Sales & Marketing,region_28,Bachelors,f,other,1,29,2.0,5,0,0,51
26166,Sales & Marketing,region_28,,m,sourcing,1,27,3.0,3,0,0,49
50065,HR,region_2,Masters & above,f,sourcing,1,40,3.0,8,0,0,50
56966,Sales & Marketing,region_2,Bachelors,m,other,1,41,4.0,4,1,0,53
74329,Legal,region_2,Below Secondary,f,sourcing,1,27,1.0,2,0,0,63
5916,Analytics,region_6,Bachelors,m,other,1,25,4.0,2,0,0,86
37157,Technology,region_2,Bachelors,m,other,1,43,4.0,2,1,0,76
15209,Finance,region_32,Bachelors,m,other,1,29,3.0,2,0,0,61
54884,R&D,region_2,Masters & above,m,other,1,33,5.0,7,1,0,79
50293,Sales & Marketing,region_2,Bachelors,m,other,1,58,4.0,27,0,0,50
42997,Operations,region_13,Bachelors,f,other,1,33,4.0,7,1,0,60
33582,Sales & Marketing,region_7,Bachelors,m,sourcing,1,28,1.0,4,0,0,48
3665,Sales & Marketing,region_27,Masters & above,m,sourcing,1,37,4.0,4,0,0,46
71780,Sales & Marketing,region_7,Bachelors,m,sourcing,1,30,5.0,2,1,0,47
63326,Procurement,region_2,Bachelors,m,sourcing,1,53,3.0,19,0,0,69
13796,Operations,region_8,,f,other,1,27,,1,0,0,62
49575,Sales & Marketing,region_22,Bachelors,m,referred,1,29,5.0,10,1,0,52
39814,Technology,region_15,Bachelors,m,other,1,34,2.0,9,0,0,73
25726,Technology,region_23,Bachelors,m,other,1,32,4.0,5,1,0,82
30513,Operations,region_19,Bachelors,m,other,1,31,3.0,6,1,0,66
33403,Sales & Marketing,region_7,Masters & above,m,other,1,37,4.0,10,0,0,49
66809,Technology,region_23,Bachelors,f,other,1,33,3.0,4,1,0,76
10350,Technology,region_15,Masters & above,m,other,2,37,5.0,3,1,0,79
62580,Operations,region_25,Bachelors,m,sourcing,1,35,3.0,7,0,1,78
47992,Operations,region_13,Masters & above,m,sourcing,3,38,4.0,6,1,0,66
55677,Technology,region_12,Bachelors,f,other,1,26,4.0,2,0,0,82
37122,Technology,region_2,Masters & above,f,sourcing,1,32,4.0,6,1,0,81
26270,Technology,region_15,Masters & above,m,sourcing,1,35,1.0,9,0,0,81
7266,Operations,region_32,Bachelors,m,sourcing,1,29,3.0,3,0,0,60
8755,Sales & Marketing,region_2,Masters & above,m,sourcing,1,46,5.0,6,1,0,50
36917,Sales & Marketing,region_31,Bachelors,m,other,1,31,3.0,4,0,0,52
42072,Operations,region_27,Masters & above,m,other,1,37,3.0,10,0,0,59
77658,R&D,region_30,Bachelors,m,sourcing,3,30,3.0,4,0,0,85
70625,Sales & Marketing,region_15,Masters & above,m,other,1,30,1.0,8,0,0,49
73081,Procurement,region_19,Bachelors,m,other,1,41,4.0,6,1,0,63
54642,Sales & Marketing,region_7,Bachelors,m,other,1,28,,1,1,0,52
32259,Finance,region_13,Bachelors,f,sourcing,1,28,4.0,5,0,0,61
61931,Operations,region_2,Bachelors,f,other,1,31,5.0,7,1,0,59
29134,Sales & Marketing,region_32,Bachelors,m,other,3,27,,1,0,0,50
51297,Sales & Marketing,region_26,Masters & above,m,other,1,44,5.0,5,1,0,50
49666,Procurement,region_7,Masters & above,m,other,1,39,5.0,6,1,0,69
76976,Technology,region_4,Bachelors,f,sourcing,1,46,3.0,3,1,0,79
65142,Procurement,region_7,Bachelors,m,sourcing,2,57,3.0,15,0,0,68
35325,Sales & Marketing,region_31,,m,other,1,32,2.0,3,0,0,48
24579,Sales & Marketing,region_13,Bachelors,m,other,1,49,3.0,6,1,0,53
25614,Sales & Marketing,region_13,Bachelors,f,sourcing,1,34,5.0,3,1,0,48
11621,Operations,region_22,Masters & above,f,other,1,50,4.0,15,1,0,58
38946,Operations,region_23,Bachelors,f,sourcing,1,30,3.0,5,0,0,58
43612,Sales & Marketing,region_14,Bachelors,m,other,1,35,1.0,9,0,0,49
868,Sales & Marketing,region_7,Bachelors,f,other,1,31,5.0,4,0,0,47
19643,Procurement,region_31,Bachelors,m,other,1,29,,1,0,0,67
26018,Operations,region_22,Bachelors,f,sourcing,1,38,4.0,7,0,0,60
54233,Technology,region_31,Bachelors,m,other,1,25,,1,0,0,76
25891,Operations,region_15,Bachelors,f,sourcing,1,31,5.0,2,1,0,63
73500,Analytics,region_9,Bachelors,m,other,1,28,,1,0,0,81
51897,Sales & Marketing,region_22,Bachelors,m,sourcing,1,28,1.0,4,0,0,51
62910,Technology,region_16,Bachelors,m,other,1,34,4.0,4,1,0,82
18387,HR,region_2,Bachelors,m,sourcing,1,33,5.0,8,0,0,52
8603,Procurement,region_13,Bachelors,m,other,1,26,4.0,5,1,0,70
52514,Sales & Marketing,region_22,Bachelors,m,sourcing,2,27,,1,1,0,50
32290,Procurement,region_22,Bachelors,f,sourcing,1,29,1.0,2,0,0,70
14899,Operations,region_15,Bachelors,m,other,1,35,4.0,9,1,0,60
30013,R&D,region_8,Bachelors,m,other,1,31,5.0,4,0,0,82
48028,Legal,region_31,Bachelors,m,sourcing,1,35,5.0,2,0,0,57
28371,Operations,region_2,Bachelors,m,sourcing,1,47,3.0,12,0,0,57
63169,Analytics,region_11,Bachelors,m,sourcing,1,27,5.0,6,0,0,89
40691,Technology,region_26,Masters & above,m,other,1,40,4.0,11,1,0,83
67508,Operations,region_11,Bachelors,f,other,1,27,,1,0,0,58
75945,Technology,region_10,Masters & above,f,other,1,31,3.0,3,0,0,82
24838,Operations,region_28,Masters & above,m,other,1,34,5.0,4,1,0,59
69446,Operations,region_2,Bachelors,f,other,1,47,1.0,6,0,0,61
77398,Legal,region_23,Masters & above,m,other,1,42,5.0,3,1,0,62
45839,Finance,region_2,Bachelors,m,other,1,59,4.0,6,0,0,58
22465,Sales & Marketing,region_15,Bachelors,m,sourcing,1,51,1.0,7,1,0,52
58042,Finance,region_31,Masters & above,m,other,1,32,1.0,5,0,0,58
25602,Sales & Marketing,region_12,Bachelors,m,sourcing,1,31,3.0,9,0,0,52
70778,Finance,region_30,Bachelors,m,sourcing,1,25,4.0,2,1,0,58
21933,Analytics,region_2,Bachelors,m,sourcing,2,39,2.0,5,0,0,84
64254,Sales & Marketing,region_14,Masters & above,m,sourcing,2,35,1.0,8,0,0,46
13438,Analytics,region_7,Bachelors,m,other,1,30,5.0,7,0,0,85
22242,Procurement,region_2,Below Secondary,m,other,1,20,,1,0,0,65
29330,Operations,region_22,Bachelors,m,sourcing,1,28,1.0,3,0,0,61
64293,Technology,region_13,Bachelors,f,sourcing,1,52,3.0,18,0,0,82
27661,R&D,region_22,Bachelors,m,other,1,29,4.0,2,1,0,87
67073,Sales & Marketing,region_13,Masters & above,m,sourcing,1,54,3.0,13,0,0,48
45745,Sales & Marketing,region_25,Masters & above,m,sourcing,1,35,1.0,4,1,0,53
5758,HR,region_2,Masters & above,f,other,1,34,4.0,3,1,0,52
28589,Operations,region_22,Bachelors,f,other,1,34,4.0,8,1,0,61
17082,Sales & Marketing,region_8,Bachelors,m,other,1,33,5.0,4,0,0,49
78243,Procurement,region_22,Masters & above,m,other,1,32,3.0,2,0,0,87
11600,Operations,region_4,Masters & above,f,other,1,40,3.0,4,1,0,59
62808,HR,region_2,Masters & above,m,sourcing,1,58,5.0,26,1,0,44
14507,Sales & Marketing,region_31,Masters & above,f,other,1,36,4.0,7,0,0,52
46883,Analytics,region_2,Masters & above,f,other,2,34,3.0,8,0,0,86
55377,Procurement,region_13,Bachelors,m,sourcing,1,32,4.0,6,0,0,76
60245,Sales & Marketing,region_16,Bachelors,m,sourcing,2,40,5.0,12,1,0,50
3109,Operations,region_7,Masters & above,m,sourcing,1,41,5.0,15,0,0,60
60318,HR,region_2,Masters & above,m,sourcing,1,54,3.0,2,0,0,48
65569,Sales & Marketing,region_16,Bachelors,m,sourcing,1,33,5.0,3,1,0,45
67031,Sales & Marketing,region_22,Masters & above,f,other,1,39,5.0,10,1,0,49
19500,Sales & Marketing,region_27,Bachelors,f,sourcing,1,24,,1,0,0,47
35881,Operations,region_23,Bachelors,m,other,3,37,3.0,9,1,0,58
63298,Procurement,region_22,Bachelors,f,other,1,29,,1,0,0,67
18722,Procurement,region_26,Masters & above,f,sourcing,1,41,2.0,6,0,0,70
21468,Sales & Marketing,region_7,Bachelors,m,other,1,43,4.0,11,0,0,45
50906,Technology,region_7,Bachelors,m,other,1,24,,1,0,0,76
27394,Operations,region_27,Bachelors,m,other,1,41,4.0,13,0,0,62
23765,Sales & Marketing,region_8,Bachelors,m,sourcing,1,29,,1,1,0,48
62805,Finance,region_7,Bachelors,m,sourcing,1,29,3.0,2,1,0,60
1673,Procurement,region_2,Bachelors,m,other,3,30,5.0,3,1,0,69
68757,Procurement,region_12,Bachelors,f,sourcing,1,29,3.0,5,0,0,65
7074,HR,region_22,Bachelors,f,other,1,32,1.0,2,0,0,52
73145,Sales & Marketing,region_2,Bachelors,m,other,2,33,5.0,2,0,0,48
46081,HR,region_7,Bachelors,m,other,2,30,3.0,2,0,0,51
11206,R&D,region_13,Masters & above,m,other,1,37,5.0,10,1,0,87
54259,Technology,region_30,Bachelors,m,other,1,32,3.0,3,0,0,80
75916,Operations,region_20,Bachelors,m,other,1,37,5.0,9,1,0,63
55545,Operations,region_10,Bachelors,m,other,1,32,4.0,6,0,0,61
74816,Operations,region_4,Masters & above,f,other,1,42,2.0,14,1,0,56
6326,Sales & Marketing,region_18,Bachelors,m,other,1,37,3.0,4,1,0,50
59815,Operations,region_13,Bachelors,m,other,1,49,5.0,18,0,0,56
7617,Finance,region_2,Bachelors,f,other,1,30,3.0,4,0,0,54
26857,Sales & Marketing,region_9,,m,other,1,32,3.0,7,0,0,51
30765,Operations,region_7,Bachelors,f,sourcing,1,29,4.0,4,1,0,55
7013,HR,region_31,Bachelors,m,sourcing,1,31,3.0,6,0,0,45
35569,Sales & Marketing,region_30,Bachelors,m,sourcing,1,44,4.0,3,0,0,47
24361,Finance,region_2,Bachelors,m,sourcing,1,34,1.0,3,0,0,62
58891,Sales & Marketing,region_34,Bachelors,m,other,1,27,2.0,4,0,0,51
7887,Technology,region_5,Bachelors,m,other,1,38,3.0,4,0,0,80
77112,Procurement,region_30,Bachelors,f,other,1,33,5.0,7,0,0,69
75662,Operations,region_22,Masters & above,m,other,1,38,5.0,4,1,0,62
7511,Operations,region_21,Bachelors,m,other,3,33,5.0,2,1,0,63
15188,Sales & Marketing,region_12,Bachelors,m,other,2,28,3.0,4,1,0,46
8441,Operations,region_22,Bachelors,m,sourcing,2,30,5.0,4,1,0,61
18704,Operations,region_4,Bachelors,f,sourcing,1,26,5.0,2,1,0,62
69490,Operations,region_8,,f,other,1,31,4.0,5,0,0,57
39748,Sales & Marketing,region_7,Bachelors,f,other,1,27,,1,0,0,49
71896,Sales & Marketing,region_25,Bachelors,m,sourcing,1,29,4.0,2,1,0,51
9584,HR,region_22,Bachelors,m,sourcing,1,30,4.0,3,1,0,50
62403,Analytics,region_22,Bachelors,m,other,1,27,4.0,4,1,0,81
64819,Operations,region_31,Bachelors,f,sourcing,2,33,3.0,5,0,0,58
38888,Procurement,region_25,Bachelors,m,sourcing,1,30,2.0,4,0,0,73
17319,Sales & Marketing,region_16,Bachelors,m,other,1,41,1.0,11,0,0,48
53850,Operations,region_26,Bachelors,m,sourcing,1,25,3.0,2,1,0,62
36566,Operations,region_2,Masters & above,m,other,1,33,4.0,5,1,0,57
40250,Procurement,region_2,Bachelors,m,sourcing,1,47,4.0,14,0,0,68
59212,Sales & Marketing,region_22,Bachelors,f,other,1,41,3.0,8,0,0,52
41282,Sales & Marketing,region_32,,m,other,1,26,,1,0,0,51
68406,Procurement,region_22,Masters & above,m,sourcing,1,43,4.0,3,0,0,72
61553,Operations,region_22,Masters & above,f,other,1,52,5.0,16,1,0,66
74104,Procurement,region_17,Bachelors,m,sourcing,2,32,3.0,6,0,0,67
48370,Sales & Marketing,region_2,Bachelors,m,other,2,34,4.0,3,1,0,51
15123,Sales & Marketing,region_22,Bachelors,m,other,3,33,3.0,8,0,0,53
77599,Sales & Marketing,region_10,Bachelors,m,other,1,36,5.0,3,0,0,57
43844,R&D,region_2,Masters & above,m,other,2,41,3.0,9,0,0,84
27288,Sales & Marketing,region_4,Masters & above,m,other,1,36,3.0,3,1,0,52
11341,Operations,region_26,Bachelors,f,other,1,26,4.0,2,0,0,63
19717,Analytics,region_11,Bachelors,m,sourcing,2,48,4.0,17,0,0,82
10748,Sales & Marketing,region_13,Bachelors,m,sourcing,1,27,5.0,3,0,0,59
6984,HR,region_22,Bachelors,f,other,1,27,5.0,3,0,0,48
13375,Operations,region_23,Masters & above,m,other,3,39,3.0,7,0,0,62
27369,Analytics,region_4,Masters & above,m,other,2,39,1.0,6,0,0,89
56444,Procurement,region_7,Bachelors,f,other,1,35,4.0,5,1,0,69
39738,Sales & Marketing,region_22,Bachelors,m,sourcing,1,45,2.0,4,0,0,50
51775,Operations,region_29,Bachelors,m,sourcing,1,32,3.0,5,0,0,58
61873,Operations,region_29,Bachelors,m,other,1,26,3.0,2,1,0,60
44213,Sales & Marketing,region_31,Bachelors,m,sourcing,1,30,4.0,6,0,0,48
5349,Operations,region_22,Masters & above,f,other,1,51,5.0,6,0,0,56
21819,Sales & Marketing,region_26,Masters & above,m,sourcing,1,45,5.0,11,0,0,48
20503,Sales & Marketing,region_2,Masters & above,m,other,1,49,3.0,6,0,0,50
4037,Procurement,region_34,Bachelors,m,other,1,30,5.0,5,1,0,65
49402,Sales & Marketing,region_15,Bachelors,m,other,1,35,4.0,7,0,0,50
76502,Sales & Marketing,region_25,Masters & above,m,other,1,32,2.0,5,0,0,48
31600,Sales & Marketing,region_10,Bachelors,m,other,1,28,5.0,3,0,0,47
67877,Analytics,region_26,Bachelors,m,other,2,25,3.0,3,0,0,85
69492,Sales & Marketing,region_2,Bachelors,f,other,1,26,5.0,2,0,0,46
25815,Sales & Marketing,region_7,Bachelors,m,sourcing,1,34,4.0,3,0,0,51
467,Sales & Marketing,region_29,Bachelors,m,sourcing,1,35,3.0,7,1,0,50
4324,Technology,region_27,Bachelors,m,other,1,32,5.0,2,0,0,89
3668,Sales & Marketing,region_7,,m,sourcing,1,25,5.0,2,0,0,69
9751,Sales & Marketing,region_21,Bachelors,m,other,2,26,,1,1,0,50
72629,Sales & Marketing,region_20,Bachelors,m,other,1,40,1.0,3,0,0,47
12027,Legal,region_26,Bachelors,m,other,1,33,4.0,3,0,0,59
56057,Operations,region_13,Bachelors,f,other,1,35,4.0,10,1,0,58
39561,Sales & Marketing,region_26,Bachelors,m,other,1,40,1.0,4,0,0,50
36570,Procurement,region_2,Bachelors,m,other,7,41,3.0,4,0,0,68
34291,R&D,region_22,Bachelors,m,other,1,30,4.0,6,1,0,85
2744,Legal,region_2,Bachelors,m,other,1,50,2.0,15,0,0,61
51710,Sales & Marketing,region_22,Masters & above,f,sourcing,2,37,3.0,3,1,0,49
69133,Operations,region_19,Bachelors,f,other,2,34,4.0,3,0,0,56
71749,Operations,region_7,Masters & above,m,sourcing,2,36,5.0,7,1,0,66
33088,Technology,region_7,Bachelors,m,sourcing,1,39,2.0,5,0,0,81
11139,Procurement,region_2,Bachelors,f,other,1,34,5.0,8,1,0,68
72216,Operations,region_11,Masters & above,m,sourcing,1,36,5.0,2,0,0,60
54995,Sales & Marketing,region_4,Bachelors,m,sourcing,1,30,3.0,3,0,0,52
28249,R&D,region_2,Masters & above,m,sourcing,1,37,1.0,8,0,0,83
5093,Procurement,region_33,Bachelors,m,other,1,30,4.0,6,0,0,71
24445,Technology,region_11,Masters & above,m,other,1,32,2.0,8,0,0,77
49529,Sales & Marketing,region_12,Bachelors,f,sourcing,1,29,,1,0,0,52
22972,Operations,region_15,Bachelors,m,other,1,48,3.0,9,0,0,61
6857,Sales & Marketing,region_25,Bachelors,m,sourcing,1,26,3.0,4,0,0,48
2459,Procurement,region_13,Masters & above,m,sourcing,1,33,5.0,8,1,0,68
24651,HR,region_7,Below Secondary,m,sourcing,1,26,5.0,4,1,0,48
22891,Sales & Marketing,region_10,Masters & above,m,other,1,31,3.0,2,0,0,59
60295,HR,region_2,Bachelors,f,sourcing,1,29,3.0,3,0,0,49
26024,Procurement,region_7,Masters & above,f,other,1,33,3.0,5,1,0,69
21280,Operations,region_2,Masters & above,m,other,1,50,2.0,9,0,0,59
23982,Sales & Marketing,region_2,Bachelors,f,other,3,43,3.0,5,0,0,51
3047,Sales & Marketing,region_27,Bachelors,m,other,1,35,2.0,7,0,0,47
44288,Procurement,region_28,Masters & above,m,sourcing,1,32,2.0,6,0,0,68
5948,Sales & Marketing,region_6,Bachelors,f,sourcing,1,29,2.0,2,0,0,46
2293,Finance,region_2,Masters & above,f,sourcing,1,34,3.0,7,0,0,62
39627,Finance,region_22,Masters & above,f,sourcing,1,34,5.0,8,1,0,62
5287,Sales & Marketing,region_2,Bachelors,m,sourcing,1,42,5.0,16,1,0,48
34981,Technology,region_22,Masters & above,f,other,2,47,4.0,17,1,0,78
52823,Procurement,region_2,Bachelors,m,sourcing,1,30,4.0,4,0,0,69
11351,Procurement,region_17,Masters & above,m,sourcing,1,41,4.0,12,1,0,71
11152,Procurement,region_17,Bachelors,m,sourcing,1,28,5.0,3,1,0,69
77035,Sales & Marketing,region_7,Bachelors,m,sourcing,1,45,4.0,9,0,0,53
12808,Sales & Marketing,region_22,,m,other,1,28,1.0,5,1,0,49
50719,Operations,region_31,Bachelors,f,other,1,35,5.0,5,1,1,58
46892,Analytics,region_6,Bachelors,m,other,1,40,3.0,15,0,0,88
62550,Sales & Marketing,region_2,Bachelors,m,other,1,31,3.0,9,1,0,53
67094,Procurement,region_10,Bachelors,m,other,1,29,1.0,3,0,0,71
19807,Technology,region_4,Masters & above,m,sourcing,1,31,5.0,6,1,0,83
24928,R&D,region_24,Masters & above,m,sourcing,1,30,3.0,4,0,0,82
32236,Sales & Marketing,region_2,Bachelors,m,sourcing,1,44,1.0,7,0,0,51
53198,Procurement,region_2,Masters & above,m,sourcing,1,48,3.0,2,0,0,74
15541,Technology,region_2,Masters & above,f,other,2,32,3.0,6,0,0,77
2238,Operations,region_30,Bachelors,m,other,5,26,3.0,2,0,0,56
74684,Sales & Marketing,region_22,Bachelors,m,sourcing,1,38,1.0,7,0,0,50
7885,Operations,region_13,Bachelors,m,sourcing,1,35,3.0,5,0,0,60
50642,Sales & Marketing,region_7,Masters & above,m,other,1,34,4.0,9,1,1,93
53533,Sales & Marketing,region_1,Masters & above,m,sourcing,1,30,2.0,2,0,0,49
19859,Procurement,region_11,Masters & above,f,other,1,38,5.0,4,1,0,67
23369,Sales & Marketing,region_31,Bachelors,f,sourcing,1,28,,1,0,0,54
21532,Analytics,region_2,,m,sourcing,1,40,1.0,6,0,0,80
33797,Sales & Marketing,region_22,Bachelors,m,sourcing,2,20,,1,1,0,46
3590,Analytics,region_28,Bachelors,m,sourcing,1,29,4.0,2,1,0,85
11328,Procurement,region_15,Masters & above,m,other,1,41,4.0,2,1,0,78
49853,HR,region_21,Bachelors,m,sourcing,1,30,4.0,9,1,0,44
18625,Operations,region_12,Bachelors,m,other,1,34,5.0,7,1,0,60
53505,Operations,region_7,Bachelors,m,other,1,40,5.0,10,1,0,61
36454,Operations,region_22,Masters & above,m,referred,2,37,4.0,10,1,0,61
55458,Operations,region_22,Bachelors,m,other,2,26,3.0,2,0,0,62
25438,Finance,region_13,Bachelors,f,other,1,25,3.0,2,0,0,58
69447,Procurement,region_6,Bachelors,f,sourcing,4,31,3.0,4,0,0,71
29100,Technology,region_5,Masters & above,f,other,1,30,3.0,7,0,0,79
53340,Finance,region_30,Bachelors,f,sourcing,1,27,,1,0,0,61
55664,Sales & Marketing,region_33,Bachelors,m,sourcing,2,33,1.0,7,1,0,48
56467,HR,region_11,Bachelors,f,sourcing,1,29,4.0,5,1,0,51
22811,Analytics,region_22,Bachelors,m,other,1,24,,1,0,0,81
12463,Sales & Marketing,region_23,Masters & above,m,sourcing,1,31,3.0,2,0,0,50
11219,Technology,region_7,Masters & above,f,sourcing,1,41,1.0,3,1,0,79
48132,Operations,region_8,Bachelors,f,sourcing,1,39,3.0,3,0,0,56
75902,Finance,region_16,Below Secondary,m,other,1,25,5.0,2,0,0,73
11204,Finance,region_20,Bachelors,m,sourcing,1,46,5.0,14,0,0,56
72083,Operations,region_15,Bachelors,f,other,1,33,5.0,9,1,0,97
77913,Operations,region_5,Bachelors,m,other,2,35,5.0,7,1,0,60
2683,Operations,region_2,Bachelors,f,other,1,43,4.0,2,0,0,61
23814,Finance,region_2,Masters & above,m,other,1,57,4.0,18,1,0,56
696,Operations,region_22,Bachelors,f,sourcing,2,27,1.0,2,1,0,64
7233,Procurement,region_24,Bachelors,f,sourcing,1,30,3.0,5,0,0,72
72489,Technology,region_2,Masters & above,m,other,1,47,4.0,10,0,0,79
27980,Sales & Marketing,region_17,Masters & above,m,other,1,38,3.0,9,0,0,50
59599,Procurement,region_26,Bachelors,f,other,1,35,3.0,2,1,0,89
70833,Analytics,region_2,Masters & above,m,other,2,52,3.0,7,1,0,80
4122,Sales & Marketing,region_26,,m,sourcing,1,35,3.0,8,0,0,50
72033,Sales & Marketing,region_26,Bachelors,m,sourcing,1,44,1.0,16,0,0,53
49433,Operations,region_4,Masters & above,f,sourcing,1,38,4.0,10,1,0,55
30515,Technology,region_2,Below Secondary,m,sourcing,1,24,,1,1,0,81
66808,Procurement,region_2,Bachelors,m,other,1,29,3.0,3,0,0,73
44286,Procurement,region_23,Masters & above,m,other,2,37,3.0,2,0,0,70
47682,Operations,region_22,Masters & above,f,other,1,49,3.0,2,0,0,62
36828,Sales & Marketing,region_2,,m,sourcing,1,49,5.0,6,0,0,46
30219,Sales & Marketing,region_13,Bachelors,m,other,1,26,5.0,2,0,0,49
73321,Sales & Marketing,region_28,,m,sourcing,1,34,3.0,8,0,0,45
43103,Sales & Marketing,region_4,Bachelors,m,other,1,35,4.0,2,1,0,51
1597,Sales & Marketing,region_23,Masters & above,f,sourcing,1,36,5.0,3,0,0,51
63177,Analytics,region_22,Bachelors,m,sourcing,2,26,4.0,3,0,0,86
66991,Procurement,region_2,Below Secondary,m,other,1,25,,1,1,0,70
49604,Procurement,region_15,Bachelors,m,sourcing,1,27,3.0,4,1,0,68
7375,Sales & Marketing,region_3,Bachelors,m,other,1,26,5.0,2,0,0,52
41372,Procurement,region_2,Masters & above,m,sourcing,1,44,5.0,10,1,0,71
38150,Sales & Marketing,region_2,Masters & above,f,other,1,42,5.0,4,1,0,50
24286,HR,region_2,Masters & above,f,other,1,40,3.0,10,0,0,49
50916,Procurement,region_22,Bachelors,m,other,1,23,4.0,2,0,0,70
36533,Analytics,region_32,Bachelors,f,other,1,30,5.0,2,1,0,80
15486,Sales & Marketing,region_12,Bachelors,m,other,1,31,4.0,4,0,0,49
44475,Sales & Marketing,region_26,Masters & above,m,sourcing,1,43,3.0,14,0,0,53
31635,Operations,region_2,Bachelors,m,other,2,30,4.0,3,1,0,57
11483,Operations,region_22,Masters & above,m,other,1,52,4.0,24,0,0,62
38257,Analytics,region_29,Bachelors,m,sourcing,2,31,3.0,7,0,0,83
70277,Sales & Marketing,region_19,Bachelors,f,other,1,37,5.0,10,0,0,45
60917,Procurement,region_2,Masters & above,f,referred,1,37,3.0,7,1,0,69
20914,Operations,region_2,Masters & above,m,other,1,57,5.0,6,1,0,56
49839,Analytics,region_7,Masters & above,m,sourcing,1,32,1.0,5,0,0,87
13300,Procurement,region_13,Bachelors,f,other,1,35,3.0,7,0,0,69
40889,HR,region_22,Bachelors,m,sourcing,1,28,,1,0,0,53
13997,Operations,region_2,Bachelors,m,sourcing,1,33,5.0,5,1,0,56
34800,Operations,region_22,Masters & above,m,sourcing,1,57,3.0,26,0,0,58
11638,Operations,region_14,Bachelors,f,other,1,32,4.0,5,0,0,62
40055,Finance,region_22,Bachelors,m,other,1,27,1.0,1,1,0,62
18983,Operations,region_31,Bachelors,f,other,1,32,5.0,7,1,0,64
24077,Sales & Marketing,region_27,Bachelors,m,sourcing,2,31,5.0,5,1,0,50
40736,Sales & Marketing,region_2,Bachelors,m,sourcing,2,41,1.0,14,0,0,50
70482,Sales & Marketing,region_28,Masters & above,m,other,1,38,2.0,4,1,0,47
43278,Operations,region_7,Bachelors,f,other,1,38,4.0,10,0,0,63
63683,Technology,region_31,Bachelors,f,other,2,33,3.0,6,0,0,78
52640,Operations,region_2,Bachelors,m,sourcing,1,40,3.0,3,1,1,59
75457,Technology,region_7,Bachelors,f,other,1,26,,1,0,0,78
33241,Procurement,region_7,Bachelors,m,other,1,33,1.0,9,0,0,73
2141,Sales & Marketing,region_22,Bachelors,m,sourcing,1,41,3.0,12,0,0,46
42168,Procurement,region_15,Bachelors,m,other,1,34,5.0,9,0,0,69
72398,Legal,region_15,Bachelors,m,other,1,30,3.0,4,0,0,63
31854,Operations,region_4,Bachelors,m,sourcing,1,26,,1,0,0,58
23150,Operations,region_4,Bachelors,f,sourcing,1,27,5.0,2,0,0,63
26949,Analytics,region_22,Bachelors,m,other,1,34,2.0,3,0,0,84
20952,Procurement,region_2,Masters & above,f,sourcing,1,36,5.0,3,1,0,70
61299,Operations,region_4,Bachelors,m,other,1,29,3.0,3,0,0,97
77774,Operations,region_5,Masters & above,f,other,1,37,1.0,9,0,0,61
27666,Sales & Marketing,region_25,Bachelors,m,sourcing,1,31,5.0,7,1,0,50
63674,Procurement,region_14,Masters & above,f,other,1,35,5.0,6,0,0,75
76400,Sales & Marketing,region_2,Bachelors,m,other,1,42,5.0,13,0,0,51
60745,Sales & Marketing,region_2,Bachelors,m,other,1,33,3.0,6,1,0,51
1145,Operations,region_31,Bachelors,f,other,1,27,4.0,3,0,0,60
42180,Analytics,region_7,Bachelors,m,sourcing,1,30,5.0,5,1,0,83
52138,Analytics,region_16,Bachelors,m,other,1,28,3.0,4,0,0,83
65487,Operations,region_26,Bachelors,m,other,1,38,5.0,5,1,0,54
6034,Procurement,region_7,Masters & above,f,sourcing,2,36,3.0,2,1,0,69
25406,Analytics,region_30,Bachelors,m,other,1,34,,1,1,0,82
13644,Operations,region_20,Masters & above,f,other,1,35,5.0,10,1,0,68
25286,Sales & Marketing,region_5,Bachelors,m,sourcing,1,48,3.0,14,1,0,52
52983,Analytics,region_22,Bachelors,f,other,1,27,5.0,3,1,0,84
29816,Technology,region_2,Bachelors,m,other,1,47,3.0,5,0,0,76
69943,Analytics,region_22,Bachelors,m,sourcing,2,30,4.0,2,0,0,82
19578,Sales & Marketing,region_8,Bachelors,m,sourcing,1,29,4.0,4,0,0,53
37369,Technology,region_6,Bachelors,m,other,1,28,3.0,5,0,0,80
28711,Finance,region_15,Bachelors,m,other,1,30,5.0,7,1,0,54
61854,Operations,region_31,Bachelors,m,sourcing,1,33,3.0,3,0,0,62
33606,Sales & Marketing,region_15,Masters & above,m,other,1,40,5.0,6,0,0,48
53151,Operations,region_20,Bachelors,m,other,1,33,3.0,7,1,1,62
27667,HR,region_31,Bachelors,f,sourcing,1,30,3.0,5,0,0,49
77475,Procurement,region_15,Masters & above,m,other,2,41,2.0,2,0,0,72
33284,HR,region_22,Bachelors,m,other,1,31,1.0,4,0,0,52
18140,Sales & Marketing,region_28,,m,other,1,29,,1,0,0,49
52781,Sales & Marketing,region_22,Bachelors,m,sourcing,2,27,5.0,2,1,0,51
15370,Finance,region_23,Masters & above,m,other,1,39,3.0,10,1,0,55
15702,Sales & Marketing,region_19,Bachelors,m,sourcing,1,39,1.0,7,0,0,48
341,Procurement,region_7,Bachelors,f,other,1,29,1.0,4,0,0,70
46671,Operations,region_16,Bachelors,f,other,1,25,,1,0,0,64
12577,Operations,region_2,Bachelors,m,other,1,37,5.0,3,0,0,65
5589,Technology,region_13,Masters & above,f,sourcing,1,33,2.0,8,0,0,80
29147,Operations,region_7,Masters & above,m,other,1,44,4.0,7,0,0,55
30961,Procurement,region_7,Bachelors,m,other,1,36,1.0,3,0,0,68
5997,Sales & Marketing,region_2,Bachelors,m,sourcing,3,27,3.0,5,0,0,49
50521,Operations,region_23,Masters & above,m,other,1,43,1.0,5,0,0,58
46692,Sales & Marketing,region_2,Masters & above,m,other,1,48,4.0,5,0,0,49
36186,Procurement,region_17,Bachelors,f,sourcing,2,39,4.0,2,0,0,68
48540,HR,region_22,Masters & above,f,other,1,31,5.0,4,0,0,59
55673,Sales & Marketing,region_28,Masters & above,f,other,1,32,2.0,3,0,0,52
13957,Sales & Marketing,region_23,Bachelors,m,other,2,34,1.0,9,0,0,51
77273,Sales & Marketing,region_2,,f,other,1,23,,1,1,0,49
20058,Procurement,region_2,Bachelors,m,other,3,36,2.0,7,0,0,72
16145,Sales & Marketing,region_7,Bachelors,m,other,1,36,3.0,10,0,0,51
10619,Finance,region_2,Bachelors,m,other,1,38,3.0,7,0,0,60
59944,Sales & Marketing,region_15,Bachelors,f,sourcing,1,28,3.0,5,0,0,50
8743,Finance,region_31,Bachelors,m,other,1,31,4.0,2,0,0,60
72483,Sales & Marketing,region_11,Bachelors,m,other,1,24,1.0,2,0,0,47
75826,Sales & Marketing,region_7,Masters & above,m,other,3,39,1.0,10,0,0,51
16272,Sales & Marketing,region_11,Masters & above,m,other,1,33,4.0,8,0,0,53
36262,Analytics,region_22,Bachelors,m,other,3,27,5.0,3,1,0,83
13192,Operations,region_22,Masters & above,m,sourcing,1,49,5.0,18,0,0,56
50448,Operations,region_29,Masters & above,f,other,1,36,3.0,3,0,0,59
37402,Operations,region_7,Bachelors,m,sourcing,1,31,4.0,7,1,0,60
38933,Finance,region_31,Bachelors,m,sourcing,1,29,3.0,5,0,0,59
60738,Technology,region_13,Bachelors,m,sourcing,1,36,3.0,7,0,0,86
51514,Procurement,region_13,Masters & above,f,sourcing,1,35,3.0,6,1,0,70
18319,Sales & Marketing,region_2,Bachelors,f,other,1,35,1.0,9,0,0,53
46038,Operations,region_2,Bachelors,m,sourcing,1,45,2.0,14,0,0,54
75983,Operations,region_6,Bachelors,f,other,1,45,4.0,16,0,0,58
21010,Sales & Marketing,region_11,Bachelors,m,sourcing,1,32,2.0,6,0,0,46
34891,Operations,region_29,Bachelors,m,other,1,30,1.0,7,0,0,58
36263,Analytics,region_22,Bachelors,m,sourcing,1,29,2.0,5,1,0,84
34268,Sales & Marketing,region_32,Bachelors,m,sourcing,2,34,4.0,3,1,0,50
30851,Analytics,region_7,Bachelors,m,other,1,30,5.0,4,1,0,83
66983,Sales & Marketing,region_25,Bachelors,m,other,4,30,2.0,5,1,0,52
11001,Sales & Marketing,region_12,Bachelors,m,sourcing,1,27,5.0,2,0,0,50
76046,Sales & Marketing,region_9,Bachelors,m,sourcing,1,34,5.0,4,0,0,50
58374,HR,region_2,Below Secondary,m,sourcing,1,23,,1,0,0,49
55560,Analytics,region_29,Bachelors,m,other,1,40,3.0,7,1,0,87
67145,Procurement,region_2,Bachelors,m,other,2,28,4.0,2,0,0,69
15980,Technology,region_2,Bachelors,f,other,1,39,5.0,7,1,0,79
35336,Technology,region_2,,m,sourcing,2,41,3.0,7,0,0,82
54548,Sales & Marketing,region_2,Bachelors,f,sourcing,2,29,2.0,1,0,0,50
17214,Analytics,region_31,Bachelors,m,other,2,27,5.0,4,1,0,78
15616,Operations,region_15,Bachelors,m,other,1,33,3.0,5,1,0,60
42071,Finance,region_13,Bachelors,m,other,1,29,4.0,7,0,0,58
870,Sales & Marketing,region_10,Masters & above,m,other,2,37,1.0,6,0,0,52
73832,HR,region_23,Bachelors,m,sourcing,1,30,5.0,4,0,0,51
48687,Legal,region_22,Bachelors,m,other,1,34,5.0,5,1,0,57
53513,Legal,region_2,Bachelors,m,other,1,35,3.0,3,0,0,56
42617,Finance,region_15,Bachelors,m,other,1,39,2.0,10,0,0,63
976,Procurement,region_2,Bachelors,m,other,3,30,1.0,8,0,0,70
57181,R&D,region_15,Bachelors,m,other,1,34,3.0,8,0,0,86
65911,Technology,region_26,Bachelors,f,other,1,33,3.0,7,0,0,80
72464,Sales & Marketing,region_14,,m,other,1,32,1.0,7,0,0,49
13793,Procurement,region_7,Below Secondary,f,sourcing,1,25,2.0,2,1,0,72
12050,Sales & Marketing,region_16,Bachelors,m,other,1,49,2.0,24,0,0,48
42954,Procurement,region_22,Bachelors,m,other,7,31,3.0,4,0,0,69
31973,Sales & Marketing,region_2,Bachelors,m,other,1,51,1.0,11,0,0,53
19278,Legal,region_2,Masters & above,f,other,1,46,3.0,12,0,0,53
36797,Operations,region_7,Bachelors,f,sourcing,1,34,4.0,7,1,0,58
16663,Sales & Marketing,region_15,Bachelors,m,sourcing,1,33,5.0,6,1,0,50
7610,Technology,region_7,Masters & above,f,sourcing,3,31,5.0,3,0,0,82
68323,Operations,region_6,Bachelors,m,sourcing,3,27,3.0,4,0,0,74
65191,Procurement,region_10,Masters & above,m,other,1,37,3.0,5,1,0,74
75089,HR,region_31,Masters & above,m,other,1,33,2.0,5,0,0,50
16556,Sales & Marketing,region_4,Bachelors,m,other,1,28,1.0,3,0,0,45
74577,Procurement,region_2,Masters & above,m,other,1,48,3.0,14,0,0,74
45044,HR,region_2,Below Secondary,f,other,1,24,,1,0,0,52
36684,Sales & Marketing,region_13,Bachelors,m,sourcing,1,31,5.0,7,1,0,48
22109,Procurement,region_15,Bachelors,f,other,1,38,4.0,10,0,0,72
11116,Sales & Marketing,region_2,,m,sourcing,1,38,3.0,9,0,0,49
77923,Procurement,region_21,Bachelors,f,other,1,28,,1,0,0,72
25542,Technology,region_2,Below Secondary,m,other,1,23,,1,1,0,81
37021,HR,region_15,Bachelors,f,sourcing,1,33,5.0,5,0,0,48
20449,Finance,region_27,Bachelors,m,sourcing,1,27,1.0,4,0,0,55
30915,Operations,region_13,Masters & above,f,other,1,38,3.0,7,0,0,57
67517,Sales & Marketing,region_28,Bachelors,m,other,1,33,3.0,7,1,0,51
35446,Sales & Marketing,region_2,Bachelors,m,other,2,44,2.0,12,0,0,46
54120,Sales & Marketing,region_22,Bachelors,f,other,1,30,2.0,4,0,0,46
19001,Analytics,region_29,Bachelors,m,sourcing,1,40,4.0,7,1,0,80
39297,HR,region_2,Bachelors,f,other,1,30,1.0,4,0,0,51
50768,Procurement,region_7,Masters & above,f,sourcing,3,49,3.0,11,0,0,72
18156,Procurement,region_4,Masters & above,m,other,1,41,5.0,9,1,0,71
15149,Operations,region_15,Bachelors,m,other,1,46,5.0,18,1,0,59
7143,Sales & Marketing,region_20,Masters & above,m,sourcing,1,45,5.0,7,0,1,50
11773,Sales & Marketing,region_28,Bachelors,m,sourcing,2,28,4.0,3,0,0,48
1744,Sales & Marketing,region_25,Masters & above,m,sourcing,1,43,5.0,4,1,0,46
39257,Operations,region_7,Masters & above,f,sourcing,1,35,5.0,3,1,1,87
42373,R&D,region_2,Bachelors,m,sourcing,1,45,5.0,6,1,0,84
9412,R&D,region_2,Bachelors,f,other,1,33,3.0,3,0,0,86
26873,Procurement,region_16,Bachelors,f,other,1,34,4.0,3,0,0,80
52878,Legal,region_2,Bachelors,m,other,1,27,,1,1,0,61
60143,Procurement,region_13,Bachelors,f,other,1,35,3.0,7,1,0,62
952,Operations,region_22,Bachelors,f,sourcing,3,35,5.0,9,1,0,60
31619,Technology,region_2,Masters & above,f,sourcing,1,52,1.0,18,0,0,83
7310,Finance,region_31,Bachelors,m,sourcing,1,27,,1,0,0,58
58476,R&D,region_11,Masters & above,m,sourcing,1,28,2.0,2,1,0,81
20715,Analytics,region_32,Bachelors,m,other,1,29,4.0,5,0,0,86
24135,Finance,region_32,Bachelors,m,other,1,29,1.0,2,0,0,61
20137,Sales & Marketing,region_7,Bachelors,m,other,1,29,3.0,5,1,0,53
77964,HR,region_2,Below Secondary,f,sourcing,1,24,,1,1,0,52
314,Analytics,region_8,Bachelors,m,sourcing,1,35,2.0,5,0,0,89
26607,Operations,region_12,Bachelors,f,sourcing,1,24,,1,0,0,60
1960,Sales & Marketing,region_7,Masters & above,f,sourcing,1,33,5.0,8,1,0,51
55588,Technology,region_7,Bachelors,m,referred,1,28,5.0,3,0,0,76
39348,Operations,region_27,Bachelors,f,sourcing,1,35,4.0,8,0,1,59
15882,HR,region_22,Bachelors,f,sourcing,1,28,1.0,2,1,0,53
50975,Sales & Marketing,region_22,Masters & above,m,sourcing,1,41,4.0,11,0,0,48
16783,Operations,region_31,Masters & above,m,sourcing,3,39,3.0,11,1,0,60
10651,Sales & Marketing,region_22,Masters & above,m,sourcing,1,44,5.0,16,1,0,49
2662,Analytics,region_26,,m,sourcing,1,27,,1,1,0,84
36203,Analytics,region_11,Masters & above,m,sourcing,1,35,4.0,8,0,0,84
66386,Sales & Marketing,region_28,Masters & above,m,other,1,45,4.0,6,1,0,48
3954,Sales & Marketing,region_7,Bachelors,m,other,1,39,1.0,3,0,0,46
43688,Technology,region_7,Masters & above,m,sourcing,1,37,1.0,6,0,0,78
11739,Procurement,region_24,Bachelors,f,other,1,25,,1,0,0,67
35592,Sales & Marketing,region_2,,m,other,1,44,1.0,4,0,0,50
25278,Sales & Marketing,region_2,Masters & above,m,other,3,52,3.0,17,0,0,43
37595,Analytics,region_29,,m,sourcing,1,28,2.0,3,0,0,87
610,Sales & Marketing,region_16,Bachelors,m,other,1,26,5.0,3,1,0,52
6589,Operations,region_20,Bachelors,m,other,1,37,5.0,9,0,0,62
67541,Sales & Marketing,region_2,Bachelors,f,other,2,33,5.0,6,0,0,51
14696,Operations,region_19,Bachelors,m,sourcing,1,29,4.0,5,0,0,62
77166,Technology,region_2,Bachelors,f,other,1,50,5.0,19,1,0,80
30799,Operations,region_5,Bachelors,f,other,1,25,2.0,3,0,0,62
31518,Technology,region_14,Masters & above,f,other,1,34,4.0,6,1,0,76
6264,Procurement,region_26,Bachelors,m,other,2,39,3.0,11,0,0,71
73839,Sales & Marketing,region_13,Bachelors,m,other,1,38,5.0,9,1,0,49
17117,Sales & Marketing,region_23,Bachelors,m,other,1,33,5.0,5,0,0,47
41160,Finance,region_20,Bachelors,m,sourcing,2,28,3.0,3,0,0,54
35052,Procurement,region_12,Bachelors,f,other,1,29,4.0,9,0,0,72
61072,Analytics,region_21,Bachelors,m,sourcing,1,32,2.0,9,0,0,85
19595,Sales & Marketing,region_2,Bachelors,f,other,1,31,3.0,4,1,1,51
55562,Technology,region_6,Bachelors,f,other,1,31,3.0,5,0,0,82
56842,Sales & Marketing,region_5,Bachelors,m,other,1,35,3.0,5,0,0,51
62529,Procurement,region_6,Bachelors,m,other,1,31,3.0,7,0,0,68
72867,Sales & Marketing,region_13,Bachelors,m,sourcing,1,40,3.0,12,0,0,51
18600,Technology,region_2,Masters & above,m,referred,1,34,3.0,7,0,0,77
58271,Sales & Marketing,region_8,Bachelors,m,sourcing,1,35,5.0,8,1,0,49
51869,Sales & Marketing,region_22,Bachelors,m,sourcing,3,26,1.0,3,0,0,49
68761,Analytics,region_28,Bachelors,m,other,2,32,3.0,6,0,0,81
59630,Sales & Marketing,region_31,Bachelors,m,other,1,26,,1,0,0,52
40478,Operations,region_29,Masters & above,m,other,1,39,3.0,2,0,0,63
69176,Operations,region_4,Masters & above,m,other,1,42,4.0,4,0,0,60
25335,Procurement,region_2,Masters & above,f,other,1,60,2.0,9,0,0,71
35589,Sales & Marketing,region_2,Bachelors,m,other,1,57,1.0,7,0,0,51
2097,Operations,region_15,Bachelors,m,sourcing,1,38,5.0,4,0,0,56
36365,Procurement,region_4,Masters & above,m,sourcing,1,48,5.0,3,1,0,73
63565,Technology,region_2,Masters & above,m,sourcing,1,38,4.0,8,1,0,76
34298,HR,region_17,Masters & above,f,other,1,37,5.0,5,1,0,51
34580,Sales & Marketing,region_2,Bachelors,m,other,1,33,4.0,7,1,0,50
12450,Technology,region_22,Bachelors,m,referred,1,32,3.0,6,1,0,82
27430,Sales & Marketing,region_7,Bachelors,f,sourcing,1,30,4.0,5,0,0,46
53961,Technology,region_2,Bachelors,f,other,2,37,4.0,7,0,0,76
72040,Legal,region_4,Bachelors,m,sourcing,1,30,5.0,3,1,0,58
3270,Procurement,region_5,Bachelors,m,other,1,37,5.0,8,0,0,67
23082,Sales & Marketing,region_25,Masters & above,f,sourcing,1,35,3.0,3,0,0,52
18407,Sales & Marketing,region_13,,m,other,1,22,3.0,1,0,0,47
44636,Finance,region_13,Bachelors,m,sourcing,1,25,,1,0,0,64
54927,HR,region_2,Bachelors,f,sourcing,1,30,3.0,4,1,0,49
26200,R&D,region_22,Masters & above,m,other,1,30,2.0,6,0,0,86
49398,Sales & Marketing,region_13,Bachelors,f,sourcing,2,34,3.0,4,1,0,47
27794,Analytics,region_22,Bachelors,m,other,1,30,1.0,3,0,0,82
40731,HR,region_2,Masters & above,f,sourcing,1,43,3.0,2,1,0,49
3720,Sales & Marketing,region_2,,m,sourcing,1,36,5.0,4,1,0,49
49464,Operations,region_7,Masters & above,m,other,1,36,3.0,10,1,0,58
65460,Technology,region_2,Masters & above,m,other,1,58,1.0,5,0,0,77
33039,Finance,region_2,Masters & above,m,other,1,34,5.0,10,0,0,56
9505,Technology,region_22,Bachelors,f,sourcing,1,29,,1,1,0,80
23338,Sales & Marketing,region_26,Bachelors,m,other,1,28,4.0,4,0,0,50
54286,Operations,region_15,Bachelors,m,sourcing,1,52,4.0,13,0,0,63
55594,Procurement,region_13,Bachelors,m,other,1,53,3.0,12,0,0,72
29919,Sales & Marketing,region_7,Bachelors,f,sourcing,4,28,,1,0,0,54
54085,Procurement,region_17,Masters & above,m,sourcing,1,56,3.0,18,0,0,69
57673,Technology,region_2,Bachelors,m,sourcing,1,31,1.0,5,0,0,84
47274,Sales & Marketing,region_2,Bachelors,m,other,2,60,3.0,10,0,0,54
25791,Sales & Marketing,region_22,,f,other,3,27,3.0,3,0,0,51
25912,Operations,region_26,Bachelors,f,sourcing,1,28,4.0,4,0,0,65
5862,Analytics,region_17,Bachelors,m,sourcing,2,37,4.0,10,0,0,89
7055,Sales & Marketing,region_7,,m,sourcing,1,23,,1,0,0,58
41847,Technology,region_2,Bachelors,f,sourcing,1,28,3.0,1,0,0,80
3118,Procurement,region_2,Masters & above,f,sourcing,1,52,1.0,23,0,0,72
4917,Technology,region_2,Masters & above,f,sourcing,1,33,5.0,10,1,0,83
50505,Operations,region_31,Bachelors,m,other,1,30,1.0,4,0,0,60
47047,Sales & Marketing,region_30,Bachelors,m,other,1,28,5.0,2,1,0,49
74223,Finance,region_19,Bachelors,m,sourcing,1,27,2.0,2,0,0,60
60651,Finance,region_11,Bachelors,m,other,2,38,1.0,12,0,0,59
68296,Sales & Marketing,region_13,Bachelors,m,sourcing,1,34,5.0,5,0,0,54
62331,Sales & Marketing,region_22,Masters & above,f,other,1,33,4.0,8,0,0,51
67224,Sales & Marketing,region_2,,f,other,2,22,,1,0,0,51
126,Technology,region_7,Bachelors,f,sourcing,2,32,,1,1,0,82
71340,Analytics,region_20,Bachelors,m,sourcing,1,31,,1,0,0,89
19292,Operations,region_13,Masters & above,m,other,1,41,3.0,4,0,0,60
14407,Operations,region_6,Bachelors,m,other,1,32,5.0,4,1,0,62
78261,Sales & Marketing,region_22,,m,sourcing,3,27,1.0,2,0,0,50
59669,Sales & Marketing,region_2,,f,sourcing,1,54,2.0,9,0,0,48
69150,Sales & Marketing,region_2,Bachelors,f,other,1,42,1.0,13,0,0,52
44355,Technology,region_31,Masters & above,m,sourcing,1,40,1.0,2,1,0,78
16159,Operations,region_15,Masters & above,f,sourcing,1,43,4.0,7,0,0,65
42966,Legal,region_16,Bachelors,m,other,1,32,5.0,2,1,0,56
57301,Procurement,region_2,Bachelors,m,sourcing,2,43,3.0,14,1,0,69
59236,Technology,region_7,Bachelors,m,other,1,30,3.0,9,0,0,79
6337,Procurement,region_22,Bachelors,m,other,1,26,5.0,5,0,0,70
75088,Analytics,region_30,Bachelors,m,other,1,29,3.0,2,0,0,84
63206,Procurement,region_7,Masters & above,f,sourcing,1,38,1.0,6,0,0,67
24634,HR,region_7,Masters & above,m,other,1,39,5.0,9,1,0,47
74439,Technology,region_31,Bachelors,m,referred,1,31,3.0,4,1,0,75
19494,Sales & Marketing,region_26,Bachelors,m,other,1,41,3.0,6,0,0,47
34157,Sales & Marketing,region_16,Bachelors,f,sourcing,1,40,5.0,6,0,0,53
57482,Analytics,region_34,Bachelors,m,other,1,27,3.0,3,1,0,80
52709,Operations,region_2,Bachelors,m,other,1,40,3.0,9,0,0,60
68220,HR,region_27,Bachelors,m,sourcing,1,34,5.0,4,0,0,52
51464,Procurement,region_26,Bachelors,m,sourcing,1,33,3.0,7,0,0,81
61450,Technology,region_7,Masters & above,m,other,2,36,3.0,8,0,0,74
57517,Operations,region_12,Bachelors,f,other,1,27,4.0,4,0,0,60
56247,Technology,region_27,Bachelors,m,other,1,26,,1,0,0,73
14994,Sales & Marketing,region_2,Masters & above,m,sourcing,1,40,4.0,6,0,0,48
6609,Technology,region_5,Masters & above,m,other,3,33,3.0,4,1,0,82
56665,Sales & Marketing,region_2,Bachelors,f,other,1,42,5.0,2,0,0,65
1094,Operations,region_21,Bachelors,f,other,1,30,4.0,6,1,0,58
32318,Sales & Marketing,region_2,Bachelors,f,sourcing,1,35,5.0,7,0,0,61
9672,Sales & Marketing,region_34,Bachelors,m,other,1,35,3.0,7,0,0,42
13324,Operations,region_2,Bachelors,m,other,1,50,5.0,5,0,1,70
46634,Technology,region_2,Masters & above,m,sourcing,1,34,4.0,3,1,0,77
76856,Sales & Marketing,region_11,Bachelors,m,sourcing,1,37,3.0,7,1,0,53
15601,Procurement,region_2,Masters & above,f,referred,1,38,3.0,5,1,0,68
32231,Procurement,region_4,Masters & above,m,sourcing,1,31,2.0,8,0,0,71
6267,Sales & Marketing,region_26,,m,other,1,25,1.0,2,0,0,51
76465,HR,region_13,Bachelors,m,sourcing,1,27,3.0,3,0,0,47
1589,Sales & Marketing,region_10,Masters & above,m,sourcing,1,38,5.0,9,0,0,52
21184,Technology,region_15,Bachelors,m,sourcing,1,30,1.0,6,0,0,82
40949,Analytics,region_6,Bachelors,m,other,2,30,5.0,6,1,0,89
66963,R&D,region_22,Bachelors,m,sourcing,1,32,3.0,5,0,0,87
37796,Technology,region_26,Bachelors,m,sourcing,1,37,2.0,4,0,0,76
36433,Operations,region_15,Masters & above,m,sourcing,1,49,3.0,17,1,0,64
32804,Sales & Marketing,region_16,Bachelors,f,other,1,40,1.0,6,0,0,48
35253,Sales & Marketing,region_11,Bachelors,m,other,1,40,1.0,9,0,0,46
19965,Analytics,region_23,Masters & above,m,other,2,37,5.0,8,0,0,79
36730,Technology,region_31,Bachelors,f,sourcing,1,27,,1,1,0,85
12401,Operations,region_2,Bachelors,f,other,1,48,5.0,17,0,1,94
12289,Analytics,region_2,Bachelors,m,other,1,31,1.0,5,0,0,83
17382,Analytics,region_31,Bachelors,m,other,2,34,4.0,5,0,0,86
36620,Sales & Marketing,region_22,Bachelors,m,other,1,28,5.0,2,0,0,47
71097,Sales & Marketing,region_13,Bachelors,m,sourcing,1,26,,1,1,0,48
2488,Operations,region_2,Masters & above,f,sourcing,1,42,4.0,8,1,0,58
74741,Sales & Marketing,region_31,Bachelors,f,sourcing,1,27,5.0,3,0,0,48
76559,Sales & Marketing,region_26,Bachelors,m,sourcing,1,32,4.0,6,0,0,48
36423,Operations,region_27,Masters & above,m,other,1,42,3.0,5,0,0,66
51295,Operations,region_22,Masters & above,f,other,2,41,5.0,8,0,0,71
34681,R&D,region_2,Masters & above,m,other,1,45,3.0,5,0,0,86
72748,Technology,region_16,Bachelors,f,other,1,27,4.0,4,0,0,81
35593,Technology,region_26,Bachelors,f,other,1,34,1.0,5,1,0,80
24897,Analytics,region_15,Bachelors,m,other,2,30,3.0,10,0,0,80
7551,Technology,region_13,Bachelors,m,other,2,37,2.0,4,0,0,83
2600,Technology,region_13,Masters & above,f,other,1,31,4.0,4,0,0,81
29644,Sales & Marketing,region_11,Bachelors,m,sourcing,2,37,3.0,2,0,0,49
48672,R&D,region_7,Masters & above,f,other,1,37,5.0,8,0,0,88
11911,Finance,region_15,Bachelors,m,sourcing,1,27,2.0,3,0,0,61
1794,Procurement,region_8,Masters & above,f,other,1,39,1.0,9,0,0,66
9582,Sales & Marketing,region_2,Bachelors,m,other,3,39,5.0,9,1,0,48
16378,HR,region_31,Bachelors,f,sourcing,1,27,3.0,4,0,0,51
34845,Procurement,region_26,Masters & above,f,other,1,60,4.0,22,0,0,75
13523,Technology,region_15,Bachelors,m,sourcing,2,36,5.0,3,1,0,80
26540,Operations,region_4,Masters & above,f,sourcing,1,37,4.0,14,0,0,61
58139,Finance,region_23,Masters & above,m,sourcing,2,33,3.0,5,0,0,63
7187,Sales & Marketing,region_4,Masters & above,f,sourcing,1,39,3.0,10,0,0,47
14842,HR,region_2,Bachelors,m,referred,1,26,5.0,4,0,0,57
2892,Technology,region_2,Bachelors,m,sourcing,1,33,1.0,7,0,0,78
5386,Procurement,region_7,Bachelors,m,sourcing,3,31,3.0,7,0,0,74
61677,Operations,region_2,Bachelors,m,sourcing,1,30,5.0,3,1,0,60
52867,Sales & Marketing,region_34,Bachelors,m,other,1,29,1.0,3,0,0,47
12854,Sales & Marketing,region_11,Masters & above,m,other,1,38,5.0,4,1,0,50
799,Technology,region_32,Bachelors,m,other,1,30,3.0,3,0,0,79
20057,Sales & Marketing,region_22,Bachelors,m,sourcing,3,25,3.0,3,0,0,50
46214,R&D,region_22,,m,sourcing,1,31,4.0,2,1,0,79
58577,Legal,region_2,Masters & above,f,sourcing,1,52,5.0,16,1,0,59
16377,Technology,region_5,Bachelors,f,other,1,35,3.0,4,1,0,80
45551,Sales & Marketing,region_28,Masters & above,m,sourcing,1,33,4.0,3,1,0,53
14585,Sales & Marketing,region_11,Bachelors,m,other,1,39,3.0,4,0,0,49
15418,Technology,region_10,Bachelors,f,other,1,28,3.0,4,1,0,81
49138,Sales & Marketing,region_2,Bachelors,m,other,1,57,1.0,7,0,0,44
70958,Sales & Marketing,region_9,Masters & above,f,other,1,33,3.0,4,0,0,49
51465,Sales & Marketing,region_23,Masters & above,m,other,2,38,5.0,6,1,0,48
7117,Sales & Marketing,region_7,Masters & above,f,other,1,38,5.0,4,1,0,44
24421,Sales & Marketing,region_2,Bachelors,m,other,1,23,,1,0,0,49
38781,Operations,region_7,Masters & above,m,other,2,45,5.0,6,1,0,61
5439,Procurement,region_8,Bachelors,f,sourcing,1,31,5.0,1,1,0,69
72809,Sales & Marketing,region_22,,m,sourcing,1,26,,1,0,0,49
35401,Sales & Marketing,region_33,Masters & above,m,other,1,57,3.0,2,0,0,48
7479,Operations,region_22,Bachelors,f,sourcing,1,44,3.0,14,0,0,60
40737,Procurement,region_30,Bachelors,f,other,1,27,4.0,2,1,0,73
33192,Sales & Marketing,region_26,Bachelors,f,other,1,26,2.0,4,0,0,50
27852,Analytics,region_13,Bachelors,m,other,1,40,3.0,6,0,0,83
5955,Technology,region_5,Bachelors,m,sourcing,1,30,1.0,2,0,0,83
25855,Sales & Marketing,region_11,Bachelors,m,other,1,33,1.0,2,1,0,47
50454,Sales & Marketing,region_26,Bachelors,m,sourcing,1,30,5.0,2,1,0,52
45940,Technology,region_29,Masters & above,m,other,1,38,4.0,9,0,0,84
72553,Technology,region_22,Bachelors,m,sourcing,1,30,4.0,2,1,1,92
66062,Procurement,region_22,Bachelors,m,other,1,27,3.0,3,1,0,69
11585,Sales & Marketing,region_2,Masters & above,m,other,1,33,,1,0,1,68
18210,Operations,region_22,Masters & above,m,other,1,46,4.0,3,1,0,71
42080,Operations,region_19,Bachelors,m,sourcing,1,32,1.0,7,1,0,62
55866,Sales & Marketing,region_19,Bachelors,m,sourcing,1,29,,1,0,0,51
64382,Procurement,region_12,Bachelors,f,sourcing,1,33,4.0,2,1,0,72
54674,Analytics,region_31,Bachelors,m,other,1,27,4.0,2,0,0,83
70934,Sales & Marketing,region_2,Bachelors,m,other,1,32,2.0,6,0,0,50
5611,Sales & Marketing,region_2,Masters & above,m,other,1,44,2.0,13,0,0,46
44045,Operations,region_22,Bachelors,f,sourcing,2,55,5.0,14,0,0,59
14423,Sales & Marketing,region_2,,m,other,2,25,,1,0,0,61
68375,Finance,region_22,Bachelors,f,sourcing,1,28,3.0,3,0,0,57
15379,Operations,region_2,Bachelors,m,other,1,58,3.0,33,0,0,63
57641,Sales & Marketing,region_23,Bachelors,m,other,1,32,4.0,6,1,0,48
74636,HR,region_32,Bachelors,m,sourcing,1,32,3.0,7,1,0,50
29067,Operations,region_2,Bachelors,f,sourcing,1,33,4.0,9,1,0,55
4256,Technology,region_25,Bachelors,m,referred,1,27,4.0,4,0,0,84
6429,Operations,region_28,Bachelors,m,other,1,31,5.0,5,0,0,59
20537,Sales & Marketing,region_27,Bachelors,m,other,1,42,1.0,12,0,0,51
55399,Analytics,region_13,Bachelors,m,other,1,33,5.0,5,0,0,89
76102,Technology,region_7,Masters & above,m,sourcing,3,34,3.0,7,0,0,83
16203,Sales & Marketing,region_17,Masters & above,m,sourcing,1,34,4.0,6,1,0,50
59103,Sales & Marketing,region_16,Bachelors,m,other,1,41,1.0,4,0,0,48
68596,Sales & Marketing,region_23,Bachelors,m,other,1,34,5.0,3,0,0,48
1522,Operations,region_13,Bachelors,m,other,1,45,3.0,3,0,0,60
45179,Procurement,region_7,Below Secondary,m,other,1,24,,1,1,0,66
39253,Sales & Marketing,region_30,Bachelors,m,other,1,32,5.0,4,0,0,48
46233,Sales & Marketing,region_28,Bachelors,m,sourcing,1,31,5.0,7,0,0,51
12554,Sales & Marketing,region_31,Bachelors,m,other,1,31,1.0,3,0,0,50
21099,Operations,region_4,Bachelors,m,other,1,27,,1,1,0,59
44237,HR,region_22,Bachelors,m,referred,1,27,3.0,2,1,0,51
1276,Sales & Marketing,region_7,Bachelors,m,sourcing,1,28,4.0,4,0,0,55
53100,Legal,region_5,Bachelors,m,sourcing,1,27,,1,1,0,62
20868,Sales & Marketing,region_13,Bachelors,m,sourcing,1,53,5.0,4,0,0,63
44120,Operations,region_32,Bachelors,m,other,2,35,3.0,3,0,0,60
30065,Operations,region_2,Masters & above,f,referred,1,35,4.0,4,1,0,53
33726,Procurement,region_4,Masters & above,f,other,3,43,4.0,4,0,0,70
8924,Technology,region_26,Bachelors,m,other,1,37,3.0,8,0,0,80
49765,Procurement,region_21,Bachelors,f,other,1,41,5.0,8,1,0,72
4321,Technology,region_22,Masters & above,f,sourcing,1,41,3.0,3,1,0,80
44868,Sales & Marketing,region_6,Bachelors,m,sourcing,1,30,4.0,4,0,0,46
75520,Sales & Marketing,region_31,Bachelors,m,other,1,46,1.0,11,0,0,50
22941,Sales & Marketing,region_29,Bachelors,m,other,1,34,3.0,5,0,0,53
42644,Operations,region_2,Bachelors,m,other,1,28,3.0,6,0,0,59
30714,Analytics,region_22,Bachelors,m,sourcing,2,25,3.0,2,0,0,86
40441,Analytics,region_20,Bachelors,m,sourcing,2,30,4.0,3,0,0,80
57221,Sales & Marketing,region_6,Bachelors,m,other,1,30,1.0,6,0,0,45
16875,Sales & Marketing,region_8,Masters & above,m,sourcing,1,31,3.0,4,0,0,47
14810,Technology,region_19,Bachelors,m,other,1,33,3.0,4,0,0,75
40916,Procurement,region_31,Bachelors,m,other,1,26,2.0,3,0,0,70
24432,Sales & Marketing,region_13,Bachelors,m,other,1,40,4.0,14,0,0,52
15054,HR,region_7,Masters & above,m,other,1,34,5.0,3,1,0,46
36317,Sales & Marketing,region_32,Bachelors,m,other,2,26,,1,0,0,50
25688,Finance,region_7,Masters & above,f,other,1,32,5.0,7,1,0,58
23415,Operations,region_22,Bachelors,m,sourcing,1,27,4.0,5,0,0,63
17433,Finance,region_30,Bachelors,m,other,1,29,5.0,7,1,0,59
12670,Technology,region_27,Bachelors,f,other,1,28,2.0,5,1,0,82
4727,Sales & Marketing,region_13,Masters & above,m,other,1,42,2.0,6,1,0,54
63995,Operations,region_25,Bachelors,m,sourcing,1,26,,1,1,0,59
53987,R&D,region_29,Masters & above,m,sourcing,2,26,,1,0,0,86
63544,Procurement,region_2,Masters & above,f,sourcing,1,50,3.0,19,1,0,72
31978,Finance,region_2,Bachelors,f,other,1,37,3.0,3,1,0,57
8275,Procurement,region_2,Below Secondary,f,sourcing,1,24,3.0,2,1,1,67
70117,Technology,region_15,Bachelors,m,other,1,29,3.0,2,0,0,84
2843,Procurement,region_31,Masters & above,m,other,1,38,3.0,10,0,0,67
27563,HR,region_2,Bachelors,m,sourcing,1,39,1.0,5,0,0,52
52801,Technology,region_2,Bachelors,f,sourcing,1,34,3.0,7,0,0,81
60103,Sales & Marketing,region_28,Bachelors,m,other,2,33,3.0,2,0,0,50
52406,Finance,region_26,Bachelors,f,other,1,25,3.0,2,0,0,58
60833,Finance,region_2,Below Secondary,m,sourcing,1,23,5.0,2,1,0,61
46780,Legal,region_26,Bachelors,m,sourcing,1,32,2.0,7,0,0,60
20820,Procurement,region_31,Bachelors,f,other,3,27,2.0,3,0,0,70
38045,Technology,region_7,Masters & above,m,sourcing,2,40,5.0,10,1,0,79
68839,Sales & Marketing,region_6,Bachelors,f,other,1,31,1.0,8,0,0,51
42639,Sales & Marketing,region_17,Masters & above,m,sourcing,1,40,3.0,10,0,0,46
26232,Technology,region_13,Masters & above,f,other,1,38,1.0,4,0,0,83
66964,Procurement,region_5,Bachelors,f,sourcing,2,32,3.0,2,0,0,72
23890,Technology,region_22,Bachelors,m,other,1,31,4.0,3,1,0,81
22105,Sales & Marketing,region_6,Bachelors,f,other,1,26,5.0,4,1,0,48
19962,Analytics,region_26,Bachelors,m,other,1,30,4.0,2,1,0,85
49384,Finance,region_2,Bachelors,f,sourcing,1,31,1.0,4,0,0,57
61949,Procurement,region_2,Bachelors,m,other,1,42,5.0,12,0,0,70
5380,Technology,region_26,Bachelors,m,sourcing,1,30,3.0,5,0,0,76
71164,Operations,region_22,Masters & above,f,sourcing,1,42,3.0,14,0,0,58
47150,R&D,region_22,Masters & above,f,sourcing,1,31,4.0,2,1,0,82
35363,Procurement,region_2,Below Secondary,m,sourcing,1,22,2.0,2,1,0,71
2145,Technology,region_2,Bachelors,m,sourcing,1,38,4.0,6,1,0,78
29610,Procurement,region_24,Masters & above,m,sourcing,1,31,1.0,5,0,0,69
53686,Sales & Marketing,region_27,Bachelors,m,sourcing,1,25,,1,0,0,49
12021,Finance,region_2,Masters & above,m,other,3,36,3.0,10,0,0,60
38522,Operations,region_17,Bachelors,f,sourcing,1,35,5.0,8,1,0,87
39915,Sales & Marketing,region_4,Bachelors,m,sourcing,1,51,1.0,9,0,0,55
4954,Technology,region_2,Bachelors,m,other,1,37,4.0,9,1,0,79
2226,Sales & Marketing,region_2,,f,other,1,36,1.0,7,0,0,50
66233,Sales & Marketing,region_26,Bachelors,m,other,1,25,4.0,3,0,0,54
10123,R&D,region_22,,m,other,3,31,3.0,2,0,0,88
1376,Sales & Marketing,region_28,Masters & above,m,sourcing,2,39,2.0,4,0,0,48
59498,Sales & Marketing,region_15,Bachelors,m,sourcing,1,43,5.0,17,0,0,47
62740,Sales & Marketing,region_28,Bachelors,f,sourcing,1,26,3.0,2,1,0,46
65155,Procurement,region_17,Bachelors,f,sourcing,1,52,3.0,15,0,0,66
43727,Sales & Marketing,region_27,,m,other,1,29,3.0,5,0,0,47
29090,Operations,region_2,Bachelors,m,other,2,27,5.0,5,0,0,77
50733,Technology,region_2,Bachelors,f,other,2,43,3.0,7,1,0,78
19061,Technology,region_13,Bachelors,m,other,1,35,1.0,7,0,0,74
31035,Operations,region_15,Bachelors,m,other,1,34,4.0,9,1,0,70
43465,HR,region_22,Bachelors,f,other,1,30,3.0,3,1,0,49
29300,Procurement,region_11,Masters & above,m,sourcing,1,39,2.0,10,0,0,70
26143,Technology,region_7,Bachelors,f,sourcing,2,28,2.0,2,0,0,78
34714,Procurement,region_11,Bachelors,m,other,1,30,5.0,4,1,0,68
19588,Operations,region_2,Bachelors,f,sourcing,1,47,3.0,16,1,0,61
11780,Operations,region_2,Bachelors,m,sourcing,1,42,4.0,13,0,0,60
37550,Operations,region_2,Masters & above,m,other,2,53,4.0,19,1,0,58
76455,R&D,region_2,Bachelors,m,other,1,34,4.0,6,0,0,84
47480,Analytics,region_22,Bachelors,m,sourcing,1,39,4.0,9,0,0,91
48340,HR,region_22,Masters & above,m,other,1,34,3.0,4,1,0,53
40755,Sales & Marketing,region_28,Bachelors,m,other,1,33,4.0,5,1,0,50
67555,Sales & Marketing,region_7,,m,other,1,24,,1,0,0,49
71779,Operations,region_2,Bachelors,m,sourcing,1,39,5.0,2,1,0,60
31479,Operations,region_15,,f,other,1,33,3.0,6,1,0,64
48979,HR,region_31,Masters & above,f,sourcing,1,38,5.0,5,1,0,53
53256,Sales & Marketing,region_22,Bachelors,m,other,1,36,5.0,3,1,0,53
60308,Procurement,region_17,Bachelors,f,other,1,36,2.0,10,0,0,67
41341,Procurement,region_2,Bachelors,f,sourcing,1,53,1.0,2,0,0,71
9052,Sales & Marketing,region_30,Masters & above,m,other,1,35,1.0,11,0,0,56
21207,Sales & Marketing,region_20,Bachelors,m,other,2,30,3.0,4,0,0,52
28689,Procurement,region_13,Masters & above,m,other,1,55,1.0,25,0,0,67
52355,Operations,region_15,Bachelors,f,other,1,38,4.0,2,1,0,61
77781,Operations,region_12,Bachelors,f,other,1,29,5.0,4,1,0,54
64641,Analytics,region_19,Bachelors,m,other,1,39,3.0,3,0,0,85
25780,Legal,region_2,Bachelors,m,sourcing,1,39,3.0,11,0,0,60
27411,Technology,region_22,Masters & above,m,other,1,36,4.0,8,1,0,80
52708,Procurement,region_22,Bachelors,m,sourcing,2,28,4.0,4,1,0,71
17659,Procurement,region_7,Masters & above,m,other,2,42,5.0,14,1,0,68
47657,Technology,region_5,Masters & above,m,sourcing,1,35,3.0,2,0,0,77
42901,Procurement,region_15,Bachelors,f,sourcing,1,30,5.0,3,1,0,71
19157,Legal,region_2,Below Secondary,m,other,1,24,,1,0,0,57
72463,Sales & Marketing,region_22,Bachelors,m,sourcing,1,43,1.0,14,0,0,50
30824,Analytics,region_2,,m,other,1,45,3.0,13,0,0,84
39672,Sales & Marketing,region_16,Bachelors,m,sourcing,1,32,4.0,3,1,1,54
41523,Technology,region_27,Bachelors,m,sourcing,1,23,3.0,2,0,0,80
7941,Analytics,region_2,Bachelors,m,other,2,34,3.0,7,1,0,85
72957,Sales & Marketing,region_10,Masters & above,m,sourcing,1,41,4.0,6,1,1,90
46359,Analytics,region_5,Bachelors,m,other,2,28,3.0,2,0,0,85
72561,Analytics,region_25,Bachelors,m,other,2,28,3.0,4,0,0,80
34961,Sales & Marketing,region_10,Masters & above,m,other,1,35,1.0,4,0,0,50
71516,Finance,region_15,Bachelors,m,other,1,37,3.0,9,0,0,61
39122,Technology,region_27,Bachelors,m,sourcing,1,27,1.0,2,1,0,78
26474,Procurement,region_2,Bachelors,m,sourcing,2,47,3.0,4,1,0,75
50028,Procurement,region_8,Bachelors,f,other,1,31,4.0,4,0,0,70
54147,R&D,region_7,Masters & above,m,other,1,31,5.0,2,1,0,86
34661,Analytics,region_22,Bachelors,m,other,1,30,2.0,5,1,0,84
15628,Operations,region_31,Bachelors,f,sourcing,1,30,5.0,7,0,0,59
1119,Analytics,region_2,Masters & above,f,sourcing,1,32,3.0,6,0,0,81
4815,HR,region_2,Bachelors,m,other,1,34,1.0,7,0,0,52
57960,Technology,region_27,Masters & above,m,other,1,41,3.0,13,0,0,82
34594,Sales & Marketing,region_6,Bachelors,m,other,1,36,3.0,8,0,0,48
30740,Analytics,region_32,Bachelors,m,sourcing,1,29,,1,0,0,87
69768,Procurement,region_10,Masters & above,m,other,1,42,3.0,6,0,0,70
74564,Sales & Marketing,region_2,Bachelors,m,sourcing,1,44,2.0,16,0,0,47
39745,Technology,region_10,Masters & above,f,sourcing,2,30,4.0,4,1,0,80
21988,Technology,region_26,Masters & above,m,sourcing,1,46,1.0,20,0,0,83
24053,Sales & Marketing,region_2,Bachelors,m,other,1,28,5.0,5,1,0,44
30342,Procurement,region_2,,m,sourcing,1,33,5.0,6,1,0,71
70022,R&D,region_4,Masters & above,m,sourcing,1,32,3.0,10,0,0,84
45638,Operations,region_7,Bachelors,m,other,1,52,4.0,24,0,0,58
34430,Technology,region_24,Bachelors,m,other,2,27,3.0,5,0,0,79
51731,Procurement,region_7,Bachelors,m,sourcing,1,30,,1,0,0,68
10269,Procurement,region_23,Bachelors,m,sourcing,1,28,4.0,7,0,0,68
57212,Finance,region_7,Masters & above,m,other,1,41,3.0,12,0,0,57
7952,HR,region_2,Masters & above,m,other,1,45,4.0,7,0,0,52
49260,HR,region_31,Bachelors,m,other,1,31,5.0,7,0,0,54
16623,Legal,region_7,Bachelors,m,other,1,33,3.0,5,0,0,64
70527,Technology,region_5,Bachelors,f,sourcing,1,35,3.0,8,0,0,80
65661,Sales & Marketing,region_13,,m,other,1,22,1.0,2,1,0,49
30701,Technology,region_2,Masters & above,m,sourcing,1,39,5.0,3,1,0,81
7937,Sales & Marketing,region_22,Bachelors,f,other,1,28,3.0,2,1,0,50
15335,Sales & Marketing,region_2,Bachelors,m,sourcing,1,47,3.0,13,0,0,49
65361,Analytics,region_3,Masters & above,m,sourcing,1,34,4.0,2,0,0,83
59424,Sales & Marketing,region_13,Bachelors,m,other,2,41,3.0,3,0,0,46
63211,Sales & Marketing,region_2,Bachelors,m,other,2,27,1.0,4,0,0,47
3629,Operations,region_32,,f,other,1,29,4.0,2,0,0,60
30842,Technology,region_2,Masters & above,m,referred,1,38,3.0,10,0,0,76
5622,Sales & Marketing,region_21,Masters & above,m,sourcing,1,35,5.0,9,1,0,49
46175,Operations,region_15,Bachelors,f,other,1,30,4.0,3,1,0,59
14730,Sales & Marketing,region_1,Bachelors,m,other,1,29,4.0,6,1,0,54
54476,Technology,region_31,Masters & above,m,other,1,46,4.0,14,0,0,80
37836,Operations,region_8,Bachelors,m,other,1,27,,1,0,0,62
67982,Procurement,region_31,Bachelors,m,sourcing,1,34,3.0,5,0,0,73
64845,Operations,region_10,Bachelors,m,sourcing,1,31,4.0,5,0,0,59
2479,Technology,region_29,Bachelors,m,other,1,38,4.0,7,0,0,80
54772,Operations,region_13,Bachelors,m,sourcing,1,41,3.0,15,0,0,57
71804,Operations,region_2,Bachelors,f,sourcing,1,52,3.0,2,0,0,61
29367,Sales & Marketing,region_7,Masters & above,m,sourcing,3,38,3.0,5,0,0,49
60355,Sales & Marketing,region_27,Bachelors,m,other,1,31,1.0,5,0,0,47
59855,Sales & Marketing,region_2,,m,other,1,48,5.0,9,1,0,49
69859,Sales & Marketing,region_2,Bachelors,f,other,1,37,1.0,3,1,0,46
8978,Procurement,region_2,Bachelors,m,sourcing,2,35,4.0,7,1,1,68
24411,Procurement,region_2,Bachelors,f,sourcing,1,49,2.0,16,0,0,66
37051,Procurement,region_2,Masters & above,f,sourcing,1,59,5.0,6,1,0,72
6152,Operations,region_26,Bachelors,f,sourcing,1,32,4.0,7,0,0,59
24690,Technology,region_26,Bachelors,m,sourcing,2,24,,1,0,0,78
70849,Finance,region_7,Masters & above,f,sourcing,1,34,3.0,6,0,0,59
56323,Sales & Marketing,region_1,,m,sourcing,1,27,1.0,4,0,0,47
34813,Analytics,region_31,Bachelors,m,sourcing,2,37,5.0,7,0,0,82
38704,Sales & Marketing,region_22,Bachelors,m,sourcing,1,56,5.0,16,0,0,45
52317,Procurement,region_10,Masters & above,m,sourcing,1,44,3.0,17,0,0,75
64017,Analytics,region_7,Masters & above,m,other,4,36,5.0,7,0,0,83
71527,Procurement,region_31,Bachelors,f,other,2,28,3.0,6,0,0,68
47475,Operations,region_27,Bachelors,f,other,1,37,3.0,7,1,0,63
37387,Technology,region_14,Bachelors,m,sourcing,1,27,3.0,5,0,0,80
16503,Sales & Marketing,region_2,Bachelors,f,sourcing,1,38,5.0,7,1,0,50
57186,Sales & Marketing,region_12,Bachelors,m,other,1,38,1.0,5,0,0,46
3769,Operations,region_16,Masters & above,m,other,1,48,4.0,22,1,0,58
74437,Sales & Marketing,region_22,Bachelors,f,other,1,24,,1,1,0,47
1689,Technology,region_2,Bachelors,f,other,1,54,5.0,10,0,0,78
48069,Sales & Marketing,region_32,Bachelors,m,other,1,40,4.0,8,0,0,51
76794,Operations,region_11,Bachelors,m,other,2,30,5.0,2,0,0,57
49432,Technology,region_26,Bachelors,f,referred,1,25,,1,0,0,80
62905,Sales & Marketing,region_2,Masters & above,m,other,1,32,5.0,4,1,0,42
15526,Sales & Marketing,region_22,Bachelors,f,other,1,34,3.0,6,1,0,50
51341,Analytics,region_29,Bachelors,m,other,1,32,4.0,4,1,0,85
62124,Sales & Marketing,region_28,Bachelors,m,other,1,26,4.0,3,1,0,52
7488,Analytics,region_19,Bachelors,m,other,1,33,3.0,6,0,0,83
19317,Sales & Marketing,region_32,Bachelors,m,other,1,34,1.0,5,1,0,48
12429,Sales & Marketing,region_15,Bachelors,m,other,1,25,2.0,2,0,0,49
29225,Procurement,region_2,Below Secondary,f,sourcing,1,25,3.0,4,1,0,71
18024,R&D,region_4,Masters & above,m,sourcing,2,34,4.0,6,1,0,81
22447,Finance,region_30,Bachelors,m,sourcing,1,27,,1,0,0,57
22011,Operations,region_32,Bachelors,f,other,1,28,3.0,4,1,1,59
20425,Operations,region_27,Bachelors,f,other,2,28,4.0,4,0,0,67
20682,Technology,region_2,Masters & above,m,other,1,58,3.0,17,0,0,77
26031,HR,region_2,Bachelors,m,sourcing,1,43,5.0,4,0,0,53
58398,Operations,region_2,Bachelors,m,sourcing,1,25,,1,1,0,58
9468,Operations,region_3,Bachelors,f,other,1,31,5.0,4,1,0,61
57643,Technology,region_15,Bachelors,m,sourcing,1,37,3.0,10,0,0,79
68481,Technology,region_5,Bachelors,m,sourcing,1,35,4.0,10,0,0,82
63016,Sales & Marketing,region_10,Bachelors,m,sourcing,1,45,1.0,4,0,0,51
28691,Sales & Marketing,region_7,Bachelors,m,other,1,55,5.0,20,1,0,47
35246,Sales & Marketing,region_2,Bachelors,f,other,1,59,2.0,17,0,0,51
78088,Technology,region_6,Bachelors,f,other,1,32,4.0,4,0,0,80
63479,Operations,region_11,Masters & above,f,other,1,59,4.0,16,1,0,64
71512,Operations,region_7,Bachelors,f,other,2,32,3.0,3,0,0,59
13864,Operations,region_22,Bachelors,m,sourcing,1,26,3.0,5,1,0,58
66716,Analytics,region_24,Masters & above,m,sourcing,1,32,3.0,7,0,0,81
38096,Analytics,region_22,Bachelors,m,sourcing,2,28,,1,0,0,83
42817,Sales & Marketing,region_13,Bachelors,m,other,2,36,4.0,5,0,0,48
56956,Sales & Marketing,region_4,Masters & above,m,sourcing,1,46,4.0,21,0,0,54
53220,Operations,region_29,Bachelors,f,sourcing,1,30,5.0,7,1,0,60
21153,Technology,region_7,Masters & above,m,sourcing,1,37,3.0,10,0,0,81
9781,Sales & Marketing,region_27,Bachelors,f,other,1,29,4.0,5,0,0,49
54719,Procurement,region_21,Bachelors,m,other,1,32,3.0,4,0,0,71
20348,Technology,region_22,Masters & above,m,other,1,32,1.0,2,1,0,75
5719,Analytics,region_29,Bachelors,m,other,1,31,1.0,6,0,0,91
56965,Procurement,region_16,Bachelors,m,sourcing,2,29,,1,0,0,69
60369,Sales & Marketing,region_15,Bachelors,m,sourcing,1,31,1.0,3,0,0,47
61663,Sales & Marketing,region_25,Masters & above,m,other,1,34,2.0,7,0,0,52
3233,Procurement,region_2,Masters & above,m,other,3,60,4.0,11,0,0,74
28530,Operations,region_22,Masters & above,m,referred,1,45,3.0,4,1,0,57
28923,Technology,region_23,Masters & above,f,sourcing,1,36,4.0,4,1,0,75
63501,Finance,region_31,Bachelors,m,other,1,26,5.0,3,1,0,54
58168,Sales & Marketing,region_15,Bachelors,m,other,1,35,5.0,9,1,0,51
5582,Operations,region_19,Bachelors,f,sourcing,1,33,4.0,6,0,0,59
27777,Technology,region_7,Bachelors,m,sourcing,1,28,3.0,5,1,0,83
77422,Technology,region_27,Masters & above,m,sourcing,1,40,5.0,9,1,0,80
30398,Operations,region_20,Bachelors,m,other,1,27,4.0,2,1,0,63
20288,Operations,region_11,Bachelors,f,other,1,37,3.0,10,0,0,55
55483,Sales & Marketing,region_2,Bachelors,f,other,1,45,2.0,2,0,0,47
37962,Technology,region_22,Masters & above,m,other,1,55,4.0,9,1,0,83
37785,Technology,region_29,Bachelors,m,other,1,31,3.0,2,1,0,79
32344,Sales & Marketing,region_19,Bachelors,m,other,1,35,3.0,5,1,0,49
75300,Procurement,region_17,,m,other,1,28,,1,0,0,69
67699,Operations,region_2,Bachelors,m,other,1,42,5.0,16,1,0,60
25496,Operations,region_7,Bachelors,f,other,1,36,4.0,7,0,0,57
18523,Sales & Marketing,region_2,,m,sourcing,3,28,3.0,2,0,0,48
2446,Sales & Marketing,region_28,Masters & above,m,sourcing,1,37,5.0,10,0,0,51
57271,Analytics,region_2,Bachelors,f,sourcing,2,29,5.0,3,0,0,84
6675,Sales & Marketing,region_15,Bachelors,m,other,1,45,3.0,14,0,0,51
4788,Sales & Marketing,region_2,Bachelors,m,sourcing,1,53,3.0,12,0,0,46
67738,Sales & Marketing,region_27,Bachelors,m,other,1,32,5.0,3,1,0,49
76752,Procurement,region_4,Masters & above,m,other,2,36,4.0,2,1,0,68
57980,Operations,region_17,Bachelors,m,other,1,40,4.0,3,1,0,60
72112,Sales & Marketing,region_22,,f,other,1,28,1.0,5,0,0,52
55873,Sales & Marketing,region_2,Bachelors,m,other,2,33,1.0,6,1,0,46
41377,Technology,region_14,Bachelors,f,sourcing,1,34,1.0,8,0,0,81
19888,Technology,region_2,Masters & above,m,other,1,33,5.0,6,1,0,84
73612,Sales & Marketing,region_20,Bachelors,m,sourcing,2,28,,1,0,0,50
51154,Procurement,region_17,Masters & above,f,sourcing,1,40,3.0,5,0,0,71
549,Finance,region_22,Below Secondary,f,sourcing,1,24,4.0,2,0,0,58
3786,Procurement,region_22,Bachelors,m,other,5,28,3.0,5,0,0,70
35779,Procurement,region_14,Bachelors,f,sourcing,1,34,4.0,9,0,0,69
6510,Procurement,region_2,Bachelors,f,sourcing,3,31,1.0,7,0,0,70
43437,Sales & Marketing,region_27,Bachelors,m,other,2,29,1.0,5,0,0,51
37520,Operations,region_15,Bachelors,m,sourcing,1,37,4.0,8,0,0,56
43159,Procurement,region_11,Masters & above,m,sourcing,1,45,3.0,11,0,0,70
40573,Technology,region_2,Masters & above,m,sourcing,1,42,5.0,12,1,0,81
57876,HR,region_2,Bachelors,f,other,1,27,,1,1,0,48
1045,Sales & Marketing,region_31,Bachelors,m,other,1,38,4.0,9,0,0,50
29702,Sales & Marketing,region_11,Bachelors,m,other,1,38,5.0,10,0,0,50
57661,Procurement,region_14,Masters & above,f,other,1,36,3.0,9,1,0,70
57126,Procurement,region_8,Bachelors,m,other,1,32,3.0,6,1,0,69
70441,Technology,region_5,Bachelors,f,other,1,28,1.0,3,0,0,83
7470,Technology,region_2,Masters & above,f,other,2,50,3.0,7,0,0,80
17002,Sales & Marketing,region_7,Bachelors,f,sourcing,1,31,,1,1,1,50
57343,Operations,region_2,Bachelors,f,sourcing,1,40,4.0,11,0,0,61
63895,Operations,region_2,Masters & above,f,other,1,20,,1,0,0,61
2237,Procurement,region_8,Bachelors,m,other,1,32,2.0,6,0,0,72
55899,Operations,region_26,Bachelors,f,sourcing,1,43,4.0,6,1,0,61
57052,Sales & Marketing,region_2,Bachelors,m,other,1,35,3.0,8,0,0,49
28843,Operations,region_15,Masters & above,m,other,1,36,1.0,8,0,0,69
32353,Sales & Marketing,region_22,Masters & above,m,other,1,29,5.0,2,0,0,49
42208,Sales & Marketing,region_24,,m,other,1,28,,1,0,0,48
14948,Technology,region_15,Bachelors,m,sourcing,1,29,1.0,6,0,0,82
47893,Operations,region_22,Masters & above,m,sourcing,1,47,1.0,5,0,0,61
29535,Sales & Marketing,region_19,Bachelors,m,other,1,33,1.0,6,0,0,49
7975,Sales & Marketing,region_32,,m,other,1,34,3.0,8,0,0,53
25961,Analytics,region_15,Masters & above,m,other,1,34,1.0,2,0,1,84
34111,Analytics,region_22,Bachelors,m,other,2,31,3.0,6,1,0,83
73862,Technology,region_17,Bachelors,m,sourcing,1,30,3.0,6,0,0,81
12799,Procurement,region_2,Masters & above,f,other,1,42,1.0,6,1,0,69
18794,Sales & Marketing,region_27,,m,sourcing,1,28,1.0,4,0,0,54
61633,Operations,region_7,Masters & above,f,other,1,36,1.0,7,0,0,56
17451,Sales & Marketing,region_8,Masters & above,m,sourcing,1,30,1.0,5,0,0,48
15080,Sales & Marketing,region_21,Masters & above,m,sourcing,1,46,1.0,17,0,0,52
68759,Sales & Marketing,region_7,Bachelors,m,sourcing,1,31,3.0,6,0,0,61
2878,Finance,region_29,Bachelors,m,other,1,26,4.0,4,0,0,59
28283,Operations,region_21,Bachelors,f,other,1,27,3.0,3,0,0,58
16252,Operations,region_19,Bachelors,f,sourcing,1,40,5.0,3,1,0,61
14199,Technology,region_28,Bachelors,m,other,2,28,1.0,3,0,0,78
39777,Procurement,region_15,Bachelors,f,sourcing,1,39,4.0,9,1,0,67
59484,HR,region_32,Bachelors,m,sourcing,1,27,,1,0,0,53
75184,Sales & Marketing,region_10,Masters & above,m,sourcing,1,33,4.0,2,0,1,60
21370,Operations,region_2,Masters & above,m,other,1,54,3.0,11,0,0,57
49052,Procurement,region_4,Masters & above,m,sourcing,2,40,3.0,7,0,0,65
12430,Operations,region_11,Masters & above,f,other,1,36,3.0,4,0,0,60
12166,Procurement,region_17,Masters & above,f,sourcing,1,50,5.0,8,1,0,71
74160,Sales & Marketing,region_24,Bachelors,m,sourcing,1,31,2.0,2,0,0,50
13398,Analytics,region_7,Bachelors,m,other,1,45,5.0,19,1,0,82
5621,Technology,region_2,Masters & above,f,other,1,57,1.0,26,0,0,76
17072,Operations,region_2,Bachelors,m,sourcing,1,32,3.0,8,0,0,60
16379,Finance,region_2,Masters & above,m,other,3,37,3.0,5,0,0,57
12076,Sales & Marketing,region_7,Masters & above,m,other,4,35,1.0,5,0,0,52
26439,Operations,region_8,Masters & above,f,sourcing,1,33,5.0,4,0,0,63
64351,Operations,region_15,Bachelors,m,other,1,42,3.0,18,0,0,66
37306,Operations,region_2,Masters & above,f,other,1,35,5.0,2,1,0,62
43293,R&D,region_29,Bachelors,m,sourcing,1,32,1.0,2,0,0,83
16986,Finance,region_2,,m,other,1,34,3.0,6,0,0,62
12570,Procurement,region_2,Bachelors,f,other,2,48,1.0,6,0,0,73
49518,Sales & Marketing,region_31,Bachelors,m,sourcing,2,31,1.0,4,0,0,50
26492,Finance,region_22,Bachelors,f,sourcing,1,27,1.0,4,1,0,59
61971,Technology,region_13,Masters & above,f,other,1,42,3.0,3,1,0,81
18662,Procurement,region_22,Bachelors,f,sourcing,2,30,4.0,2,0,1,67
25673,Procurement,region_15,Bachelors,m,other,2,30,1.0,3,0,0,68
56989,Sales & Marketing,region_2,Bachelors,f,sourcing,2,33,5.0,5,0,0,48
78055,Sales & Marketing,region_27,Bachelors,m,other,1,39,5.0,3,1,0,44
76575,HR,region_2,Bachelors,f,other,1,38,4.0,10,0,0,52
71833,Procurement,region_2,Masters & above,m,other,1,48,3.0,20,0,0,66
67330,Technology,region_13,Bachelors,f,other,1,49,3.0,16,0,0,80
18990,Sales & Marketing,region_23,Bachelors,m,sourcing,1,35,4.0,3,0,0,48
14992,Sales & Marketing,region_7,Bachelors,m,other,3,36,3.0,9,0,0,51
6732,Technology,region_2,Bachelors,m,other,1,52,4.0,21,1,0,80
69259,Sales & Marketing,region_2,Bachelors,m,sourcing,2,22,3.0,2,0,0,49
30068,Operations,region_2,Bachelors,f,sourcing,1,27,5.0,4,0,0,55
45280,Operations,region_16,Below Secondary,f,other,1,24,3.0,2,1,0,58
12465,Sales & Marketing,region_25,Bachelors,m,other,1,34,2.0,7,1,0,49
73039,Sales & Marketing,region_31,Masters & above,m,other,2,31,2.0,5,1,0,50
77771,Operations,region_13,Masters & above,m,other,1,37,3.0,2,0,1,77
20814,Operations,region_23,Bachelors,m,sourcing,2,32,5.0,6,1,0,59
26602,Sales & Marketing,region_26,,m,other,1,24,,1,1,0,48
29597,Operations,region_2,Masters & above,f,other,1,40,3.0,13,1,0,55
10278,Procurement,region_2,Bachelors,f,sourcing,1,41,3.0,10,0,0,67
68207,Operations,region_11,Bachelors,m,other,1,37,4.0,8,0,0,62
737,R&D,region_2,Bachelors,m,sourcing,1,35,3.0,5,1,0,84
9923,Finance,region_31,Bachelors,m,sourcing,1,26,,1,1,0,61
18121,Technology,region_29,Masters & above,f,sourcing,1,34,4.0,5,1,0,80
29732,Technology,region_13,Bachelors,m,other,1,37,3.0,3,0,0,78
21377,Analytics,region_13,Bachelors,m,sourcing,1,39,3.0,10,0,0,83
55244,Operations,region_22,Masters & above,f,other,2,36,4.0,3,0,0,56
45016,Sales & Marketing,region_32,Bachelors,m,other,2,36,3.0,8,0,0,52
56997,Analytics,region_2,Bachelors,m,other,1,37,4.0,3,1,0,84
10286,Procurement,region_7,Masters & above,f,sourcing,1,41,4.0,2,0,0,71
33445,Sales & Marketing,region_7,Masters & above,f,other,1,37,4.0,8,0,0,48
62688,Sales & Marketing,region_32,Bachelors,f,other,1,31,4.0,4,0,0,45
410,Sales & Marketing,region_31,Masters & above,m,sourcing,2,32,4.0,3,1,0,49
67053,HR,region_2,Bachelors,f,sourcing,1,51,5.0,10,0,0,53
73442,Operations,region_2,Bachelors,m,referred,1,34,5.0,7,0,0,78
43742,Sales & Marketing,region_14,Masters & above,m,sourcing,1,34,3.0,7,1,0,48
67309,Finance,region_22,Masters & above,m,sourcing,2,36,3.0,5,0,0,58
30353,Operations,region_2,,m,other,2,35,3.0,5,0,0,55
73205,Sales & Marketing,region_29,Bachelors,m,sourcing,1,34,3.0,7,1,0,48
46539,HR,region_2,Bachelors,f,referred,1,36,4.0,10,0,0,50
35906,Procurement,region_16,Bachelors,m,sourcing,1,36,3.0,6,1,0,67
14551,Sales & Marketing,region_20,Bachelors,m,sourcing,1,39,4.0,7,0,0,50
30156,Sales & Marketing,region_22,,f,other,1,28,3.0,5,0,0,52
24019,Sales & Marketing,region_28,Bachelors,m,sourcing,1,29,3.0,2,0,0,49
25441,HR,region_19,Bachelors,m,other,1,29,3.0,3,1,0,49
55396,HR,region_7,Bachelors,m,other,2,29,3.0,3,0,0,57
55068,Sales & Marketing,region_21,Bachelors,f,other,1,29,,1,0,0,47
56683,Sales & Marketing,region_1,Masters & above,m,other,1,44,3.0,5,1,0,47
41265,Technology,region_2,Bachelors,f,sourcing,1,28,4.0,2,1,0,77
72436,Operations,region_2,Below Secondary,f,sourcing,1,25,4.0,3,0,0,55
52461,Sales & Marketing,region_12,,m,other,1,24,3.0,3,0,0,48
6578,Operations,region_15,Bachelors,m,other,2,42,3.0,11,1,0,60
46863,Sales & Marketing,region_11,Bachelors,m,sourcing,1,37,5.0,9,0,0,61
28186,Technology,region_7,Bachelors,m,other,2,28,,1,1,0,79
26622,Sales & Marketing,region_17,Bachelors,m,sourcing,1,40,5.0,6,1,0,50
28701,Finance,region_2,Bachelors,m,other,1,32,1.0,2,0,0,56
70168,Sales & Marketing,region_2,Bachelors,m,other,1,42,3.0,14,1,0,53
28161,Operations,region_31,Bachelors,m,other,1,26,,1,0,0,60
26608,Technology,region_14,Bachelors,f,other,1,30,3.0,7,1,0,81
31641,Analytics,region_2,Bachelors,m,other,1,37,3.0,4,1,0,81
55347,Operations,region_16,Bachelors,f,sourcing,1,29,,1,1,0,59
50817,HR,region_25,Masters & above,m,other,1,34,4.0,6,0,0,49
73916,HR,region_2,Bachelors,m,sourcing,2,29,1.0,3,1,0,48
55018,Sales & Marketing,region_6,Bachelors,m,other,1,30,2.0,4,0,0,50
43525,Sales & Marketing,region_16,Bachelors,m,other,1,48,1.0,20,0,0,51
39064,Sales & Marketing,region_19,Bachelors,m,other,2,28,3.0,4,0,0,53
22472,Sales & Marketing,region_32,Bachelors,m,other,2,28,1.0,5,0,0,52
20800,Sales & Marketing,region_2,Bachelors,m,sourcing,1,52,3.0,9,0,0,50
29720,Legal,region_26,Bachelors,m,other,1,41,5.0,12,1,0,58
49196,Technology,region_20,Bachelors,m,sourcing,1,31,3.0,2,0,0,79
55512,Technology,region_2,Masters & above,f,sourcing,1,52,3.0,9,0,0,80
8542,Technology,region_26,Bachelors,m,sourcing,2,27,4.0,1,0,0,83
8075,Operations,region_2,Bachelors,m,sourcing,1,55,2.0,14,0,0,58
35616,Procurement,region_26,Bachelors,m,sourcing,1,38,5.0,7,1,0,70
73459,Technology,region_22,Bachelors,m,other,2,30,4.0,5,1,0,85
31543,Analytics,region_31,Bachelors,m,other,1,46,5.0,7,1,0,84
39228,Sales & Marketing,region_7,Bachelors,m,other,1,32,4.0,5,1,0,49
55034,Technology,region_14,Bachelors,f,sourcing,2,32,3.0,4,0,0,79
67054,Operations,region_15,Masters & above,m,other,1,47,2.0,3,1,0,62
49907,Operations,region_6,Bachelors,f,sourcing,1,32,3.0,2,1,0,55
70511,Sales & Marketing,region_7,Masters & above,m,sourcing,1,33,2.0,6,0,0,50
118,Analytics,region_28,Masters & above,m,other,1,38,4.0,7,1,0,83
51766,Sales & Marketing,region_15,Bachelors,m,sourcing,2,30,,1,0,0,47
58987,Technology,region_8,Bachelors,f,sourcing,1,28,,1,1,0,81
34085,Technology,region_2,Masters & above,f,sourcing,1,32,1.0,5,0,0,78
50055,Sales & Marketing,region_2,,m,other,1,25,,1,0,0,48
17932,Legal,region_2,Bachelors,m,other,1,29,5.0,3,1,0,58
39319,Sales & Marketing,region_2,Masters & above,m,other,1,48,5.0,8,0,0,47
38819,Technology,region_2,Bachelors,m,sourcing,1,39,4.0,10,1,0,75
24294,Procurement,region_15,Bachelors,m,other,1,36,3.0,9,0,0,69
30876,Sales & Marketing,region_4,Masters & above,f,sourcing,1,34,5.0,8,0,0,44
76959,Analytics,region_22,Bachelors,f,other,1,27,5.0,3,1,1,97
20074,Operations,region_14,Bachelors,m,other,1,40,3.0,8,0,0,61
21583,Analytics,region_19,Bachelors,m,sourcing,1,32,4.0,5,0,0,85
32046,Analytics,region_29,Bachelors,m,sourcing,1,39,2.0,4,0,0,80
11271,Operations,region_2,Bachelors,m,other,1,37,4.0,7,1,0,57
37632,Procurement,region_8,Masters & above,m,other,1,40,2.0,11,0,0,67
9754,Procurement,region_27,Bachelors,m,other,1,43,5.0,5,0,0,73
75979,Operations,region_27,Bachelors,m,other,1,30,3.0,2,0,0,61
74973,Sales & Marketing,region_34,Bachelors,m,other,1,32,2.0,4,0,0,51
67732,Procurement,region_24,Bachelors,m,other,1,30,,1,0,0,68
17116,Analytics,region_19,Bachelors,m,other,1,32,5.0,5,0,0,86
51570,Operations,region_22,Bachelors,m,other,1,42,5.0,12,0,0,59
53365,Sales & Marketing,region_22,Bachelors,m,other,4,25,1.0,3,0,0,47
13658,Finance,region_7,Bachelors,m,other,1,30,3.0,2,0,0,57
58142,R&D,region_7,Bachelors,m,sourcing,1,35,3.0,2,1,0,88
68900,Procurement,region_15,Bachelors,m,sourcing,1,31,1.0,5,0,0,74
8116,Procurement,region_26,Masters & above,m,other,1,35,2.0,6,0,0,66
1718,Operations,region_13,Masters & above,m,other,2,42,3.0,4,0,0,59
3466,Technology,region_2,Bachelors,m,sourcing,4,34,3.0,6,0,0,81
59376,Sales & Marketing,region_22,Bachelors,m,other,3,31,2.0,2,1,0,47
27550,Sales & Marketing,region_2,Bachelors,m,other,1,45,5.0,18,1,0,49
31670,Operations,region_15,,m,other,1,38,3.0,2,0,0,62
44929,Technology,region_13,Bachelors,m,other,1,55,3.0,14,0,0,81
62775,R&D,region_2,Bachelors,m,other,1,27,5.0,2,0,0,79
59844,Operations,region_29,Bachelors,m,other,1,30,3.0,2,1,0,59
74243,Technology,region_27,Bachelors,m,other,1,29,3.0,5,0,0,75
11703,Operations,region_2,Bachelors,f,other,1,37,4.0,10,1,0,60
19792,Sales & Marketing,region_30,Bachelors,m,sourcing,1,35,5.0,4,1,0,48
65373,Sales & Marketing,region_28,Bachelors,m,sourcing,1,27,,1,1,0,49
53820,Sales & Marketing,region_25,Bachelors,m,sourcing,1,32,1.0,9,0,0,53
19036,HR,region_2,Bachelors,f,other,1,42,5.0,7,1,0,46
2347,Analytics,region_15,,m,other,2,37,5.0,8,1,0,82
63143,Operations,region_22,Masters & above,m,sourcing,1,39,3.0,11,0,0,62
55339,Sales & Marketing,region_2,Bachelors,m,other,2,46,4.0,5,1,0,48
40319,Finance,region_12,Bachelors,m,sourcing,1,28,5.0,7,1,0,61
75445,Technology,region_13,Bachelors,f,sourcing,1,25,4.0,2,1,0,85
6694,Operations,region_15,Bachelors,f,sourcing,1,39,3.0,8,1,1,97
44546,Sales & Marketing,region_31,Bachelors,m,sourcing,1,26,,1,1,0,50
7718,Procurement,region_2,Masters & above,m,other,1,46,1.0,4,0,0,68
58395,Sales & Marketing,region_23,Masters & above,m,sourcing,1,39,4.0,8,0,0,52
14672,Analytics,region_4,Masters & above,m,other,1,35,2.0,7,1,0,84
24478,Operations,region_26,Bachelors,m,sourcing,1,33,3.0,10,0,0,60
52478,Technology,region_22,Bachelors,f,sourcing,1,33,3.0,6,0,0,81
6378,Procurement,region_26,Bachelors,m,other,2,53,5.0,24,1,0,68
8578,Analytics,region_2,,m,other,2,30,3.0,3,0,0,86
52455,Sales & Marketing,region_23,Masters & above,m,sourcing,1,40,3.0,11,0,0,49
17682,Sales & Marketing,region_31,Bachelors,m,sourcing,2,29,1.0,1,1,0,47
58957,Sales & Marketing,region_32,Bachelors,f,other,3,31,1.0,6,0,0,51
57463,Technology,region_33,Bachelors,m,other,1,30,3.0,3,1,0,76
24068,Finance,region_8,Bachelors,f,other,1,30,3.0,7,1,0,60
8443,R&D,region_22,Masters & above,m,other,2,27,4.0,5,0,0,86
7199,Sales & Marketing,region_26,Bachelors,m,other,1,30,5.0,3,1,0,48
24148,Analytics,region_23,Bachelors,m,sourcing,1,26,,1,1,0,85
9943,Operations,region_15,Bachelors,f,other,2,33,3.0,6,1,0,59
50629,Sales & Marketing,region_23,,m,sourcing,1,39,5.0,4,1,0,47
35511,Operations,region_2,Bachelors,f,other,1,35,5.0,6,0,0,59
27761,Finance,region_13,Bachelors,f,other,1,27,1.0,2,0,0,57
1415,Technology,region_2,Bachelors,m,other,1,24,,1,0,0,76
13266,Procurement,region_13,Bachelors,m,other,1,30,2.0,6,0,0,71
57484,Technology,region_13,Masters & above,m,other,1,56,3.0,30,0,0,78
45471,Technology,region_24,Bachelors,m,other,1,25,3.0,2,0,0,83
67059,Operations,region_11,Bachelors,f,other,1,28,5.0,3,0,0,63
16512,Sales & Marketing,region_6,Bachelors,m,sourcing,1,34,2.0,3,0,0,46
60324,Sales & Marketing,region_2,Bachelors,m,other,1,54,5.0,15,1,0,47
61851,Sales & Marketing,region_33,Bachelors,m,sourcing,1,33,5.0,5,1,0,55
47077,Operations,region_1,Masters & above,m,sourcing,1,31,3.0,5,0,0,58
77333,Operations,region_2,Bachelors,f,other,1,54,4.0,22,0,0,57
23627,Operations,region_19,Masters & above,m,sourcing,1,53,3.0,6,1,0,57
25814,Sales & Marketing,region_7,Bachelors,m,sourcing,1,48,1.0,4,0,0,49
6521,Sales & Marketing,region_7,Bachelors,m,sourcing,1,26,,1,0,0,46
67646,Operations,region_22,Bachelors,m,other,1,41,4.0,12,0,0,60
40593,Procurement,region_2,Masters & above,f,sourcing,1,50,4.0,15,0,0,70
70855,Analytics,region_22,Bachelors,m,sourcing,2,28,4.0,5,0,0,91
57805,Procurement,region_10,Masters & above,f,other,1,38,3.0,2,1,0,71
52894,Sales & Marketing,region_2,Bachelors,f,other,1,33,,1,0,0,51
41363,Analytics,region_31,Bachelors,f,other,1,35,3.0,8,0,0,86
25755,Technology,region_34,Bachelors,m,other,1,30,4.0,4,1,0,81
62868,Sales & Marketing,region_20,Bachelors,f,sourcing,1,30,5.0,5,0,0,44
6334,Procurement,region_31,Bachelors,f,other,1,31,1.0,6,0,0,73
18154,Procurement,region_2,Bachelors,f,other,2,33,2.0,5,1,0,72
32013,Legal,region_15,Bachelors,m,sourcing,1,40,3.0,3,0,0,63
41156,Sales & Marketing,region_25,Bachelors,m,sourcing,1,28,,1,0,0,50
61502,HR,region_20,Bachelors,f,other,1,30,5.0,3,0,0,49
73751,Operations,region_26,Bachelors,f,sourcing,1,33,5.0,5,0,0,58
33645,Operations,region_7,Bachelors,m,sourcing,1,48,4.0,8,0,0,54
24911,Sales & Marketing,region_2,Bachelors,f,other,1,51,4.0,3,0,0,51
70212,Procurement,region_2,Masters & above,m,sourcing,1,41,3.0,12,1,0,69
25183,Procurement,region_16,Bachelors,m,other,1,56,4.0,9,1,0,70
9231,Operations,region_29,Masters & above,m,sourcing,1,47,5.0,4,1,0,55
63745,Sales & Marketing,region_21,Masters & above,m,other,1,38,5.0,4,1,0,47
76408,Sales & Marketing,region_32,Bachelors,m,sourcing,1,26,3.0,2,0,0,50
59227,Analytics,region_25,Masters & above,m,sourcing,1,35,4.0,7,1,0,86
4161,Finance,region_2,Masters & above,m,other,1,33,5.0,7,0,0,55
27007,Technology,region_27,Below Secondary,f,sourcing,2,23,,1,1,0,79
62133,Procurement,region_2,Bachelors,f,other,1,38,3.0,2,0,0,70
13005,HR,region_2,Bachelors,m,other,1,27,,1,0,0,48
48316,Sales & Marketing,region_2,Masters & above,m,other,1,35,5.0,11,1,0,51
71650,Procurement,region_33,Masters & above,f,other,1,41,3.0,14,0,0,64
13282,Operations,region_30,Bachelors,m,other,1,33,5.0,3,1,0,57
9039,Operations,region_13,Masters & above,f,other,1,37,1.0,6,0,0,64
70057,Sales & Marketing,region_2,Masters & above,m,other,1,36,5.0,6,1,0,47
40076,Sales & Marketing,region_2,,f,other,1,34,2.0,4,0,0,50
